inventoryItemId,cardTraderId,blueprintId,game,setCode,name,condition,isFoil,price,totalQuantity,bin,row,locationQuantity
69e535b59ca1ed48e7d99c37,409244243,,1,mkm,A Killer Among Us,Near Mint,FALSE,0.05,3,Bin 5,8,1
69e535b59ca1ed48e7d99c37,409244243,,1,mkm,A Killer Among Us,Near Mint,FALSE,0.05,3,Bin 5,36,2
69efe9384ff24d3a84876e72,411358538,,1,snc,A Little Chat,Near Mint,FALSE,0.03,1,Bin 7,20,1
69af68b234ce719e27b743cf,398052938,,1,tla,Aang's Journey,Near Mint,FALSE,0.03,4,Bin 6,17,2
69af68b234ce719e27b743cf,398052938,,1,tla,Aang's Journey,Near Mint,FALSE,0.03,4,Bin 6,29,2
69af6d5f34ce719e27b744ab,398148027,,1,tle,"Aang, A Lot to Learn",NM,FALSE,0.09,1,Bin 6,18,1
699b75ae34ce719e27b6e5b3,393858090,,1,tla,"Aang, the Last Airbender",NM,FALSE,0.05,1,Bin 6,8,1
69af6d5d34ce719e27b7447f,398147711,,1,tla,Abandon Attachments,Near Mint,FALSE,0.03,0,,,
69e534549ca1ed48e7d99bbc,409242924,,1,mid,Abandon the Post,Near Mint,FALSE,0.03,0,,,
69e9359a7ecc73c161d911b1,410018258,,1,dsk,Abandoned Campground,Near Mint,FALSE,0.05,1,Bin 1,37,1
69e427ca9ca1ed48e7d9923e,409088132,,1,ktk,Abomination of Gudul,Near Mint,FALSE,0.05,6,Bin 5,9,6
69e534469ca1ed48e7d99af5,409242770,,1,fdn,Abrade,Near Mint,FALSE,0.03,0,,,
69c32dbd9ca1ed48e7d90b79,402049699,,1,lci,Abrade,Near Mint,FALSE,0.07,7,Bin 1,5,7
69e535b89ca1ed48e7d99c61,409244276,,1,mkm,Absolving Lammasu,Near Mint,FALSE,0.03,2,Bin 5,8,1
69e535b89ca1ed48e7d99c61,409244276,,1,mkm,Absolving Lammasu,Near Mint,FALSE,0.03,2,Bin 5,36,1
69e53ab49ca1ed48e7d99d52,409246483,,1,ogw,Abstruse Interference,Near Mint,FALSE,0.03,6,Bin 5,29,6
69e93a287ecc73c161d921b4,410020569,,1,ogw,Abstruse Interference,Near Mint,TRUE,0.1,1,Bin 7,10,1
69b0bf1c9ca1ed48e7d8b557,398394949,,1,ktk,Abzan Banner,Near Mint,FALSE,0.03,10,Bin 6,33,3
69b0bf1c9ca1ed48e7d8b557,398394949,,1,ktk,Abzan Banner,Near Mint,FALSE,0.03,10,Bin 6,37,1
69b0bf1c9ca1ed48e7d8b557,398394949,,1,ktk,Abzan Banner,Near Mint,FALSE,0.03,10,Bin 5,9,6
69e957d17ecc73c161d987dc,410039908,,1,tdm,Abzan Devotee,Near Mint,FALSE,0.05,2,Bin 7,12,2
69e427ca9ca1ed48e7d9923b,409088131,,1,ktk,Abzan Guide,Near Mint,FALSE,0.03,8,Bin 5,9,8
69ed5f1179f49147a08131cc,410865265,,1,ktk,Abzan Guide,Near Mint,TRUE,0.05,1,Bin 7,17,1
699bbb7e34ce719e27b6ec76,393884998,,1,frf,Abzan Skycaptain,NM,FALSE,0.05,1,Bin 6,10,1
69e7dda99ca1ed48e7d9b023,409778111,,1,kld,Accomplished Automaton,Near Mint,FALSE,0.05,1,Bin 7,5,1
699b7d3c34ce719e27b6e7ff,393860727,,1,mh3,Accursed Marauder,NM,TRUE,0.15,0,,,
69e7ea149ca1ed48e7d9b298,409784021,,1,soi,Accursed Witch // Infectious Curse,Near Mint,TRUE,0.35,1,Bin 7,8,1
69b04eb39ca1ed48e7d8aed8,398299259,,1,soi,Accursed Witch // Infectious Curse,Near Mint,FALSE,0.23,1,Bin 6,27,1
69c322e89ca1ed48e7d90aaf,402044518,,1,lci,Acolyte of Aclazotz,Near Mint,FALSE,0.04,7,Bin 1,2,7
699b7d3334ce719e27b6e757,393860681,,1,tor,Acorn Harvest,LP,FALSE,0.9,0,,,
699b7d3134ce719e27b6e734,393860669,,1,tor,Acorn Harvest,LP,FALSE,0.95,0,,,
69e934c27ecc73c161d90f48,410017676,,1,dsk,Acrobatic Cheerleader,Near Mint,FALSE,0.03,15,Bin 1,36,15
69c34bfc9ca1ed48e7d90c32,402068382,,1,lci,Acrobatic Leap,Near Mint,FALSE,0.03,4,Bin 1,6,4
69af68b634ce719e27b74407,398052957,,1,tle,Acrobatic Leap,NM,FALSE,0.06,1,Bin 6,17,1
69e7dda29ca1ed48e7d9af9b,409778059,,1,kld,Acrobatic Maneuver,Near Mint,TRUE,0.1,0,,,
69e41c889ca1ed48e7d98fde,409079435,,1,kld,Acrobatic Maneuver,Near Mint,FALSE,0.03,1,Bin 5,1,1
69b0c7639ca1ed48e7d8b6b1,398398116,,1,gtc,Act of Treason,Near Mint,FALSE,0.04,2,Bin 6,33,2
69ed5f1b79f49147a081335e,410865353,,1,ktk,Act of Treason,Near Mint,TRUE,0.05,1,Bin 7,17,1
69b0c7639ca1ed48e7d8b6ae,398398115,,1,ktk,Act of Treason,Near Mint,FALSE,0.03,4,Bin 6,33,1
69b0c7639ca1ed48e7d8b6ae,398398115,,1,ktk,Act of Treason,Near Mint,FALSE,0.03,4,Bin 5,7,3
69b0c7639ca1ed48e7d8b6ab,398398114,,1,ori,Act of Treason,Near Mint,FALSE,0.03,0,,,
69e427c69ca1ed48e7d99208,409088116,,1,vow,Adamant Will,Near Mint,FALSE,0.03,2,Bin 5,9,2
69c34bfc9ca1ed48e7d90c2f,402068381,,1,lci,Adaptive Gemguard,Near Mint,FALSE,0.03,5,Bin 1,6,5
69af518434ce719e27b7411e,397759295,,1,iko,Adaptive Shimmerer,NM,FALSE,0.03,5,Bin 6,14,2
69af518434ce719e27b7411e,397759295,,1,iko,Adaptive Shimmerer,NM,FALSE,0.03,5,Bin 6,15,2
69af518434ce719e27b7411e,397759295,,1,iko,Adaptive Shimmerer,NM,FALSE,0.03,5,Bin 6,20,1
69b0b7a29ca1ed48e7d8b39f,398391700,,1,gtc,Adaptive Snapjaw,Near Mint,FALSE,0.03,1,Bin 6,31,1
699b75a734ce719e27b6e52f,393857987,,1,fin,Adelbert Steiner,NM,FALSE,0.05,1,Bin 6,4,1
69eea6d22f009c9bc4d748a2,411068533,,1,dft,Adrenaline Jockey,Near Mint,FALSE,0.04,1,Bin 7,19,1
699b796734ce719e27b6e6dc,393859697,,1,fin,Adventurer's Airship,NM,TRUE,0.15,1,Bin 6,3,1
699a9e1434ce719e27b6e036,393639352,,1,fin,Adventurer's Airship,NM,FALSE,0.04,0,,,
69eea6d62f009c9bc4d748ea,411068553,,1,fin,Adventurer's Airship,Near Mint,FALSE,0.03,3,Bin 7,19,3
699a9e1734ce719e27b6e064,393639366,,1,fin,Adventurer's Inn,NM,FALSE,0.06,15,Bin 6,6,1
699a9e1734ce719e27b6e064,393639366,,1,fin,Adventurer's Inn,NM,FALSE,0.06,15,Bin 6,9,14
69b08a929ca1ed48e7d8b08d,398342971,,1,zen,Adventuring Gear,Near Mint,FALSE,0.09,1,Bin 6,28,1
69b0bf239ca1ed48e7d8b5b5,398394990,,1,dom,Adventurous Impulse,Near Mint,FALSE,0.03,2,Bin 6,33,1
69b0bf239ca1ed48e7d8b5b5,398394990,,1,dom,Adventurous Impulse,Near Mint,FALSE,0.03,2,Bin 6,38,1
69e43db79ca1ed48e7d9962a,409102109,,1,aer,Aegis Automaton,Near Mint,FALSE,0.03,7,Bin 5,24,6
69e43db79ca1ed48e7d9962a,409102109,,1,aer,Aegis Automaton,Near Mint,FALSE,0.03,7,Bin 5,25,1
69e7e0a49ca1ed48e7d9b0dc,409779799,,1,fdn,Aegis Turtle,Near Mint,TRUE,0.1,1,Bin 7,6,1
69e7e0a49ca1ed48e7d9b0df,409779800,,1,fdn,Aegis Turtle,Near Mint,FALSE,0.03,1,Bin 7,6,1
69e9185f7ecc73c161d8af23,409994857,,1,m20,Aerial Assault,Near Mint,FALSE,0.05,1,Bin 1,22,1
69e7ce2a9ca1ed48e7d9adcb,409769247,,1,aer,Aerial Modification,Near Mint,FALSE,0.05,2,Bin 7,2,2
699b7d3434ce719e27b6e769,393860688,,1,mh3,Aerie Auxiliary,NM,FALSE,0.05,2,Bin 6,2,2
69af4ea334ce719e27b7409b,397738667,,1,fin,Aerith Rescue Mission,NM,FALSE,0.03,11,Bin 6,12,11
69eea6d62f009c9bc4d748e0,411068551,,1,fin,Aerith Rescue Mission,Near Mint,FALSE,0.04,4,Bin 7,19,4
699b796134ce719e27b6e677,393859664,,1,fin,Aerith Rescue Mission,NM,FALSE,0.05,4,Bin 6,3,3
699b796134ce719e27b6e677,393859664,,1,fin,Aerith Rescue Mission,NM,FALSE,0.05,4,Bin 6,1,1
69e439cd9ca1ed48e7d9959a,409100240,,1,aer,Aeronaut Admiral,Near Mint,FALSE,0.05,5,Bin 5,21,4
69e439cd9ca1ed48e7d9959a,409100240,,1,aer,Aeronaut Admiral,Near Mint,FALSE,0.05,5,Bin 7,4,1
69b0bf1e9ca1ed48e7d8b56b,398394958,,1,dom,Aesthir Glider,Near Mint,FALSE,0.03,1,Bin 6,33,1
69e43bdb9ca1ed48e7d995f8,409101628,,1,aer,Aether Chaser,Near Mint,FALSE,0.03,6,Bin 5,23,6
69af734a9a9ce4ef7aed3cee,398165936,,1,stx,Aether Helix,Near Mint,FALSE,0.04,2,Bin 6,20,1
69af734a9a9ce4ef7aed3cee,398165936,,1,stx,Aether Helix,Near Mint,FALSE,0.04,2,Bin 6,27,1
69b0cca89ca1ed48e7d8b7b9,398401855,,1,aer,Aether Herder,Near Mint,FALSE,0.03,0,,,
69e41db29ca1ed48e7d98ffc,409079839,,1,kld,Aether Meltdown,Near Mint,FALSE,0.05,4,Bin 5,2,4
69e43bdc9ca1ed48e7d99616,409101638,,1,aer,Aether Poisoner,Near Mint,FALSE,0.03,11,Bin 5,23,8
69e43bdc9ca1ed48e7d99616,409101638,,1,aer,Aether Poisoner,Near Mint,FALSE,0.03,11,Bin 7,2,3
69e41db29ca1ed48e7d98ff9,409079838,,1,kld,Aether Theorist,Near Mint,FALSE,0.03,10,Bin 5,2,8
69e41db29ca1ed48e7d98ff9,409079838,,1,kld,Aether Theorist,Near Mint,FALSE,0.03,10,Bin 7,5,2
69b0bb229ca1ed48e7d8b4b7,398393254,,1,kld,Aether Tradewinds,Near Mint,FALSE,0.03,10,Bin 6,32,2
69b0bb229ca1ed48e7d8b4b7,398393254,,1,kld,Aether Tradewinds,Near Mint,FALSE,0.03,10,Bin 5,2,8
69b0bb219ca1ed48e7d8b4b4,398393252,,1,m19,Aether Tunnel,Near Mint,FALSE,0.88,0,,,
69e41ed19ca1ed48e7d99024,409080143,,1,kld,Aetherborn Marauder,Near Mint,FALSE,0.03,0,,,
69b0a9e29ca1ed48e7d8b274,398363695,,1,lcc,Aetherize,Near Mint,FALSE,0.55,1,Bin 6,29,1
69af86d99ca1ed48e7d8a71a,398181812,,1,m19,Aethershield Artificer,Near Mint,FALSE,0.03,4,Bin 6,22,3
69af86d99ca1ed48e7d8a71a,398181812,,1,m19,Aethershield Artificer,Near Mint,FALSE,0.03,4,Bin 6,33,1
69e7ede89ca1ed48e7d9b3c3,409786026,,1,uma,Aethersnipe,Near Mint,TRUE,0.1,1,Bin 7,9,1
69b0cca89ca1ed48e7d8b7bc,398401856,,1,aer,Aetherstream Leopard,Near Mint,FALSE,0.03,0,,,
69e4201b9ca1ed48e7d9907f,409080699,,1,kld,Aethertorch Renegade,Near Mint,FALSE,0.03,0,,,
69e920c97ecc73c161d8cb32,410003512,,1,blb,Agate Assault,Near Mint,FALSE,0.03,11,Bin 1,26,11
69e91cf97ecc73c161d8bea4,410001541,,1,blb,Agate-Blade Assassin,Near Mint,FALSE,0.03,3,Bin 1,24,3
69e53d299ca1ed48e7d99e01,409247568,,1,mkm,Agency Coroner,Near Mint,FALSE,0.03,9,Bin 5,30,1
69e53d299ca1ed48e7d99e01,409247568,,1,mkm,Agency Coroner,Near Mint,FALSE,0.03,9,Bin 5,31,2
69e53d299ca1ed48e7d99e01,409247568,,1,mkm,Agency Coroner,Near Mint,FALSE,0.03,9,Bin 5,34,3
69e53d299ca1ed48e7d99e01,409247568,,1,mkm,Agency Coroner,Near Mint,FALSE,0.03,9,Bin 5,35,3
69e8fe627ecc73c161d85e29,409950464,,1,mkm,Agency Coroner,Near Mint,FALSE,0.02,14,Bin 1,8,14
69e535b89ca1ed48e7d99c6a,409244283,,1,mkm,Agency Outfitter,Near Mint,FALSE,0.05,1,Bin 5,8,1
69b0c75f9ca1ed48e7d8b66a,398398095,,1,rix,Aggressive Urge,Near Mint,FALSE,0.04,4,Bin 6,33,1
69b0c75f9ca1ed48e7d8b66a,398398095,,1,rix,Aggressive Urge,Near Mint,FALSE,0.04,4,Bin 6,34,3
69e4307e9ca1ed48e7d99449,409093675,,1,akh,Ahn-Crop Champion,Near Mint,FALSE,0.05,3,Bin 5,15,3
69e42c269ca1ed48e7d99337,409090850,,1,akh,Ahn-Crop Crasher,Near Mint,FALSE,0.05,4,Bin 5,12,4
699a9e1e34ce719e27b6e0f4,393639409,,1,fin,Ahriman,NM,FALSE,0.04,1,Bin 6,6,1
699bb19634ce719e27b6e94f,393880596,,1,fin,Ahriman,NM,TRUE,0.15,1,Bin 6,7,1
69af4fdd34ce719e27b740d7,397758047,,1,fin,Ahriman,NM,FALSE,0.03,13,Bin 6,13,13
69e427c59ca1ed48e7d991f6,409088110,,1,vow,Aim for the Head,Near Mint,FALSE,0.03,1,Bin 5,9,1
69efe9354ff24d3a84876ddc,411358514,,1,dtk,Ainok Artillerist,Near Mint,TRUE,0.1,1,Bin 7,20,1
69e4218b9ca1ed48e7d990b0,409081249,,1,ktk,Ainok Bond-Kin,Near Mint,FALSE,0.05,6,Bin 5,5,6
69e4244a9ca1ed48e7d99153,409082820,,1,ktk,Ainok Tracker,Near Mint,FALSE,0.03,6,Bin 5,7,5
69e4244a9ca1ed48e7d99153,409082820,,1,ktk,Ainok Tracker,Near Mint,FALSE,0.03,6,Bin 7,17,1
69af68b834ce719e27b74425,398052967,,1,tla,Air Nomad Legacy,NM,FALSE,0.06,1,Bin 6,17,1
699bb5c434ce719e27b6ea90,393882045,,1,tle,Air Nomad Student,NM,FALSE,0.16,1,Bin 6,8,1
69e91b477ecc73c161d8b92a,409999677,,1,afr,Air-Cult Elemental,Near Mint,FALSE,0.05,3,Bin 1,23,3
699b75ae34ce719e27b6e5b6,393858091,,1,tla,Airbender's Reversal,NM,FALSE,0.05,1,Bin 6,4,1
69af68ab34ce719e27b74344,398052884,,1,tla,Airbender's Reversal,NM,FALSE,0.06,1,Bin 6,17,1
699bb5c734ce719e27b6eac2,393882059,,1,tla,Airbending Lesson,NM,FALSE,0.03,2,Bin 6,8,1
699bb5c734ce719e27b6eac2,393882059,,1,tla,Airbending Lesson,NM,FALSE,0.03,2,Bin 6,17,1
69e439cd9ca1ed48e7d99597,409100239,,1,aer,Airdrop Aeronauts,Near Mint,FALSE,0.05,4,Bin 5,21,4
699b75aa34ce719e27b6e56e,393858061,,1,fin,Airship Crash,NM,FALSE,0.05,4,Bin 6,4,1
699b75aa34ce719e27b6e56e,393858061,,1,fin,Airship Crash,NM,FALSE,0.05,4,Bin 6,3,3
69af6d5f34ce719e27b744a8,398148011,,1,tla,Airship Engine Room,NM,FALSE,0.04,1,Bin 6,18,1
69e53d269ca1ed48e7d99dd0,409247555,,1,mkm,Airtight Alibi,Near Mint,FALSE,0.05,9,Bin 5,30,2
69e53d269ca1ed48e7d99dd0,409247555,,1,mkm,Airtight Alibi,Near Mint,FALSE,0.05,9,Bin 5,31,2
69e53d269ca1ed48e7d99dd0,409247555,,1,mkm,Airtight Alibi,Near Mint,FALSE,0.05,9,Bin 5,33,2
69e53d269ca1ed48e7d99dd0,409247555,,1,mkm,Airtight Alibi,Near Mint,FALSE,0.05,9,Bin 5,34,1
69e53d269ca1ed48e7d99dd0,409247555,,1,mkm,Airtight Alibi,Near Mint,FALSE,0.05,9,Bin 5,35,2
69e900687ecc73c161d863a8,409951407,,1,mkm,Airtight Alibi,Near Mint,FALSE,0.03,7,Bin 1,10,7
69b0cca19ca1ed48e7d8b756,398401796,,1,aer,Ajani's Comrade,Near Mint,FALSE,0.1,1,Bin 6,34,1
69b0b79f9ca1ed48e7d8b35d,398391678,,1,cns,Ajani's Sunstriker,Near Mint,FALSE,0.04,1,Bin 6,31,1
69af518534ce719e27b74124,397759297,,1,cneo,Akki Ronin,NM,FALSE,0.04,1,Bin 6,14,1
69e53d2c9ca1ed48e7d99e2e,409247580,,1,ogw,Akoum Flameseeker,Near Mint,FALSE,0.03,9,Bin 5,30,9
69af542034ce719e27b7415f,397764511,,1,znr,Akoum Hellhound,NM,FALSE,0.03,1,Bin 6,15,1
699bbb7d34ce719e27b6ec5e,393884983,,1,c18,Akoum Refuge,NM,FALSE,0.18,1,Bin 6,10,1
69b0d34e9ca1ed48e7d8b86b,398404121,,1,ddk,Akoum Refuge,Near Mint,FALSE,0.04,0,,,
69af918a9ca1ed48e7d8a827,398187804,,1,zen,Akoum Refuge,Near Mint,FALSE,0.09,6,Bin 6,23,1
69af918a9ca1ed48e7d8a827,398187804,,1,zen,Akoum Refuge,Near Mint,FALSE,0.09,6,Bin 6,28,5
69e7ea1c9ca1ed48e7d9b32e,409784094,,1,ths,Akroan Crusader,Near Mint,TRUE,0.15,1,Bin 7,8,1
69b042619ca1ed48e7d8ac6f,398289273,,1,bng,Akroan Skyguard,Near Mint,TRUE,0.5,0,,,
69e4218b9ca1ed48e7d990ad,409081248,,1,ktk,Alabaster Kirin,Near Mint,FALSE,0.05,6,Bin 5,5,6
69e920c97ecc73c161d8cb2f,410003511,,1,blb,Alania's Pathmaker,Near Mint,FALSE,0.03,8,Bin 1,26,8
69e539379ca1ed48e7d99d20,409246148,,1,emn,Alchemist's Greeting,Near Mint,FALSE,0.03,3,Bin 5,28,3
69e957d17ecc73c161d987cd,410039903,,1,tdm,Alesha's Legacy,Near Mint,FALSE,0.05,2,Bin 7,12,2
69e53d259ca1ed48e7d99dca,409247553,,1,mkm,Alley Assailant,Near Mint,FALSE,0.02,17,Bin 5,30,1
69e53d259ca1ed48e7d99dca,409247553,,1,mkm,Alley Assailant,Near Mint,FALSE,0.02,17,Bin 5,31,1
69e53d259ca1ed48e7d99dca,409247553,,1,mkm,Alley Assailant,Near Mint,FALSE,0.02,17,Bin 5,32,2
69e53d259ca1ed48e7d99dca,409247553,,1,mkm,Alley Assailant,Near Mint,FALSE,0.02,17,Bin 5,33,2
69e53d259ca1ed48e7d99dca,409247553,,1,mkm,Alley Assailant,Near Mint,FALSE,0.02,17,Bin 5,34,2
69e53d259ca1ed48e7d99dca,409247553,,1,mkm,Alley Assailant,Near Mint,FALSE,0.02,17,Bin 5,35,2
69e53d259ca1ed48e7d99dca,409247553,,1,mkm,Alley Assailant,Near Mint,FALSE,0.02,17,Bin 1,8,6
69e53d259ca1ed48e7d99dca,409247553,,1,mkm,Alley Assailant,Near Mint,FALSE,0.02,17,Bin 1,9,1
69b0bf199ca1ed48e7d8b51f,398394928,,1,aer,Alley Evasion,Near Mint,FALSE,0.03,1,Bin 6,33,1
69b0425e9ca1ed48e7d8ac37,398289253,,1,aer,Alley Evasion,Near Mint,TRUE,0.1,1,Bin 6,25,1
69e439cc9ca1ed48e7d99594,409100238,,1,aer,Alley Evasion,Near Mint,FALSE,0.05,7,Bin 5,21,7
69e43bdc9ca1ed48e7d99613,409101637,,1,aer,Alley Strangler,Near Mint,FALSE,0.03,9,Bin 5,23,8
69e43bdc9ca1ed48e7d99613,409101637,,1,aer,Alley Strangler,Near Mint,FALSE,0.03,9,Bin 7,2,1
69e93a2b7ecc73c161d921e6,410020598,,1,ogw,Allied Reinforcements,Near Mint,FALSE,0.05,1,Bin 7,10,1
69e425919ca1ed48e7d991b3,409083536,,1,ktk,Alpine Grizzly,Near Mint,FALSE,0.05,5,Bin 5,8,5
69e432ef9ca1ed48e7d994a7,409094953,,1,bfz,Altar's Reap,Near Mint,FALSE,0.05,0,,,
69af6d5d34ce719e27b74479,398147679,,1,spm,Amazing Acrobatics,NM,FALSE,0.04,1,Bin 6,18,1
69c321959ca1ed48e7d90a3a,402043034,,1,a25,Ambassador Oak,Near Mint,FALSE,0.04,1,Bin 1,1,1
69e41ed19ca1ed48e7d99021,409080142,,1,kld,Ambitious Aetherborn,Near Mint,FALSE,0.03,8,Bin 5,3,8
69e534569ca1ed48e7d99be2,409242954,,1,mid,Ambitious Farmhand // Seasoned Cathar,Near Mint,FALSE,0.09,1,Bin 5,27,1
699b796634ce719e27b6e6d0,393859693,,1,cfin,Ambrosia Whiteheart,NM,FALSE,0.44,0,,,
69eea6d42f009c9bc4d748c5,411068544,,1,fin,Ambrosia Whiteheart,Near Mint,FALSE,0.04,3,Bin 7,19,3
699b7e0c34ce719e27b6e82b,393861408,,1,fin,Ambrosia Whiteheart,NM,FALSE,0.05,0,,,
69b0c75f9ca1ed48e7d8b66d,398398096,,1,hou,Ambuscade,Near Mint,FALSE,0.03,2,Bin 6,33,1
69b0c75f9ca1ed48e7d8b66d,398398096,,1,hou,Ambuscade,Near Mint,FALSE,0.03,2,Bin 7,1,1
69efe93f4ff24d3a84876f79,411358581,,1,dtk,Ambuscade Shaman,Near Mint,FALSE,0.05,1,Bin 7,20,1
69e905387ecc73c161d87294,409963112,,1,otj,Ambush Gigapede,Near Mint,FALSE,0.04,13,Bin 1,14,13
69e7e4d79ca1ed48e7d9b1ef,409782011,,1,inr,Ambush Viper,Near Mint,FALSE,0.06,1,Bin 7,7,1
69af518334ce719e27b7410f,397759289,,1,cmr,Amorphous Axe,NM,FALSE,0.03,1,Bin 6,14,1
69e7ea159ca1ed48e7d9b2b6,409784049,,1,tsp,Amrou Seekers,Near Mint,TRUE,0.15,1,Bin 7,8,1
69c32dbd9ca1ed48e7d90b76,402049698,,1,lci,Ancestors' Aid,Near Mint,FALSE,0.04,0,,,
69af6d6834ce719e27b7453f,398148894,,1,cmr,Ancestral Blade,NM,FALSE,0.03,1,Bin 6,18,1
69c323dc9ca1ed48e7d90aef,402044762,,1,lci,Ancestral Reminiscence,Near Mint,FALSE,0.04,7,Bin 1,3,7
69b0cca89ca1ed48e7d8b7bf,398401857,,1,xln,Ancient Brontodon,Near Mint,FALSE,0.03,2,Bin 6,34,2
69e96e597ecc73c161d9d711,410048690,,1,akh,Ancient Crab,Near Mint,FALSE,0.03,1,Bin 7,15,1
69e4293e9ca1ed48e7d9925f,409089671,,1,akh,Ancient Crab,Near Mint,FALSE,0.05,3,Bin 5,10,3
69b0bb1a9ca1ed48e7d8b44d,398393215,,1,akh,Ancient Crab,Near Mint,FALSE,0.03,2,Bin 6,32,2
69e53ab39ca1ed48e7d99d43,409246477,,1,ogw,Ancient Crab,Near Mint,FALSE,0.03,6,Bin 5,29,6
69b0b7a49ca1ed48e7d8b3ba,398391709,,1,m19,Angel of the Dawn,Near Mint,FALSE,0.03,1,Bin 6,31,1
69b0dd059ca1ed48e7d8ba82,398420441,,1,avr,Angel's Tomb,Near Mint,FALSE,0.04,3,Bin 6,37,3
69b03d1f9ca1ed48e7d8ab67,398283182,,1,mh2,Angelic Curator,Near Mint,FALSE,0.03,2,Bin 6,24,2
69b0bb1b9ca1ed48e7d8b456,398393218,,1,akh,Angler Drake,Near Mint,FALSE,0.03,1,Bin 6,32,1
699bb5c934ce719e27b6eaea,393882067,,1,spm,Angry Rabble,NM,FALSE,0.03,2,Bin 6,8,2
69b04eb89ca1ed48e7d8af3e,398299295,,1,celd,Animating Faerie // Bring to Life,Near Mint,FALSE,0.04,2,Bin 6,27,2
69e9070f7ecc73c161d8783e,409964027,,1,otj,Ankle Biter,Near Mint,FALSE,0.05,13,Bin 1,16,6
69e9070f7ecc73c161d8783e,409964027,,1,otj,Ankle Biter,Near Mint,FALSE,0.05,13,Bin 1,17,7
69b0c7619ca1ed48e7d8b68a,398398103,,1,rtr,Annihilating Fire,Near Mint,FALSE,0.03,1,Bin 6,33,1
69b04eae9ca1ed48e7d8ae80,398299181,,1,mh3,Annoyed Altisaur,Near Mint,FALSE,0.08,0,,,
699b796534ce719e27b6e6bf,393859688,,1,mh3,Annoyed Altisaur,NM,FALSE,0.03,0,,,
69e429439ca1ed48e7d992af,409089704,,1,akh,Anointer Priest,Near Mint,FALSE,0.05,3,Bin 5,10,3
69c322e89ca1ed48e7d90aac,402044517,,1,lci,Another Chance,Near Mint,FALSE,0.04,2,Bin 1,2,2
69af6d6834ce719e27b7453c,398148879,,1,snc,Antagonize,NM,FALSE,0.03,1,Bin 6,18,1
69e932317ecc73c161d9065e,410016263,,1,dsk,Anthropede,Near Mint,FALSE,0.03,18,Bin 1,33,18
69efe9384ff24d3a84876e66,411358536,,1,dtk,Anticipate,Near Mint,FALSE,0.05,1,Bin 7,20,1
69e7ea1d9ca1ed48e7d9b340,409784104,,1,ths,Anvilwrought Raptor,Near Mint,TRUE,0.15,1,Bin 7,8,1
69b0b79f9ca1ed48e7d8b35a,398391677,,1,cns,Apex Hawks,Near Mint,FALSE,0.04,4,Bin 6,31,4
69eea6d32f009c9bc4d748b4,411068539,,1,dft,Apocalypse Runner,Near Mint,FALSE,0.04,1,Bin 7,19,1
69e7e09d9ca1ed48e7d9b07d,409779769,,1,fdn,Apothecary Stomper,Near Mint,FALSE,0.03,3,Bin 7,6,3
699bb5c534ce719e27b6ea95,393882046,,1,tla,"Appa, Loyal Sky Bison",NM,FALSE,0.03,1,Bin 6,8,1
699bbb7834ce719e27b6ec0a,393884955,,1,ecl,Appeal to Eirdu,NM,FALSE,0.05,1,Bin 6,10,1
69e92ebc7ecc73c161d8fa31,410013578,,1,dsk,Appendage Amalgam,Near Mint,FALSE,0.03,12,Bin 1,29,12
69e7e4d79ca1ed48e7d9b1f5,409782013,,1,avr,Appetite for Brains,Near Mint,TRUE,0.15,3,Bin 7,7,3
69af542034ce719e27b74162,397764513,,1,cmr,Aqueous Form,NM,FALSE,0.38,0,,,
69ed59c579f49147a0810261,410864045,,1,khm,Arachnoform,Near Mint,FALSE,0.02,1,Bin 7,16,1
69e9546a7ecc73c161d97b80,410037336,,1,tdm,Arashin Sunshield,Near Mint,FALSE,0.05,2,Bin 7,11,2
69e7ea189ca1ed48e7d9b2e0,409784066,,1,frf,Arashin War Beast,Near Mint,FALSE,0.05,1,Bin 7,8,1
69e420199ca1ed48e7d9905f,409080689,,1,kld,Arborback Stomper,Near Mint,FALSE,0.04,5,Bin 5,4,4
69e420199ca1ed48e7d9905f,409080689,,1,kld,Arborback Stomper,Near Mint,FALSE,0.04,5,Bin 7,4,1
69e91b427ecc73c161d8b8cd,409999611,,1,cafr,Arborea Pegasus,Near Mint,FALSE,0.05,2,Bin 1,23,2
69af848c9ca1ed48e7d8a697,398179353,,1,grn,Arboretum Elemental,Near Mint,FALSE,0.03,1,Bin 6,21,1
69ed5f1b79f49147a0813352,410865351,,1,ktk,Arc Lightning,Near Mint,FALSE,0.06,5,Bin 7,17,5
69efe9404ff24d3a84876fb0,411358590,,1,snc,Arc Spitter,Near Mint,FALSE,0.05,1,Bin 7,20,1
69b0bf1e9ca1ed48e7d8b574,398394962,,1,dom,Arcane Flight,Near Mint,FALSE,0.03,1,Bin 6,33,1
69e91b467ecc73c161d8b927,409999676,,1,afr,Arcane Investigator,Near Mint,FALSE,0.05,1,Bin 1,23,1
69af734d9a9ce4ef7aed3d31,398165966,,1,stx,Arcane Subtraction,NM,FALSE,0.03,1,Bin 6,20,1
69c31da29ca1ed48e7d909a3,402040057,,1,eld,Arcanist's Owl,Near Mint,TRUE,0.15,1,Bin 6,39,1
69af73469a9ce4ef7aed3caf,398165901,,1,eld,Arcanist's Owl,NM,FALSE,0.04,1,Bin 6,20,1
699b7d3634ce719e27b6e78e,393860699,,1,mh3,Arcbound Condor,NM,FALSE,0.05,1,Bin 6,2,1
69e425919ca1ed48e7d991b0,409083535,,1,ktk,Archers' Parapet,Near Mint,FALSE,0.03,5,Bin 5,8,5
69efe93b4ff24d3a84876ec4,411358552,,1,bng,Archetype of Aggression,Near Mint,FALSE,0.93,1,Bin 7,20,1
69b0d7f19ca1ed48e7d8b991,398406755,,1,thb,Archon of Falling Stars,Near Mint,TRUE,0.15,2,Bin 6,36,2
69af734a9a9ce4ef7aed3cfa,398165942,,1,thb,Archon of Falling Stars,NM,FALSE,0.03,1,Bin 6,20,1
69b0cca79ca1ed48e7d8b7ad,398401847,,1,rtr,Archweaver,Near Mint,FALSE,0.04,1,Bin 6,34,1
699b7d3234ce719e27b6e742,393860673,,1,pls,Arctic Merfolk,LP,FALSE,0.05,1,Bin 6,2,1
69e534549ca1ed48e7d99bc2,409242929,,1,mid,Ardent Elementalist,Near Mint,FALSE,0.09,1,Bin 5,27,1
69b042689ca1ed48e7d8acce,398289309,,1,celd,Ardenvale Tactician // Dizzying Swoop,Near Mint,FALSE,0.27,2,Bin 6,25,1
69b042689ca1ed48e7d8acce,398289309,,1,celd,Ardenvale Tactician // Dizzying Swoop,Near Mint,FALSE,0.27,2,Bin 6,26,1
69b0d7ec9ca1ed48e7d8b94c,398406712,,1,thb,Arena Trickster,Near Mint,TRUE,0.15,1,Bin 6,36,1
69efe9374ff24d3a84876e35,411358528,,1,war,Arlinn's Wolf,Near Mint,FALSE,0.02,1,Bin 7,20,1
69e420199ca1ed48e7d9905c,409080688,,1,kld,Armorcraft Judge,Near Mint,FALSE,0.06,4,Bin 5,4,4
69c324fd9ca1ed48e7d90b25,402045346,,1,lci,Armored Kincaller,Near Mint,FALSE,0.03,3,Bin 1,4,3
69b0d3539ca1ed48e7d8b8c1,398404143,,1,gtc,Armored Transport,Near Mint,FALSE,0.03,1,Bin 6,35,1
69edbdac2f009c9bc4cddf2f,410924406,,1,dgm,Armored Wolf-Rider,Near Mint,TRUE,0.1,1,Bin 7,18,1
69edbdac2f009c9bc4cddf35,410924408,,1,dgm,Armored Wolf-Rider,Near Mint,FALSE,0.05,1,Bin 7,18,1
69af91829ca1ed48e7d8a79b,398187759,,1,woe,Armory Mice,Near Mint,FALSE,0.03,2,Bin 6,23,1
69af91829ca1ed48e7d8a79b,398187759,,1,woe,Armory Mice,Near Mint,FALSE,0.03,2,Bin 6,24,1
69e534589ca1ed48e7d99bf9,409242971,,1,mid,Arrogant Outlaw,Near Mint,FALSE,0.03,2,Bin 5,27,2
69e4244a9ca1ed48e7d99150,409082819,,1,ktk,Arrow Storm,Near Mint,FALSE,0.05,1,Bin 5,7,1
69e7e4cf9ca1ed48e7d9b15a,409781953,,1,ori,Artificer's Epiphany,Near Mint,TRUE,0.1,1,Bin 7,7,1
69e965bb7ecc73c161d9b97c,410045384,,1,ltr,Arwen's Gift,Near Mint,FALSE,0.04,2,Bin 7,14,2
699b7e0b34ce719e27b6e828,393861407,,1,fin,"Ashe, Princess of Dalmasca",NM,FALSE,0.04,1,Bin 6,1,1
69b03d259ca1ed48e7d8abc8,398283214,,1,woe,Ashiok's Reaper,Near Mint,FALSE,0.06,1,Bin 6,24,1
69efe9394ff24d3a84876e96,411358544,,1,war,Ashiok's Skulker,Near Mint,FALSE,0.03,1,Bin 7,20,1
69e96e5e7ecc73c161d9d76a,410048717,,1,jou,Aspect of Gorgon,Near Mint,TRUE,0.15,1,Bin 7,15,1
69af6d6334ce719e27b744e9,398148410,,1,thb,Aspect of Lamprey,NM,FALSE,0.03,1,Bin 6,18,1
69b0d7ed9ca1ed48e7d8b95b,398406722,,1,thb,Aspect of Manticore,Near Mint,TRUE,0.1,2,Bin 6,36,2
69e7e4cf9ca1ed48e7d9b169,409781958,,1,ori,Aspiring Aeronaut,Near Mint,TRUE,0.1,1,Bin 7,7,1
69c321999ca1ed48e7d90a82,402043058,,1,a25,Assembly-Worker,Near Mint,FALSE,0.04,2,Bin 1,1,2
69efe9364ff24d3a84876e14,411358523,,1,snc,Attended Socialite,Near Mint,FALSE,0.03,1,Bin 7,20,1
69c34bfb9ca1ed48e7d90c2c,402068379,,1,lci,Attentive Sunscribe,Near Mint,FALSE,0.04,6,Bin 1,6,6
69b0cc9d9ca1ed48e7d8b71e,398401768,,1,kld,Attune with Aether,Near Mint,FALSE,0.03,6,Bin 7,4,4
69b0cc9d9ca1ed48e7d8b71e,398401768,,1,kld,Attune with Aether,Near Mint,FALSE,0.03,6,Bin 6,34,2
69e95c8a7ecc73c161d998d0,410042506,,1,xln,Atzocan Archer,Near Mint,FALSE,0.03,1,Bin 7,13,1
69b0b7a49ca1ed48e7d8b3bd,398391710,,1,aer,Audacious Infiltrator,Near Mint,FALSE,0.03,8,Bin 6,31,2
69b0b7a49ca1ed48e7d8b3bd,398391710,,1,aer,Audacious Infiltrator,Near Mint,FALSE,0.03,8,Bin 5,21,6
69c31d999ca1ed48e7d908ff,402040011,,1,rtr,Auger Spree,Near Mint,FALSE,0.03,1,Bin 6,39,1
69e43ed69ca1ed48e7d99697,409102781,,1,aer,Augmenting Automaton,Near Mint,FALSE,0.03,16,Bin 5,25,16
69ed59c979f49147a08102a5,410864068,,1,khm,Augury Raven,Near Mint,FALSE,0.03,1,Bin 7,16,1
69c321939ca1ed48e7d90a04,402043015,,1,a25,Auramancer,Near Mint,FALSE,0.04,1,Bin 1,1,1
69b08a979ca1ed48e7d8b0e0,398343028,,1,som,Auriok Sunchaser,Near Mint,TRUE,0.35,0,,,
69e93a257ecc73c161d9217c,410020546,,1,nph,Auriok Survivors,Near Mint,TRUE,0.15,0,,,
699b7e0b34ce719e27b6e825,393861406,,1,fin,Auron's Inspiration,NM,FALSE,0.04,1,Bin 6,1,1
69e54d429ca1ed48e7d99f81,409255067,,1,cmkm,Auspicious Arrival,Near Mint,FALSE,0.03,4,Bin 5,32,2
69e54d429ca1ed48e7d99f81,409255067,,1,cmkm,Auspicious Arrival,Near Mint,FALSE,0.03,4,Bin 5,33,2
69e541679ca1ed48e7d99ecf,409249330,,1,mkm,Auspicious Arrival,Near Mint,FALSE,0.03,9,Bin 5,31,1
69e541679ca1ed48e7d99ecf,409249330,,1,mkm,Auspicious Arrival,Near Mint,FALSE,0.03,9,Bin 1,12,8
69e7ea109ca1ed48e7d9b253,409783996,,1,soi,Autumnal Gloom // Ancient of the Equinox,Near Mint,FALSE,0.05,1,Bin 7,8,1
69e7ea129ca1ed48e7d9b27a,409784011,,1,soi,Avacynian Missionaries // Lunarch Inquisitors,Near Mint,FALSE,0.05,1,Bin 7,8,1
69e4293d9ca1ed48e7d99259,409089669,,1,akh,Aven Initiate,Near Mint,FALSE,0.05,7,Bin 5,10,6
69e4293d9ca1ed48e7d99259,409089669,,1,akh,Aven Initiate,Near Mint,FALSE,0.05,7,Bin 5,16,1
69e96e597ecc73c161d9d71a,410048693,,1,akh,Aven Initiate,Near Mint,TRUE,0.1,1,Bin 7,15,1
69b0bb1b9ca1ed48e7d8b459,398393220,,1,akh,Aven Initiate,Near Mint,FALSE,0.03,1,Bin 6,32,1
69e4307e9ca1ed48e7d99446,409093674,,1,akh,Aven Wind Guide,Near Mint,FALSE,0.11,5,Bin 5,15,5
69b0cca09ca1ed48e7d8b74d,398401791,,1,akh,Aven Wind Guide,Near Mint,FALSE,0.04,1,Bin 6,34,1
69e7dda29ca1ed48e7d9afa4,409778062,,1,rtr,Avenging Arrow,Near Mint,TRUE,0.1,1,Bin 7,5,1
69e7dda29ca1ed48e7d9afa7,409778063,,1,rtr,Avenging Arrow,Near Mint,FALSE,0.03,1,Bin 7,5,1
69e41c889ca1ed48e7d98fdb,409079434,,1,kld,Aviary Mechanic,Near Mint,FALSE,0.05,11,Bin 5,1,8
69e41c889ca1ed48e7d98fdb,409079434,,1,kld,Aviary Mechanic,Near Mint,FALSE,0.05,11,Bin 7,3,1
69e41c889ca1ed48e7d98fdb,409079434,,1,kld,Aviary Mechanic,Near Mint,FALSE,0.05,11,Bin 7,4,2
69b0b7a49ca1ed48e7d8b3c0,398391711,,1,kld,Aviary Mechanic,Near Mint,FALSE,0.03,2,Bin 6,31,2
69b0bb1b9ca1ed48e7d8b45c,398393221,,1,m19,Aviation Pioneer,Near Mint,FALSE,0.03,0,,,
69e425919ca1ed48e7d991ad,409083534,,1,ktk,Awaken the Bear,Near Mint,FALSE,0.05,9,Bin 5,8,9
69edbdb12f009c9bc4cddff9,410924466,,1,dgm,Awe for the Guilds,Near Mint,FALSE,0.03,2,Bin 7,18,2
69b0c7649ca1ed48e7d8b6b4,398398117,,1,dgm,Awe for the Guilds,Near Mint,FALSE,0.04,1,Bin 6,33,1
69ed59c079f49147a081020b,410864017,,1,khm,Axgard Braggart,Near Mint,FALSE,0.03,2,Bin 7,16,2
69e5344e9ca1ed48e7d99b66,409242860,,1,fdn,Axgard Cavalry,Near Mint,FALSE,0.03,3,Bin 7,6,2
69e5344e9ca1ed48e7d99b66,409242860,,1,fdn,Axgard Cavalry,Near Mint,FALSE,0.03,3,Bin 5,27,1
69e7dda39ca1ed48e7d9afb6,409778069,,1,rtr,Azorius Arrester,Near Mint,FALSE,0.05,1,Bin 7,5,1
69edbdb22f009c9bc4cde016,410924474,,1,dgm,Azorius Cluestone,Near Mint,FALSE,0.06,1,Bin 7,18,1
69ed5f1679f49147a081328f,410865319,,1,dgm,Azorius Cluestone,Near Mint,FALSE,0.07,1,Bin 7,17,1
69b0d3559ca1ed48e7d8b8d6,398404150,,1,dgm,Azorius Cluestone,Near Mint,FALSE,0.08,2,Bin 6,35,2
69ed5f1379f49147a0813237,410865306,,1,dgm,Azorius Guildgate,Near Mint,FALSE,0.08,1,Bin 7,17,1
69af86d79ca1ed48e7d8a6fd,398181802,,1,rna,Azorius Guildgate,Near Mint,FALSE,0.04,1,Bin 6,22,1
69b0d3499ca1ed48e7d8b827,398404101,,1,rtr,Azorius Guildgate,Near Mint,FALSE,0.06,4,Bin 6,35,4
69b0d3509ca1ed48e7d8b892,398404128,,1,rtr,Azorius Keyrune,Near Mint,FALSE,0.04,2,Bin 6,35,2
69b04ea99ca1ed48e7d8ae1f,398299110,,1,ncc,Azorius Signet,Near Mint,FALSE,0.34,1,Bin 6,27,1
69b04ea99ca1ed48e7d8ae22,398299113,,1,tdc,Azorius Signet,Near Mint,FALSE,0.29,1,Bin 6,27,1
699bb19434ce719e27b6e928,393880582,,1,tla,Azula Always Lies,NM,FALSE,0.03,3,Bin 6,7,2
699bb19434ce719e27b6e928,393880582,,1,tla,Azula Always Lies,NM,FALSE,0.03,3,Bin 6,17,1
69af68b634ce719e27b743fe,398052951,,1,tla,"Azula, On the Hunt",NM,FALSE,0.04,2,Bin 6,17,1
69af68b634ce719e27b743fe,398052951,,1,tla,"Azula, On the Hunt",NM,FALSE,0.04,2,Bin 6,18,1
69e7ede79ca1ed48e7d9b3bd,409786023,,1,mm3,Azure Mage,Near Mint,TRUE,0.15,1,Bin 7,9,1
69b04eac9ca1ed48e7d8ae5b,398299156,,1,otp,Back for More,Near Mint,FALSE,0.03,0,,,
69b0a9dc9ca1ed48e7d8b211,398363669,,1,woe,Back for Seconds,Near Mint,FALSE,0.07,1,Bin 6,29,1
699bb82a34ce719e27b6eb9f,393883202,,1,tla,Badgermole,Near Mint,FALSE,0.03,0,,,
69b04eac9ca1ed48e7d8ae5e,398299158,,1,otj,Badlands Revival,Near Mint,FALSE,0.03,1,Bin 6,27,1
69c315639ca1ed48e7d907b7,402033105,,1,eld,Bake into a Pie,Near Mint,TRUE,0.15,3,Bin 6,38,3
69e920cb7ecc73c161d8cb53,410003523,,1,blb,Bakersbane Duo,Near Mint,FALSE,0.05,7,Bin 1,26,7
69af4fdf34ce719e27b740ea,397758059,,1,fin,Balamb T-Rexaur,NM,FALSE,0.03,1,Bin 6,13,1
699b75ab34ce719e27b6e583,393858076,,1,fin,Balamb T-Rexaur,NM,FALSE,0.04,3,Bin 6,4,1
699b75ab34ce719e27b6e583,393858076,,1,fin,Balamb T-Rexaur,NM,FALSE,0.04,3,Bin 6,3,1
699b75ab34ce719e27b6e583,393858076,,1,fin,Balamb T-Rexaur,NM,FALSE,0.04,3,Bin 6,9,1
69c321949ca1ed48e7d90a25,402043027,,1,a25,Balduvian Horde,Near Mint,FALSE,0.03,1,Bin 1,1,1
69e42aa39ca1ed48e7d992c3,409089966,,1,akh,Baleful Ammit,Near Mint,FALSE,0.06,2,Bin 5,11,2
69e9185e7ecc73c161d8aee5,409994851,,1,afr,Baleful Beholder,Near Mint,FALSE,0.05,1,Bin 1,22,1
69e9185e7ecc73c161d8aef0,409994852,,1,cafr,Baleful Beholder,Near Mint,FALSE,0.05,1,Bin 1,22,1
69e92ebc7ecc73c161d8fa2e,410013577,,1,dsk,Balemurk Leech,Near Mint,FALSE,0.03,15,Bin 1,29,13
69e92ebc7ecc73c161d8fa2e,410013577,,1,dsk,Balemurk Leech,Near Mint,FALSE,0.03,15,Bin 1,30,2
69e4218d9ca1ed48e7d990c5,409081256,,1,kld,Ballista Charger,Near Mint,FALSE,0.05,2,Bin 5,5,2
699bbb7e34ce719e27b6ec6d,393884995,,1,c18,Baloth Woodcrasher,NM,FALSE,0.11,1,Bin 6,10,1
69edbdae2f009c9bc4cddf71,410924427,,1,dgm,Bane Alley Blackguard,Near Mint,FALSE,0.03,1,Bin 7,18,1
69e534559ca1ed48e7d99bd4,409242943,,1,cmid,Baneblade Scoundrel // Baneclaw Marauder,Near Mint,FALSE,0.03,1,Bin 5,27,1
69e7cbde9ca1ed48e7d9acec,409768155,,1,hou,Banewhip Punisher,Near Mint,FALSE,0.16,1,Bin 7,1,1
69e923447ecc73c161d8d3c7,410005625,,1,blb,Banishing Light,Near Mint,FALSE,0.05,4,Bin 1,27,4
69e7e09e9ca1ed48e7d9b08f,409779775,,1,fdn,Banishing Light,Near Mint,FALSE,0.05,3,Bin 7,6,3
69b0a9d89ca1ed48e7d8b1c7,398363646,,1,jou,Banishing Light,Near Mint,FALSE,0.04,1,Bin 6,29,1
69e91b467ecc73c161d8b924,409999670,,1,afr,Bar the Gate,Near Mint,FALSE,0.05,2,Bin 1,23,2
699bbb7534ce719e27b6ebc5,393884931,,1,ecl,Barbed Bloodletter,NM,FALSE,0.05,1,Bin 6,10,1
69b0b7a19ca1ed48e7d8b381,398391690,,1,cns,Barbed Shocker,Near Mint,FALSE,0.04,1,Bin 6,31,1
69af918d9ca1ed48e7d8a861,398187820,,1,mh2,Barbed Spike,Near Mint,FALSE,0.04,4,Bin 6,23,4
69af4fdd34ce719e27b740cd,397758041,,1,fin,Bard's Bow,NM,FALSE,0.03,1,Bin 6,13,1
69e91cfa7ecc73c161d8beb0,410001545,,1,blb,Barkform Harvester,Near Mint,FALSE,0.05,3,Bin 1,24,3
699b75ab34ce719e27b6e580,393858075,,1,fin,"Baron, Airship Kingdom",NM,FALSE,0.05,1,Bin 6,4,1
69ed5f1b79f49147a081334c,410865350,,1,ktk,Barrage of Boulders,Near Mint,TRUE,0.1,1,Bin 7,17,1
69e4244a9ca1ed48e7d9914d,409082818,,1,ktk,Barrage of Boulders,Near Mint,FALSE,0.05,4,Bin 5,7,4
69b0a9dd9ca1ed48e7d8b225,398363673,,1,tla,Barrels of Blasting Jelly,Near Mint,FALSE,0.03,0,,,
699a9e1534ce719e27b6e03f,393639355,,1,fin,Barret Wallace,NM,FALSE,0.03,1,Bin 6,6,1
69b0bf1f9ca1ed48e7d8b57d,398394965,,1,aer,Barricade Breaker,Near Mint,FALSE,0.03,5,Bin 6,33,1
69b0bf1f9ca1ed48e7d8b57d,398394965,,1,aer,Barricade Breaker,Near Mint,FALSE,0.03,5,Bin 5,25,4
69af91859ca1ed48e7d8a7cc,398187774,,1,woe,Barrow Naughty,Near Mint,FALSE,0.03,1,Bin 6,23,1
69c315629ca1ed48e7d907a5,402033099,,1,eld,Bartered Cow,Near Mint,TRUE,0.15,4,Bin 6,38,3
69c315629ca1ed48e7d907a5,402033099,,1,eld,Bartered Cow,Near Mint,TRUE,0.15,4,Bin 6,39,1
69e932317ecc73c161d9065b,410016262,,1,dsk,Bashful Beastie,Near Mint,FALSE,0.03,18,Bin 1,33,18
69e541659ca1ed48e7d99ebb,409249322,,1,mkm,Basilica Stalker,Near Mint,FALSE,0.02,18,Bin 5,31,1
69e541659ca1ed48e7d99ebb,409249322,,1,mkm,Basilica Stalker,Near Mint,FALSE,0.02,18,Bin 5,32,1
69e541659ca1ed48e7d99ebb,409249322,,1,mkm,Basilica Stalker,Near Mint,FALSE,0.02,18,Bin 5,33,3
69e541659ca1ed48e7d99ebb,409249322,,1,mkm,Basilica Stalker,Near Mint,FALSE,0.02,18,Bin 5,34,4
69e541659ca1ed48e7d99ebb,409249322,,1,mkm,Basilica Stalker,Near Mint,FALSE,0.02,18,Bin 5,35,2
69e541659ca1ed48e7d99ebb,409249322,,1,mkm,Basilica Stalker,Near Mint,FALSE,0.02,18,Bin 1,9,7
69c324fd9ca1ed48e7d90b22,402045344,,1,lci,Basking Capybara,Near Mint,FALSE,0.03,1,Bin 1,4,1
69b0426a9ca1ed48e7d8acf2,398289324,,1,cm21,Basri's Acolyte,Near Mint,FALSE,0.03,1,Bin 6,25,1
69e96e627ecc73c161d9d83f,410048738,,1,jou,Bassara Tower Archer,Near Mint,FALSE,0.16,1,Bin 7,15,1
69e96e627ecc73c161d9d839,410048737,,1,jou,Bassara Tower Archer,Near Mint,TRUE,0.3,1,Bin 7,15,1
69b0b7a49ca1ed48e7d8b3c3,398391712,,1,aer,Bastion Enforcer,Near Mint,FALSE,0.03,2,Bin 6,31,2
69e43ab39ca1ed48e7d995d7,409100623,,1,aer,Bastion Inventor,Near Mint,FALSE,0.03,5,Bin 5,22,5
69e7dda99ca1ed48e7d9b020,409778110,,1,kld,Bastion Mastodon,Near Mint,FALSE,0.05,1,Bin 7,5,1
69e534589ca1ed48e7d99bfc,409242974,,1,mid,Bat Whisperer,Near Mint,FALSE,0.03,1,Bin 5,27,1
69b03d209ca1ed48e7d8ab79,398283190,,1,mh2,Batterbone,Near Mint,FALSE,0.04,1,Bin 6,24,1
69e7dd9f9ca1ed48e7d9af6c,409778047,,1,rtr,Batterhorn,Near Mint,FALSE,0.05,1,Bin 7,5,1
69edbdae2f009c9bc4cddf89,410924434,,1,dgm,Battering Krasis,Near Mint,FALSE,0.03,1,Bin 7,18,1
69ed59c479f49147a0810249,410864037,,1,dgm,Battering Krasis,Near Mint,FALSE,0.04,1,Bin 7,16,1
699b7e0b34ce719e27b6e822,393861405,,1,fin,Battle Menu,NM,FALSE,0.05,1,Bin 6,1,1
69e96e5a7ecc73c161d9d72e,410048699,,1,akh,Battlefield Scavenger,Near Mint,TRUE,0.1,1,Bin 7,15,1
69e42c269ca1ed48e7d99334,409090848,,1,akh,Battlefield Scavenger,Near Mint,FALSE,0.05,1,Bin 5,12,1
69e7ea1d9ca1ed48e7d9b33d,409784102,,1,ths,Battlewise Hoplite,Near Mint,FALSE,0.05,3,Bin 7,8,3
69af918a9ca1ed48e7d8a81e,398187801,,1,eve,Batwing Brume,Near Mint,FALSE,4.5,1,Bin 6,23,1
69e92ebd7ecc73c161d8fa40,410013585,,1,dsk,Bear Trap,Near Mint,FALSE,0.03,13,Bin 1,29,13
69e9546c7ecc73c161d97b9c,410037344,,1,tdm,Bearer of Glory,Near Mint,FALSE,0.05,1,Bin 7,11,1
69e7e09c9ca1ed48e7d9b06c,409779761,,1,fdn,Beast-Kin Ranger,Near Mint,FALSE,0.03,2,Bin 7,6,2
69e7e09c9ca1ed48e7d9b069,409779760,,1,fdn,Beast-Kin Ranger,Near Mint,TRUE,0.1,1,Bin 7,6,1
69e932f77ecc73c161d908c4,410016874,,1,dsk,Bedhead Beastie,Near Mint,FALSE,0.03,13,Bin 1,34,13
699a9e1f34ce719e27b6e10f,393639420,,1,tla,Beetle-Headed Merchants,NM,TRUE,0.15,1,Bin 6,6,1
699a9e2134ce719e27b6e12f,393639430,,1,tla,Beetle-Headed Merchants,Near Mint,FALSE,0.03,5,Bin 6,6,1
699a9e2134ce719e27b6e12f,393639430,,1,tla,Beetle-Headed Merchants,Near Mint,FALSE,0.03,5,Bin 6,2,1
699a9e2134ce719e27b6e12f,393639430,,1,tla,Beetle-Headed Merchants,Near Mint,FALSE,0.03,5,Bin 6,7,1
699a9e2134ce719e27b6e12f,393639430,,1,tla,Beetle-Headed Merchants,Near Mint,FALSE,0.03,5,Bin 6,30,2
69e5415d9ca1ed48e7d99e5b,409249304,,1,mkm,Behind the Mask,Near Mint,FALSE,0.02,12,Bin 5,31,1
69e5415d9ca1ed48e7d99e5b,409249304,,1,mkm,Behind the Mask,Near Mint,FALSE,0.02,12,Bin 5,33,1
69e5415d9ca1ed48e7d99e5b,409249304,,1,mkm,Behind the Mask,Near Mint,FALSE,0.02,12,Bin 5,35,1
69e5415d9ca1ed48e7d99e5b,409249304,,1,mkm,Behind the Mask,Near Mint,FALSE,0.02,12,Bin 1,9,9
69af73499a9ce4ef7aed3cdc,398165927,,1,plist,Belfry Spirit,NM,FALSE,0.04,1,Bin 6,20,1
69c3156d9ca1ed48e7d90858,402033818,,1,eld,Belle of the Brawl,Near Mint,TRUE,0.1,1,Bin 6,38,1
69b0dd099ca1ed48e7d8bab5,398420455,,1,cvow,Belligerent Guest,Near Mint,TRUE,0.1,1,Bin 6,37,1
69e4375e9ca1ed48e7d9953d,409099411,,1,bfz,Belligerent Whiptail,Near Mint,FALSE,0.03,7,Bin 5,19,7
69e95c877ecc73c161d99898,410042481,,1,xln,Bellowing Aegisaur,Near Mint,FALSE,0.08,0,,,
69b046c19ca1ed48e7d8ad87,398291997,,1,xln,Bellowing Aegisaur,Near Mint,FALSE,0.09,0,,,
69e91e327ecc73c161d8c2cb,410002361,,1,blb,Bellowing Crier,Near Mint,FALSE,0.05,9,Bin 1,25,9
69e534569ca1ed48e7d99bdd,409242951,,1,mid,Beloved Beggar // Generous Soul,Near Mint,FALSE,0.04,2,Bin 5,27,2
69c315669ca1ed48e7d907e6,402033121,,1,eld,Beloved Princess,Near Mint,TRUE,0.1,2,Bin 6,38,1
69c315669ca1ed48e7d907e6,402033121,,1,eld,Beloved Princess,Near Mint,TRUE,0.1,2,Bin 6,39,1
69e42ea39ca1ed48e7d993f0,409092714,,1,akh,Benefaction of Rhonas,Near Mint,FALSE,0.05,7,Bin 5,14,7
69af518634ce719e27b74138,397759307,,1,cmr,Benevolent Blessing,NM,FALSE,1,2,Bin 6,14,1
69af518634ce719e27b74138,397759307,,1,cmr,Benevolent Blessing,NM,FALSE,1,2,Bin 6,20,1
69e8ff6c7ecc73c161d860df,409950874,,1,mkm,Benthic Criminologists,Near Mint,FALSE,0.02,7,Bin 1,9,7
69e53d2a9ca1ed48e7d99e10,409247571,,1,mkm,Benthic Criminologists,Near Mint,FALSE,0.05,8,Bin 5,30,1
69e53d2a9ca1ed48e7d99e10,409247571,,1,mkm,Benthic Criminologists,Near Mint,FALSE,0.05,8,Bin 5,31,3
69e53d2a9ca1ed48e7d99e10,409247571,,1,mkm,Benthic Criminologists,Near Mint,FALSE,0.05,8,Bin 5,32,1
69e53d2a9ca1ed48e7d99e10,409247571,,1,mkm,Benthic Criminologists,Near Mint,FALSE,0.05,8,Bin 5,33,2
69e53d2a9ca1ed48e7d99e10,409247571,,1,mkm,Benthic Criminologists,Near Mint,FALSE,0.05,8,Bin 5,34,1
69ed59c979f49147a08102a8,410864069,,1,khm,Berg Strider,Near Mint,FALSE,0.03,2,Bin 7,16,2
69ed59c079f49147a081020e,410864018,,1,khm,Beskir Shieldmate,Near Mint,FALSE,0.03,1,Bin 7,16,1
69b03d279ca1ed48e7d8abe6,398283220,,1,woe,Bespoke Battlegarb,Near Mint,FALSE,0.03,1,Bin 6,24,1
69b0a9db9ca1ed48e7d8b204,398363666,,1,woe,Bestial Bloodline,Near Mint,FALSE,0.03,1,Bin 6,29,1
69af6d6334ce719e27b744dd,398148340,,1,stx,Big Play,NM,FALSE,0.03,1,Bin 6,18,1
69e7e0a49ca1ed48e7d9b0e8,409779803,,1,fdn,Bigfin Bouncer,Near Mint,FALSE,0.03,2,Bin 7,6,2
69efe93f4ff24d3a84876f82,411358583,,1,bng,Bile Blight,Near Mint,FALSE,0.08,1,Bin 7,20,1
69e965b57ecc73c161d9b874,410045332,,1,akh,Binding Mummy,Near Mint,TRUE,0.15,1,Bin 7,14,1
69e965b57ecc73c161d9b87f,410045334,,1,akh,Binding Mummy,Near Mint,FALSE,0.05,1,Bin 7,14,1
69e429439ca1ed48e7d992ac,409089703,,1,akh,Binding Mummy,Near Mint,FALSE,0.05,2,Bin 5,10,2
69e7e4d99ca1ed48e7d9b213,409782024,,1,inr,Biolume Egg // Biolume Serpent,Near Mint,TRUE,0.15,1,Bin 7,7,1
69c31d969ca1ed48e7d908ce,402039996,,1,gtc,Bioshift,Near Mint,FALSE,0.03,0,,,
69b0b7a59ca1ed48e7d8b3c6,398391713,,1,xln,Bishop's Soldier,Near Mint,FALSE,0.03,2,Bin 6,31,2
69e95c877ecc73c161d9989e,410042483,,1,xln,Bishop's Soldier,Near Mint,FALSE,0.04,1,Bin 7,13,1
69e5344f9ca1ed48e7d99b75,409242872,,1,fdn,Bite Down,Near Mint,FALSE,0.03,0,,,
69e541649ca1ed48e7d99ea6,409249319,,1,mkm,Bite Down on Crime,Near Mint,FALSE,0.05,6,Bin 5,31,1
69e541649ca1ed48e7d99ea6,409249319,,1,mkm,Bite Down on Crime,Near Mint,FALSE,0.05,6,Bin 5,32,2
69e541649ca1ed48e7d99ea6,409249319,,1,mkm,Bite Down on Crime,Near Mint,FALSE,0.05,6,Bin 5,33,1
69e541649ca1ed48e7d99ea6,409249319,,1,mkm,Bite Down on Crime,Near Mint,FALSE,0.05,6,Bin 5,34,1
69e541649ca1ed48e7d99ea6,409249319,,1,mkm,Bite Down on Crime,Near Mint,FALSE,0.05,6,Bin 5,36,1
69e900677ecc73c161d863a5,409951405,,1,mkm,Bite Down on Crime,Near Mint,FALSE,0.02,7,Bin 1,10,7
69b0b7a19ca1ed48e7d8b384,398391691,,1,cns,Bite of the Black Rose,Near Mint,FALSE,0.27,1,Bin 6,31,1
69b03d249ca1ed48e7d8abb6,398283207,,1,woe,Bitter Chill,Near Mint,FALSE,0.03,1,Bin 6,24,1
69e4244e9ca1ed48e7d99185,409082837,,1,ktk,Bitter Revelation,Near Mint,FALSE,0.05,6,Bin 5,7,6
699bb82834ce719e27b6eb82,393883198,,1,tla,Bitter Work,NM,FALSE,0.05,1,Bin 6,9,1
69b0cca89ca1ed48e7d8b7c2,398401859,,1,akh,Bitterblade Warrior,Near Mint,FALSE,0.03,11,Bin 6,34,1
69b0cca89ca1ed48e7d8b7c2,398401859,,1,akh,Bitterblade Warrior,Near Mint,FALSE,0.03,11,Bin 5,14,10
69e965b37ecc73c161d9b81c,410045320,,1,akh,Bitterblade Warrior,Near Mint,TRUE,0.1,1,Bin 7,14,1
69e96e607ecc73c161d9d7b0,410048730,,1,akh,Bitterblade Warrior,Near Mint,FALSE,0.03,1,Bin 7,15,1
69e7cbe59ca1ed48e7d9ad59,409768187,,1,hou,Bitterbow Sharpshooters,Near Mint,FALSE,0.03,1,Bin 7,1,1
69b04eb29ca1ed48e7d8aecf,398299256,,1,isd,Bitterheart Witch,Near Mint,FALSE,0.19,1,Bin 6,27,1
69af4d4434ce719e27b7405c,397707380,,1,fin,Black Mage's Rod,NM,FALSE,0.16,0,,,
699b795e34ce719e27b6e651,393859661,,1,fin,Black Waltz No. 3,NM,FALSE,0.11,0,,,
69af6d5e34ce719e27b74497,398147916,,1,fin,Black Waltz No. 3,NM,FALSE,0.14,0,,,
69e905387ecc73c161d87291,409963111,,1,otj,Blacksnag Buzzard,Near Mint,FALSE,0.05,11,Bin 1,14,11
69e534509ca1ed48e7d99b7b,409242876,,1,mid,Bladebrand,Near Mint,FALSE,0.03,2,Bin 5,27,2
69b0dd049ca1ed48e7d8ba71,398420437,,1,avr,Bladed Bracers,Near Mint,FALSE,0.04,0,,,
69edbdab2f009c9bc4cddf0f,410924397,,1,dgm,Blast of Genius,Near Mint,FALSE,0.05,1,Bin 7,18,1
69b08a919ca1ed48e7d8b06e,398342950,,1,gvl,Blastoderm,Near Mint,FALSE,0.22,2,Bin 6,28,2
69ed5f1279f49147a081320b,410865300,,1,dgm,Blaze Commando,Near Mint,FALSE,0.05,1,Bin 7,17,1
699b75aa34ce719e27b6e571,393858062,,1,fin,Blazing Bomb,NM,FALSE,0.03,1,Bin 6,4,1
69e42c269ca1ed48e7d99331,409090847,,1,akh,Blazing Volley,Near Mint,FALSE,0.05,4,Bin 5,12,4
69af6d6534ce719e27b7450c,398148610,,1,iko,Blazing Volley,NM,FALSE,0.07,1,Bin 6,18,1
69e539309ca1ed48e7d99cb0,409246111,,1,emn,Blessed Alliance,Near Mint,FALSE,0.16,3,Bin 5,28,3
69b03d239ca1ed48e7d8abae,398283205,,1,emn,Blessed Alliance,Near Mint,FALSE,0.06,4,Bin 6,24,4
69e534529ca1ed48e7d99b9f,409242902,,1,mid,Blessed Defiance,Near Mint,FALSE,0.03,1,Bin 5,27,1
69e7e4d09ca1ed48e7d9b175,409781963,,1,ori,Blessed Spirits,Near Mint,FALSE,0.05,1,Bin 7,7,1
69e7e4d69ca1ed48e7d9b1e3,409782007,,1,avr,Blessings of Nature,Near Mint,TRUE,0.15,1,Bin 7,7,1
69b0bb199ca1ed48e7d8b439,398393209,,1,xln,Blight Keeper,Near Mint,FALSE,0.03,1,Bin 6,32,1
69b0d7ed9ca1ed48e7d8b94f,398406714,,1,thb,Blight-Breath Catoblepas,Near Mint,TRUE,0.15,1,Bin 6,36,1
69b04eb29ca1ed48e7d8aed2,398299257,,1,m14,Blightcaster,Near Mint,FALSE,0.04,1,Bin 6,27,1
69e42aa39ca1ed48e7d992c0,409089965,,1,akh,Blighted Bat,Near Mint,FALSE,0.05,3,Bin 5,11,3
699bbb7534ce719e27b6ebc2,393884930,,1,ecl,Blighted Blackthorn,NM,FALSE,0.05,1,Bin 6,10,1
69b042619ca1ed48e7d8ac60,398289268,,1,bfz,Blighted Fen,Near Mint,TRUE,0.15,1,Bin 6,25,1
69b0a9d79ca1ed48e7d8b1b5,398363640,,1,ala,Blightning,Near Mint,FALSE,0.15,2,Bin 6,29,2
69e53ab49ca1ed48e7d99d4f,409246482,,1,ogw,Blinding Drone,Near Mint,FALSE,0.03,9,Bin 5,29,9
69e7ddac9ca1ed48e7d9b053,409778128,,1,rtr,Blistercoil Weird,Near Mint,FALSE,0.05,1,Bin 7,5,1
69af6d6a34ce719e27b74558,398149045,,1,iko,Blisterspit Gremlin,NM,FALSE,0.09,1,Bin 6,18,1
69af580a34ce719e27b74295,397801608,,1,iko,Blitz Leech,NM,FALSE,0.03,1,Bin 6,16,1
69af86db9ca1ed48e7d8a739,398181821,,1,iko,Blitz of the Thunder-Raptor,Near Mint,FALSE,0.03,1,Bin 6,22,1
699b75a634ce719e27b6e51d,393857979,,1,fin,Blitzball,NM,FALSE,0.04,1,Bin 6,4,1
699b795e34ce719e27b6e646,393859658,,1,fin,Blitzball Shot,NM,FALSE,0.04,1,Bin 6,3,1
69af4fdd34ce719e27b740d0,397758042,,1,fin,Blitzball Shot,NM,FALSE,0.03,1,Bin 6,13,1
69af734e9a9ce4ef7aed3d3a,398165971,,1,m20,Blood Burglar,NM,FALSE,0.03,1,Bin 6,20,1
69af580a34ce719e27b7428f,397801582,,1,iko,Blood Curdle,NM,FALSE,0.03,1,Bin 6,16,1
69b046c39ca1ed48e7d8adaa,398292007,,1,plc,Blood Knight,Near Mint,FALSE,0.1,4,Bin 6,26,4
69e534529ca1ed48e7d99ba8,409242909,,1,mid,Blood Pact,Near Mint,FALSE,0.05,2,Bin 5,27,2
69b04eb29ca1ed48e7d8aed5,398299258,,1,usg,Blood Vassal,Near Mint,FALSE,0.14,1,Bin 6,27,1
69af73499a9ce4ef7aed3ce5,398165932,,1,m20,Blood for Bones,NM,FALSE,0.38,1,Bin 6,20,1
69e96e5f7ecc73c161d9d779,410048722,,1,jou,Bloodcrazed Hoplite,Near Mint,TRUE,0.1,2,Bin 7,15,2
69e96e5d7ecc73c161d9d761,410048714,,1,jou,Bloodcrazed Hoplite,Near Mint,TRUE,0.15,1,Bin 7,15,1
69e954717ecc73c161d97bf4,410037373,,1,ema,Bloodfell Caves,Near Mint,TRUE,0.15,1,Bin 7,11,1
69e534489ca1ed48e7d99b19,409242804,,1,fdn,Bloodfell Caves,Near Mint,FALSE,0.03,0,,,
69ed5f1379f49147a081323e,410865307,,1,ktk,Bloodfell Caves,Near Mint,TRUE,0.1,1,Bin 7,17,1
69e427c89ca1ed48e7d9921f,409088123,,1,ktk,Bloodfell Caves,Near Mint,FALSE,0.05,0,,,
69af734b9a9ce4ef7aed3d12,398165952,,1,neo,Bloodfell Caves,NM,FALSE,0.04,0,,,
69e4244a9ca1ed48e7d9914a,409082817,,1,ktk,Bloodfire Expert,Near Mint,FALSE,0.05,4,Bin 5,7,4
69e425939ca1ed48e7d991d2,409083545,,1,ktk,Bloodfire Mentor,Near Mint,FALSE,0.03,7,Bin 5,8,7
69e42c269ca1ed48e7d9932e,409090846,,1,akh,Bloodlust Inciter,Near Mint,FALSE,0.03,6,Bin 5,12,5
69e42c269ca1ed48e7d9932e,409090846,,1,akh,Bloodlust Inciter,Near Mint,FALSE,0.03,6,Bin 5,13,1
69e42c269ca1ed48e7d9932b,409090845,,1,akh,Bloodrage Brawler,Near Mint,FALSE,0.05,1,Bin 5,12,1
69e96e5b7ecc73c161d9d731,410048700,,1,akh,Bloodrage Brawler,Near Mint,FALSE,0.05,2,Bin 7,15,2
699bb5c834ce719e27b6ead1,393882062,,1,vow,Bloody Betrayal,NM,FALSE,0.04,1,Bin 6,8,1
699bbb7f34ce719e27b6ec7f,393885001,,1,c17,Blossoming Sands,NM,FALSE,0.05,1,Bin 6,10,1
69e954717ecc73c161d97bf1,410037372,,1,ema,Blossoming Sands,Near Mint,TRUE,0.15,1,Bin 7,11,1
69e534489ca1ed48e7d99b16,409242802,,1,fdn,Blossoming Sands,Near Mint,FALSE,0.03,1,Bin 5,27,1
69af734b9a9ce4ef7aed3d06,398165947,,1,iko,Blossoming Sands,NM,FALSE,0.04,1,Bin 6,20,1
69e427c79ca1ed48e7d9921c,409088122,,1,ktk,Blossoming Sands,Near Mint,FALSE,0.05,8,Bin 5,9,8
69b0d34c9ca1ed48e7d8b84d,398404112,,1,ktk,Blossoming Sands,Near Mint,FALSE,0.03,2,Bin 6,35,2
69af580434ce719e27b74228,397801080,,1,eld,Blow Your House Down,NM,FALSE,0.03,1,Bin 6,16,1
699a9e2134ce719e27b6e138,393639433,,1,tla,Boar-q-pine,Near Mint,FALSE,0.03,5,Bin 6,6,1
699a9e2134ce719e27b6e138,393639433,,1,tla,Boar-q-pine,Near Mint,FALSE,0.03,5,Bin 6,7,1
699a9e2134ce719e27b6e138,393639433,,1,tla,Boar-q-pine,Near Mint,FALSE,0.03,5,Bin 6,9,1
699a9e2134ce719e27b6e138,393639433,,1,tla,Boar-q-pine,Near Mint,FALSE,0.03,5,Bin 6,30,2
69b03d229ca1ed48e7d8ab9d,398283200,,1,dom,Board the Weatherlight,Near Mint,FALSE,0.04,3,Bin 6,24,3
69b04eb09ca1ed48e7d8aeaa,398299198,,1,cmr,Boarding Party,Near Mint,FALSE,0.54,0,,,
69c315629ca1ed48e7d907a8,402033100,,1,eld,Bog Naughty,Near Mint,TRUE,0.15,1,Bin 6,38,1
69b0bf209ca1ed48e7d8b594,398394973,,1,m19,Bogstomper,Near Mint,FALSE,0.03,1,Bin 6,33,1
69e932f67ecc73c161d908c1,410016872,,1,dsk,Boilerbilges Ripper,Near Mint,FALSE,0.03,14,Bin 1,34,14
69e4375e9ca1ed48e7d9953a,409099410,,1,bfz,Boiling Earth,Near Mint,FALSE,0.04,10,Bin 5,19,10
69e7d3bf9ca1ed48e7d9ae24,409772205,,1,bfz,Boiling Earth,Near Mint,TRUE,0.1,1,Bin 7,3,1
699bb82534ce719e27b6eb60,393883192,,1,tla,Boiling Rock Prison,NM,FALSE,0.05,1,Bin 6,9,1
69e539369ca1ed48e7d99d13,409246144,,1,emn,Bold Impaler,Near Mint,FALSE,0.03,4,Bin 5,28,4
69e70c309ca1ed48e7d9a8e2,409616271,,1,mkm,Bolrac-Clan Basher,Near Mint,FALSE,0.05,1,Bin 5,36,1
69af518634ce719e27b74144,397759316,,1,bng,Bolt of Keranos,LP,FALSE,0.02,15,Bin 6,14,15
69e4218d9ca1ed48e7d990c8,409081257,,1,kld,Bomat Bazaar Barge,Near Mint,FALSE,0.09,2,Bin 5,5,2
69b0c7659ca1ed48e7d8b6d0,398398126,,1,gtc,Bomber Corps,Near Mint,FALSE,0.03,1,Bin 6,33,1
69efe9404ff24d3a84876f8f,411358585,,1,war,Bond of Revival,Near Mint,FALSE,0.03,1,Bin 7,20,1
69e7e4d19ca1ed48e7d9b184,409781970,,1,ori,Bonded Construct,Near Mint,TRUE,0.1,2,Bin 7,7,2
69e7d3c59ca1ed48e7d9ae8f,409772241,,1,bfz,Bone Splinters,Near Mint,TRUE,0.1,1,Bin 7,3,1
69e433fb9ca1ed48e7d99508,409095212,,1,bfz,Bone Splinters,Near Mint,FALSE,0.03,10,Bin 5,18,10
69e918617ecc73c161d8af4f,409994871,,1,m20,Bone Splinters,Near Mint,FALSE,0.04,1,Bin 1,22,1
69e91cf97ecc73c161d8bea1,410001540,,1,blb,Bonebind Orator,Near Mint,FALSE,0.05,7,Bin 1,24,7
699bbb7834ce719e27b6ebfb,393884949,,1,ecl,Boneclub Berserker,NM,FALSE,0.05,2,Bin 6,10,2
699bbb7b34ce719e27b6ec40,393884972,,1,mma,Bonesplitter,NM,FALSE,0.21,4,Bin 6,10,4
69e905387ecc73c161d8728e,409963110,,1,otj,Boneyard Desecrator,Near Mint,FALSE,0.03,13,Bin 1,14,13
69af734c9a9ce4ef7aed3d18,398165954,,1,isd,Boneyard Wurm,NM,FALSE,0.04,1,Bin 6,20,1
69e7ea1c9ca1ed48e7d9b33a,409784100,,1,ths,Boon of Erebos,Near Mint,TRUE,0.1,1,Bin 7,8,1
69eea6d32f009c9bc4d748b7,411068540,,1,dft,Boosted Sloop,Near Mint,FALSE,0.04,1,Bin 7,19,1
69af734f9a9ce4ef7aed3d4d,398165980,,1,iko,Boot Nipper,NM,FALSE,0.03,1,Bin 6,20,1
69e91b437ecc73c161d8b8e8,409999623,,1,afr,Boots of Speed,Near Mint,FALSE,0.05,2,Bin 1,23,2
69e7ea1b9ca1ed48e7d9b325,409784091,,1,ths,Borderland Minotaur,Near Mint,TRUE,0.15,1,Bin 7,8,1
69e7e4d79ca1ed48e7d9b1f2,409782012,,1,avr,Borderland Ranger,Near Mint,FALSE,0.02,1,Bin 7,7,1
69af84919ca1ed48e7d8a6e4,398179379,,1,m10,Borderland Ranger,Near Mint,TRUE,0.15,1,Bin 6,21,1
69b0d3559ca1ed48e7d8b8de,398404152,,1,dgm,Boros Cluestone,Near Mint,FALSE,0.08,4,Bin 6,35,1
69b0d3559ca1ed48e7d8b8de,398404152,,1,dgm,Boros Cluestone,Near Mint,FALSE,0.08,4,Bin 6,37,3
69b0d3549ca1ed48e7d8b8c4,398404144,,1,gtc,Boros Keyrune,Near Mint,FALSE,0.06,2,Bin 6,35,2
69af86da9ca1ed48e7d8a733,398181819,,1,grn,Boros Locket,Near Mint,FALSE,0.03,14,Bin 6,22,14
69edbdaf2f009c9bc4cddfb6,410924447,,1,dgm,Boros Mastiff,Near Mint,FALSE,0.03,3,Bin 7,18,3
69ed59c079f49147a0810208,410864016,,1,dgm,Boros Mastiff,Near Mint,FALSE,0.04,2,Bin 7,16,2
69b04ea99ca1ed48e7d8ae1c,398299108,,1,tdc,Boros Signet,Near Mint,FALSE,0.72,1,Bin 6,27,1
69e5392f9ca1ed48e7d99ca2,409246107,,1,emn,Borrowed Hostility,Near Mint,FALSE,0.03,4,Bin 5,28,4
69e957cc7ecc73c161d9877f,410039877,,1,emn,Borrowed Hostility,Near Mint,TRUE,0.1,1,Bin 7,12,1
69e957d07ecc73c161d987c1,410039899,,1,emn,Borrowed Malevolence,Near Mint,FALSE,0.03,1,Bin 7,12,1
69af6d6334ce719e27b744e3,398148374,,1,snc,Botanical Plaza,NM,FALSE,0.03,0,,,
69e53d2c9ca1ed48e7d99e2b,409247579,,1,ogw,Boulder Salvo,Near Mint,FALSE,0.03,8,Bin 5,30,8
699bb5c734ce719e27b6eab9,393882056,,1,tdm,Boulderborn Dragon,NM,TRUE,0.15,1,Bin 6,8,1
69e9546d7ecc73c161d97bb0,410037350,,1,tdm,Boulderborn Dragon,Near Mint,FALSE,0.03,1,Bin 7,11,1
69e7ea129ca1ed48e7d9b27d,409784012,,1,soi,Bound by Moonsilver,Near Mint,TRUE,0.1,1,Bin 7,8,1
69af86d99ca1ed48e7d8a723,398181815,,1,khm,Bound in Gold,Near Mint,FALSE,0.03,3,Bin 6,22,1
69af86d99ca1ed48e7d8a723,398181815,,1,khm,Bound in Gold,Near Mint,FALSE,0.03,3,Bin 7,16,2
69e7e4d19ca1ed48e7d9b17e,409781967,,1,ori,Bounding Krasis,Near Mint,FALSE,0.14,3,Bin 7,7,3
699b7d3834ce719e27b6e7ab,393860705,,1,mh3,Bountiful Landscape,NM,FALSE,0.03,0,,,
69c323dc9ca1ed48e7d90aec,402044760,,1,lci,Brackish Blunder,Near Mint,FALSE,0.04,9,Bin 1,3,9
69b0b79f9ca1ed48e7d8b357,398391676,,1,cns,Brago's Representative,Near Mint,FALSE,0.04,3,Bin 6,31,3
69e7e4d79ca1ed48e7d9b1ec,409782010,,1,inr,Bramble Wurm,Near Mint,FALSE,0.05,0,,,
699bbb7734ce719e27b6ebf2,393884946,,1,ecl,Brambleback Brute,NM,TRUE,0.15,1,Bin 6,10,1
69af848f9ca1ed48e7d8a6cf,398179371,,1,tdeld,Bramblefort Fink,Near Mint,FALSE,0.09,1,Bin 6,21,1
69e965b67ecc73c161d9b8eb,410045343,,1,ltr,Brandywine Farmer,Near Mint,FALSE,0.03,4,Bin 7,14,4
69e923447ecc73c161d8d3c4,410005624,,1,blb,Brave-Kin Duo,Near Mint,FALSE,0.03,12,Bin 1,27,12
69c32dbd9ca1ed48e7d90b73,402049696,,1,lci,Brazen Blademaster,Near Mint,FALSE,0.04,7,Bin 1,5,7
69c315719ca1ed48e7d90891,402033850,,1,xln,Brazen Buccaneers,Near Mint,FALSE,0.04,1,Bin 6,38,1
69b0bb179ca1ed48e7d8b427,398393201,,1,xln,Brazen Buccaneers,Near Mint,FALSE,0.03,1,Bin 6,32,1
69e91b437ecc73c161d8b8e5,409999622,,1,afr,Brazen Dwarf,Near Mint,FALSE,0.08,1,Bin 1,23,1
69c3156f9ca1ed48e7d9087c,402033844,,1,rix,Brazen Freebooter,Near Mint,FALSE,0.03,1,Bin 6,38,1
69e4201b9ca1ed48e7d9907c,409080698,,1,kld,Brazen Scourge,Near Mint,FALSE,0.03,3,Bin 5,4,2
69e4201b9ca1ed48e7d9907c,409080698,,1,kld,Brazen Scourge,Near Mint,FALSE,0.03,3,Bin 7,5,1
69e539369ca1ed48e7d99d0d,409246142,,1,emn,Brazen Wolves,Near Mint,FALSE,0.03,4,Bin 5,28,4
69ed59c779f49147a0810290,410864061,,1,khm,Breakneck Berserker,Near Mint,FALSE,0.02,2,Bin 7,16,2
69e7ea119ca1ed48e7d9b26b,409784005,,1,soi,Breakneck Rider // Neck Breaker,Near Mint,TRUE,0.1,0,,,
699b796334ce719e27b6e698,393859675,,1,mh3,Breathe Your Last,NM,TRUE,0.15,1,Bin 6,3,1
69ed5f1679f49147a081329c,410865321,,1,ktk,Briber's Purse,Near Mint,FALSE,0.05,1,Bin 7,17,1
69e90ad57ecc73c161d883ce,409968310,,1,otj,Bridled Bighorn,Near Mint,FALSE,0.05,13,Bin 1,20,13
69e95c867ecc73c161d99887,410042476,,1,xln,Bright Reprisal,Near Mint,TRUE,0.1,1,Bin 7,13,1
69e431d79ca1ed48e7d99469,409094082,,1,bfz,Brilliant Spectrum,Near Mint,FALSE,0.03,6,Bin 5,16,6
69c315699ca1ed48e7d90815,402033800,,1,eld,Brimstone Trebuchet,Near Mint,TRUE,0.15,2,Bin 6,38,1
69c315699ca1ed48e7d90815,402033800,,1,eld,Brimstone Trebuchet,Near Mint,TRUE,0.15,2,Bin 6,39,1
69e534539ca1ed48e7d99bb7,409242921,,1,mid,Brimstone Vandal,Near Mint,FALSE,0.03,1,Bin 5,27,1
69b0d7f29ca1ed48e7d8b9a3,398406767,,1,thb,Brine Giant,Near Mint,TRUE,0.15,1,Bin 6,36,1
69ed59c879f49147a0810299,410864064,,1,khm,Brinebarrow Intruder,Near Mint,FALSE,0.34,3,Bin 7,16,3
69ed5f1b79f49147a081336b,410865355,,1,ktk,Bring Low,Near Mint,TRUE,0.1,2,Bin 7,17,2
69e425939ca1ed48e7d991cf,409083544,,1,ktk,Bring Low,Near Mint,FALSE,0.03,2,Bin 5,8,2
69e9083d7ecc73c161d87be6,409965718,,1,otj,Bristlepack Sentry,Near Mint,FALSE,0.03,11,Bin 1,17,11
69af518434ce719e27b74121,397759296,,1,iko,Bristling Boar,NM,FALSE,0.03,1,Bin 6,14,1
69b0dd009ca1ed48e7d8ba39,398420423,,1,dom,Broken Bond,Near Mint,FALSE,0.36,3,Bin 6,37,3
69ed59c579f49147a081026d,410864049,,1,khm,Broken Wings,Near Mint,FALSE,0.03,1,Bin 7,16,1
69af580d34ce719e27b742cc,397801866,,1,snc,Brokers Initiate,NM,FALSE,0.03,1,Bin 6,16,1
69b0d3519ca1ed48e7d8b8a3,398404133,,1,ths,Bronze Sable,Near Mint,FALSE,0.03,2,Bin 6,35,2
69c31d9e9ca1ed48e7d9094d,402040032,,1,dgm,Bronzebeak Moa,Near Mint,FALSE,0.04,1,Bin 6,39,1
69edbdac2f009c9bc4cddf22,410924402,,1,dgm,Bronzebeak Moa,Near Mint,FALSE,0.03,2,Bin 7,18,2
69e7d3c29ca1ed48e7d9ae57,409772223,,1,bfz,Brood Monitor,Near Mint,TRUE,0.25,1,Bin 7,3,1
69b0a9e19ca1ed48e7d8b271,398363693,,1,c15,Broodbirth Viper,Near Mint,FALSE,0.26,1,Bin 6,29,1
69e7d3c29ca1ed48e7d9ae60,409772226,,1,bfz,Broodhunter Wurm,Near Mint,TRUE,0.1,1,Bin 7,3,1
69e438609ca1ed48e7d99570,409099699,,1,bfz,Broodhunter Wurm,Near Mint,FALSE,0.03,8,Bin 5,20,8
69c322e89ca1ed48e7d90aa9,402044516,,1,lci,Broodrage Mycoid,Near Mint,FALSE,0.04,6,Bin 1,2,6
69e957cb7ecc73c161d9876d,410039871,,1,mm2,Brute Force,Near Mint,FALSE,0.19,1,Bin 7,12,1
69efe93a4ff24d3a84876eb2,411358549,,1,mma,Brute Force,Near Mint,TRUE,0.25,2,Bin 7,20,2
69af70139a9ce4ef7aed3c8e,398161640,,1,akh,Brute Strength,NM,FALSE,0.03,0,,,
69e42c269ca1ed48e7d99328,409090844,,1,akh,Brute Strength,Near Mint,FALSE,0.05,6,Bin 5,12,6
69e93a2c7ecc73c161d921ef,410020601,,1,ogw,Brute Strength,Near Mint,TRUE,0.1,1,Bin 7,10,1
69e5415d9ca1ed48e7d99e58,409249303,,1,mkm,Bubble Smuggler,Near Mint,FALSE,0.02,16,Bin 5,31,2
69e5415d9ca1ed48e7d99e58,409249303,,1,mkm,Bubble Smuggler,Near Mint,FALSE,0.02,16,Bin 5,32,1
69e5415d9ca1ed48e7d99e58,409249303,,1,mkm,Bubble Smuggler,Near Mint,FALSE,0.02,16,Bin 5,33,4
69e5415d9ca1ed48e7d99e58,409249303,,1,mkm,Bubble Smuggler,Near Mint,FALSE,0.02,16,Bin 5,35,1
69e5415d9ca1ed48e7d99e58,409249303,,1,mkm,Bubble Smuggler,Near Mint,FALSE,0.02,16,Bin 1,9,8
69c315709ca1ed48e7d90884,402033847,,1,rix,Buccaneer's Bravado,Near Mint,FALSE,0.03,2,Bin 6,38,1
69c315709ca1ed48e7d90884,402033847,,1,rix,Buccaneer's Bravado,Near Mint,FALSE,0.03,2,Bin 7,7,1
69e41c889ca1ed48e7d98fd8,409079433,,1,kld,Built to Last,Near Mint,FALSE,0.03,13,Bin 5,1,8
69e41c889ca1ed48e7d98fd8,409079433,,1,kld,Built to Last,Near Mint,FALSE,0.03,13,Bin 7,3,5
69e7d7869ca1ed48e7d9aefc,409773409,,1,kld,Built to Smash,Near Mint,FALSE,0.09,3,Bin 7,4,3
69e91b457ecc73c161d8b90c,409999638,,1,cafr,Bulette,Near Mint,FALSE,0.05,1,Bin 1,23,1
69e534469ca1ed48e7d99af2,409242767,,1,fdn,Bulk Up,Near Mint,FALSE,0.91,1,Bin 5,27,1
69e91b457ecc73c161d8b909,409999637,,1,afr,Bull's Strength,Near Mint,FALSE,0.05,1,Bin 1,23,1
69e91cfa7ecc73c161d8bead,410001544,,1,blb,Bumbleflower's Sharepot,Near Mint,FALSE,0.06,5,Bin 1,24,5
699bb5cc34ce719e27b6eb14,393882077,,1,tla,Bumi Bash,NM,FALSE,0.05,2,Bin 6,8,1
699bb5cc34ce719e27b6eb14,393882077,,1,tla,Bumi Bash,NM,FALSE,0.05,2,Bin 6,9,1
69b0add99ca1ed48e7d8b2b8,398366919,,1,tla,Bumi Bash,Near Mint,FALSE,0.03,3,Bin 6,30,2
69b0add99ca1ed48e7d8b2b8,398366919,,1,tla,Bumi Bash,Near Mint,FALSE,0.03,3,Bin 6,33,1
699bb82a34ce719e27b6eba2,393883203,,1,tla,"Bumi, King of Three Trials",NM,FALSE,0.03,1,Bin 6,9,1
69e535b69ca1ed48e7d99c43,409244252,,1,mkm,Burden of Proof,Near Mint,FALSE,0.05,2,Bin 5,8,2
699bbb7934ce719e27b6ec13,393884958,,1,ecl,Burdened Stoneback,NM,TRUE,0.15,1,Bin 6,10,1
699bbb7934ce719e27b6ec10,393884957,,1,ecl,Burdened Stoneback,NM,FALSE,0.05,1,Bin 6,10,1
69e7e0a69ca1ed48e7d9b10e,409779819,,1,fdn,Burglar Rat,Near Mint,FALSE,0.03,1,Bin 7,6,1
69c322e99ca1ed48e7d90abe,402044523,,1,lci,Buried Treasure,Near Mint,FALSE,0.04,8,Bin 1,2,8
69e535b69ca1ed48e7d99c46,409244256,,1,mkm,Buried in the Garden,Near Mint,FALSE,0.05,0,,,
69c32dbd9ca1ed48e7d90b70,402049695,,1,lci,Burning Sun Cavalry,Near Mint,FALSE,0.04,4,Bin 1,5,4
69e534479ca1ed48e7d99b0d,409242795,,1,fdn,Burnished Hart,Near Mint,FALSE,0.03,0,,,
69af6d6534ce719e27b74500,398148541,,1,iko,Bushmeat Poacher,NM,FALSE,0.04,1,Bin 6,18,1
69e5344f9ca1ed48e7d99b72,409242869,,1,fdn,Bushwhack,Near Mint,FALSE,0.09,1,Bin 5,27,1
699a9e2134ce719e27b6e135,393639432,,1,tla,Buzzard-Wasp Colony,NM,FALSE,0.05,2,Bin 6,6,1
699a9e2134ce719e27b6e135,393639432,,1,tla,Buzzard-Wasp Colony,NM,FALSE,0.05,2,Bin 6,9,1
69e7e09d9ca1ed48e7d9b06f,409779762,,1,fdn,Cackling Prowler,Near Mint,FALSE,0.03,3,Bin 7,6,3
69e92fa97ecc73c161d8fd80,410014216,,1,dsk,Cackling Slasher,Near Mint,FALSE,0.03,12,Bin 1,30,12
69e9083d7ecc73c161d87be3,409965717,,1,otj,Cactarantula,Near Mint,FALSE,0.05,12,Bin 1,17,12
69af73479a9ce4ef7aed3cbe,398165908,,1,snc,Call In a Professional,NM,FALSE,0.03,1,Bin 6,20,1
69e7ede19ca1ed48e7d9b356,409785982,,1,mm3,Call of the Conclave,Near Mint,TRUE,0.15,1,Bin 7,9,1
699a9e1634ce719e27b6e051,393639361,,1,fin,Call the Mountain Chocobo,NM,FALSE,0.04,4,Bin 6,6,1
699a9e1634ce719e27b6e051,393639361,,1,fin,Call the Mountain Chocobo,NM,FALSE,0.04,4,Bin 6,4,1
699a9e1634ce719e27b6e051,393639361,,1,fin,Call the Mountain Chocobo,NM,FALSE,0.04,4,Bin 6,3,2
69e438619ca1ed48e7d9957c,409099703,,1,bfz,Call the Scions,Near Mint,FALSE,0.03,7,Bin 5,20,7
69efe9394ff24d3a84876e84,411358541,,1,war,Callous Dismissal,Near Mint,FALSE,0.06,2,Bin 7,20,2
699bb82834ce719e27b6eb89,393883200,,1,tla,Callous Inspector,Near Mint,FALSE,0.03,6,Bin 6,9,1
699bb82834ce719e27b6eb89,393883200,,1,tla,Callous Inspector,Near Mint,FALSE,0.03,6,Bin 6,18,1
699bb82834ce719e27b6eb89,393883200,,1,tla,Callous Inspector,Near Mint,FALSE,0.03,6,Bin 6,19,1
699bb82834ce719e27b6eb89,393883200,,1,tla,Callous Inspector,Near Mint,FALSE,0.03,6,Bin 6,30,3
69eea6d12f009c9bc4d74881,411068524,,1,dft,Camera Launcher,Near Mint,FALSE,0.04,3,Bin 7,19,3
69e957d27ecc73c161d987ed,410039913,,1,emn,Campaign of Vengeance,Near Mint,FALSE,0.04,0,,,
69b03d229ca1ed48e7d8aba3,398283202,,1,emn,Campaign of Vengeance,Near Mint,FALSE,0.05,3,Bin 6,24,3
69e5344c9ca1ed48e7d99b44,409242837,,1,fdn,Campus Guide,Near Mint,FALSE,0.03,3,Bin 5,27,3
69e534459ca1ed48e7d99aef,409242765,,1,fdn,Campus Guide,Near Mint,TRUE,0.1,1,Bin 5,27,1
69b042679ca1ed48e7d8acc1,398289306,,1,stx,Campus Guide,Near Mint,FALSE,0.03,1,Bin 6,25,1
69b0bb229ca1ed48e7d8b4ba,398393255,,1,akh,Cancel,Near Mint,FALSE,0.03,4,Bin 6,32,1
69b0bb229ca1ed48e7d8b4ba,398393255,,1,akh,Cancel,Near Mint,FALSE,0.03,4,Bin 5,11,3
69e422c89ca1ed48e7d9911d,409082108,,1,ktk,Cancel,Near Mint,FALSE,0.05,8,Bin 5,6,8
69af542334ce719e27b74194,397764530,,1,m21,Cancel,NM,FALSE,0.04,1,Bin 6,15,1
69e7ea169ca1ed48e7d9b2bc,409784051,,1,tsp,Cancel,Near Mint,FALSE,0.05,5,Bin 7,8,5
69b0bb229ca1ed48e7d8b4bd,398393256,,1,xln,Cancel,Near Mint,FALSE,0.03,1,Bin 6,32,1
69e534509ca1ed48e7d99b87,409242885,,1,cmid,Candlegrove Witch,Near Mint,FALSE,0.03,1,Bin 5,27,1
69e534529ca1ed48e7d99b99,409242897,,1,mid,Candlegrove Witch,Near Mint,FALSE,0.03,1,Bin 5,27,1
69e70c349ca1ed48e7d9a91b,409616286,,1,mkm,Candlestick,Near Mint,FALSE,0.05,1,Bin 5,36,1
69b0a9da9ca1ed48e7d8b1f3,398363660,,1,woe,Candy Grapple,Near Mint,FALSE,0.03,0,,,
69e7ede29ca1ed48e7d9b35c,409785984,,1,eve,Canker Abomination,Near Mint,TRUE,0.2,1,Bin 7,9,1
699a9e2134ce719e27b6e127,393639428,,1,tla,Canyon Crawler,Near Mint,FALSE,0.03,8,Bin 6,6,1
699a9e2134ce719e27b6e127,393639428,,1,tla,Canyon Crawler,Near Mint,FALSE,0.03,8,Bin 6,7,2
699a9e2134ce719e27b6e127,393639428,,1,tla,Canyon Crawler,Near Mint,FALSE,0.03,8,Bin 6,9,1
699a9e2134ce719e27b6e127,393639428,,1,tla,Canyon Crawler,Near Mint,FALSE,0.03,8,Bin 6,30,3
699a9e2134ce719e27b6e127,393639428,,1,tla,Canyon Crawler,Near Mint,FALSE,0.03,8,Bin 6,33,1
69e425939ca1ed48e7d991cc,409083543,,1,ktk,Canyon Lurkers,Near Mint,FALSE,0.05,6,Bin 5,8,6
69ed5f1b79f49147a0813364,410865354,,1,ktk,Canyon Lurkers,Near Mint,TRUE,0.1,2,Bin 7,17,2
69efe9364ff24d3a84876e1a,411358524,,1,snc,Capenna Express,Near Mint,FALSE,0.03,1,Bin 7,20,1
69af918d9ca1ed48e7d8a85e,398187819,,1,mh2,Caprichrome,Near Mint,FALSE,0.03,4,Bin 6,23,4
69e965bc7ecc73c161d9b985,410045388,,1,ltr,Captain of Umbar,Near Mint,FALSE,0.03,2,Bin 7,14,2
69c34cd19ca1ed48e7d90c58,402068774,,1,lci,Captivating Cave,Near Mint,FALSE,0.04,12,Bin 1,7,12
69af580b34ce719e27b742a4,397801678,,1,iko,Capture Sphere,NM,FALSE,0.03,1,Bin 6,16,1
69e7ede39ca1ed48e7d9b36e,409785991,,1,isd,Caravan Vigil,Near Mint,TRUE,0.15,1,Bin 7,9,1
69b04ea89ca1ed48e7d8ae16,398299104,,1,lci,Careening Mine Cart,Near Mint,FALSE,0.03,1,Bin 6,27,1
69af518634ce719e27b74135,397759305,,1,neo,Careful Cultivation,NM,FALSE,0.03,0,,,
699b75a734ce719e27b6e532,393857988,,1,fin,Cargo Ship,NM,FALSE,0.04,1,Bin 6,4,1
69ed5f1379f49147a081322b,410865304,,1,dgm,Carnage Gladiator,Near Mint,FALSE,0.05,1,Bin 7,17,1
69edbdab2f009c9bc4cddf02,410924393,,1,dgm,Carnage Gladiator,Near Mint,FALSE,0.04,2,Bin 7,18,2
69e923447ecc73c161d8d3c1,410005623,,1,blb,Carrot Cake,Near Mint,FALSE,0.05,11,Bin 1,27,11
69c322e99ca1ed48e7d90abb,402044522,,1,lci,Cartographer's Companion,Near Mint,FALSE,0.04,6,Bin 1,2,6
69e42aa29ca1ed48e7d992bd,409089964,,1,akh,Cartouche of Ambition,Near Mint,FALSE,0.05,6,Bin 5,11,6
69e96e5c7ecc73c161d9d752,410048709,,1,akh,Cartouche of Ambition,Near Mint,FALSE,0.04,2,Bin 7,15,2
69e42aa89ca1ed48e7d99306,409089988,,1,akh,Cartouche of Knowledge,Near Mint,FALSE,0.09,5,Bin 5,11,5
69e429439ca1ed48e7d992a8,409089702,,1,akh,Cartouche of Solidarity,Near Mint,FALSE,0.21,0,,,
69e42ea39ca1ed48e7d993eb,409092711,,1,akh,Cartouche of Strength,Near Mint,FALSE,0.11,12,Bin 5,14,12
69e42c259ca1ed48e7d99325,409090843,,1,akh,Cartouche of Zeal,Near Mint,FALSE,0.05,12,Bin 5,12,12
69e70c329ca1ed48e7d9a907,409616281,,1,mkm,Case File Auditor,Near Mint,FALSE,0.05,1,Bin 5,36,1
69e535ba9ca1ed48e7d99c85,409244302,,1,mkm,Case File Auditor,Near Mint,FALSE,0.05,2,Bin 5,8,1
69e535ba9ca1ed48e7d99c85,409244302,,1,mkm,Case File Auditor,Near Mint,FALSE,0.05,2,Bin 5,36,1
69e70c319ca1ed48e7d9a8ee,409616274,,1,mkm,Case of the Burning Masks,Near Mint,FALSE,0.05,1,Bin 5,36,1
69e70c389ca1ed48e7d9a969,409616308,,1,mkm,Case of the Gorgon's Kiss,Near Mint,FALSE,0.03,1,Bin 5,36,1
69e535b79ca1ed48e7d99c5b,409244272,,1,mkm,Case of the Pilfered Proof,Near Mint,FALSE,0.05,1,Bin 5,8,1
69e70c389ca1ed48e7d9a96c,409616309,,1,mkm,Case of the Shattered Pact,Near Mint,FALSE,0.05,1,Bin 5,36,1
69af542434ce719e27b7419f,397764533,,1,snc,Case the Joint,NM,FALSE,0.03,0,,,
69e965b47ecc73c161d9b840,410045325,,1,akh,Cast Out,Near Mint,FALSE,0.08,1,Bin 7,14,1
69e965b47ecc73c161d9b837,410045324,,1,akh,Cast Out,Near Mint,TRUE,0.15,1,Bin 7,14,1
69af84909ca1ed48e7d8a6db,398179376,,1,akh,Cast Out,Near Mint,FALSE,0.08,3,Bin 6,21,1
69af84909ca1ed48e7d8a6db,398179376,,1,akh,Cast Out,Near Mint,FALSE,0.08,3,Bin 6,26,2
69e429439ca1ed48e7d992a5,409089700,,1,akh,Cast Out,Near Mint,FALSE,0.09,2,Bin 5,10,2
69e96e5e7ecc73c161d9d764,410048715,,1,jou,Cast into Darkness,Near Mint,TRUE,0.15,2,Bin 7,15,2
699bb19e34ce719e27b6e9e1,393880648,,1,tla,Cat-Gator,NM,FALSE,0.05,2,Bin 6,7,1
699bb19e34ce719e27b6e9e1,393880648,,1,tla,Cat-Gator,NM,FALSE,0.05,2,Bin 6,8,1
699bb19834ce719e27b6e97c,393880610,,1,tla,Cat-Owl,NM,FALSE,0.05,1,Bin 6,7,1
69af6d6134ce719e27b744c9,398148221,,1,tla,Cat-Owl,Near Mint,FALSE,0.03,2,Bin 6,18,1
69af6d6134ce719e27b744c9,398148221,,1,tla,Cat-Owl,Near Mint,FALSE,0.03,2,Bin 6,29,1
69b0a9df9ca1ed48e7d8b240,398363677,,1,tla,Cat-Owl,Near Mint,TRUE,0.15,1,Bin 6,29,1
69b0bb1a9ca1ed48e7d8b450,398393216,,1,soi,Catalog,Near Mint,FALSE,0.03,3,Bin 6,32,3
69e534459ca1ed48e7d99ae9,409242759,,1,fdn,Cathar Commando,Near Mint,FALSE,0.03,1,Bin 5,27,1
69e534569ca1ed48e7d99bda,409242948,,1,mid,Cathar's Call,Near Mint,FALSE,0.03,1,Bin 5,27,1
69e93a257ecc73c161d92170,410020541,,1,nph,Cathedral Membrane,Near Mint,TRUE,0.15,0,,,
69b0bf1e9ca1ed48e7d8b577,398394963,,1,mm2,Cathodion,Near Mint,FALSE,0.03,1,Bin 6,33,1
69e7ce2a9ca1ed48e7d9adc6,409769246,,1,aer,Caught in the Brights,Near Mint,TRUE,0.1,1,Bin 7,2,1
69e7cbe19ca1ed48e7d9ad29,409768175,,1,aer,Caught in the Brights,Near Mint,FALSE,0.03,3,Bin 7,1,3
69b04eac9ca1ed48e7d8ae55,398299152,,1,c17,Cauldron Dance,Near Mint,FALSE,0.32,1,Bin 6,27,1
69e954697ecc73c161d97b65,410037327,,1,tdm,Caustic Exhale,Near Mint,FALSE,0.05,0,,,
69e932307ecc73c161d90658,410016261,,1,dsk,Cautious Survivor,Near Mint,FALSE,0.03,15,Bin 1,33,15
69c324fd9ca1ed48e7d90b1f,402045343,,1,lci,Cavern Stomper,Near Mint,FALSE,0.04,6,Bin 1,4,6
69af734d9a9ce4ef7aed3d28,398165962,,1,ciko,Cavern Whisperer,NM,FALSE,0.03,1,Bin 6,20,1
69e91b427ecc73c161d8b8c7,409999608,,1,afr,Celestial Unicorn,Near Mint,FALSE,0.09,1,Bin 1,23,1
69e91b427ecc73c161d8b8ca,409999610,,1,cafr,Celestial Unicorn,Near Mint,FALSE,0.06,1,Bin 1,23,1
69efe9414ff24d3a84876fb6,411358591,,1,snc,Cement Shoes,Near Mint,FALSE,0.04,1,Bin 7,20,1
69c31d9a9ca1ed48e7d9090f,402040016,,1,rtr,Centaur Healer,Near Mint,FALSE,0.03,3,Bin 6,39,2
69c31d9a9ca1ed48e7d9090f,402040016,,1,rtr,Centaur Healer,Near Mint,FALSE,0.03,3,Bin 7,5,1
69e53d279ca1ed48e7d99ddf,409247560,,1,mkm,Cerebral Confiscation,Near Mint,FALSE,0.02,19,Bin 5,30,1
69e53d279ca1ed48e7d99ddf,409247560,,1,mkm,Cerebral Confiscation,Near Mint,FALSE,0.02,19,Bin 5,31,2
69e53d279ca1ed48e7d99ddf,409247560,,1,mkm,Cerebral Confiscation,Near Mint,FALSE,0.02,19,Bin 5,32,2
69e53d279ca1ed48e7d99ddf,409247560,,1,mkm,Cerebral Confiscation,Near Mint,FALSE,0.02,19,Bin 5,34,2
69e53d279ca1ed48e7d99ddf,409247560,,1,mkm,Cerebral Confiscation,Near Mint,FALSE,0.02,19,Bin 5,35,3
69e53d279ca1ed48e7d99ddf,409247560,,1,mkm,Cerebral Confiscation,Near Mint,FALSE,0.02,19,Bin 1,9,9
69b0dd099ca1ed48e7d8babe,398420458,,1,vow,Ceremonial Knife,Near Mint,TRUE,0.1,1,Bin 6,37,1
69e41db29ca1ed48e7d98ff4,409079837,,1,kld,Ceremonious Rejection,Near Mint,FALSE,0.05,2,Bin 5,2,2
69af6d6334ce719e27b744e0,398148352,,1,thb,Chain to Memory,NM,FALSE,0.03,1,Bin 6,18,1
69b0d7ea9ca1ed48e7d8b923,398406683,,1,thb,Chain to Memory,Near Mint,TRUE,0.15,2,Bin 6,36,2
69efe93b4ff24d3a84876ed0,411358554,,1,war,Chainwhip Cyclops,Near Mint,FALSE,0.03,2,Bin 7,20,2
69b0d3539ca1ed48e7d8b8be,398404142,,1,dka,Chalice of Life // Chalice of Death,Near Mint,FALSE,0.09,1,Bin 6,35,1
69af6d5d34ce719e27b7447c,398147694,,1,spm,"Chameleon, Master of Disguise",NM,TRUE,0.75,0,,,
69e95c827ecc73c161d99830,410042447,,1,ltr,Chance-Met Elves,Near Mint,TRUE,0.1,1,Bin 7,13,1
69e95c827ecc73c161d99833,410042448,,1,ltr,Chance-Met Elves,Near Mint,FALSE,0.02,1,Bin 7,13,1
69e965b87ecc73c161d9b92f,410045352,,1,ltr,Chance-Met Elves,Near Mint,FALSE,0.03,1,Bin 7,14,1
69b0a9da9ca1ed48e7d8b1ed,398363658,,1,woe,Chancellor of Tales,Near Mint,FALSE,0.03,1,Bin 6,29,1
69e7cbe09ca1ed48e7d9ad0b,409768165,,1,hou,Chandra's Defeat,Near Mint,FALSE,0.05,1,Bin 7,1,1
69c321949ca1ed48e7d90a22,402043026,,1,a25,Chandra's Outrage,Near Mint,FALSE,0.04,1,Bin 1,1,1
69e918607ecc73c161d8af31,409994860,,1,m20,Chandra's Outrage,Near Mint,FALSE,0.05,2,Bin 1,22,2
69e43bda9ca1ed48e7d995f5,409101627,,1,aer,Chandra's Revolution,Near Mint,FALSE,0.03,11,Bin 5,23,11
699bb5c234ce719e27b6ea64,393882033,,1,tdm,Channeled Dragonfire,NM,FALSE,0.05,1,Bin 6,8,1
69b04eac9ca1ed48e7d8ae58,398299154,,1,iko,Channeled Force,Near Mint,FALSE,0.04,1,Bin 6,27,1
69af4ea234ce719e27b74084,397738524,,1,bng,Charging Badger,LP,FALSE,0.02,1,Bin 6,12,1
69e95c8c7ecc73c161d998ee,410042518,,1,xln,Charging Monstrosaur,Near Mint,TRUE,0.15,1,Bin 7,13,1
69e7e4d39ca1ed48e7d9b1b2,409781990,,1,rix,Charging Tuskodon,Near Mint,FALSE,0.14,1,Bin 7,7,1
69efe93f4ff24d3a84876f89,411358584,,1,war,Charity Extractor,Near Mint,FALSE,0.04,1,Bin 7,20,1
69af91879ca1ed48e7d8a7ed,398187786,,1,woe,Charmed Clothier,Near Mint,FALSE,0.04,3,Bin 6,23,1
69af91879ca1ed48e7d8a7ed,398187786,,1,woe,Charmed Clothier,Near Mint,FALSE,0.04,3,Bin 6,24,1
69af91879ca1ed48e7d8a7ed,398187786,,1,woe,Charmed Clothier,Near Mint,FALSE,0.04,3,Bin 6,31,1
69af6d6734ce719e27b74524,398148740,,1,eld,Charmed Sleep,NM,FALSE,0.04,1,Bin 6,18,1
69c321949ca1ed48e7d90a1f,402043025,,1,a25,Chartooth Cougar,Near Mint,FALSE,0.04,1,Bin 1,1,1
69e7d3c09ca1ed48e7d9ae31,409772208,,1,bfz,Chasm Guide,Near Mint,TRUE,0.15,2,Bin 7,3,2
69c31d9f9ca1ed48e7d90961,402040039,,1,rtr,Chemister's Trick,Near Mint,FALSE,0.03,2,Bin 6,39,2
69e7ddab9ca1ed48e7d9b03b,409778120,,1,rtr,Chemister's Trick,Near Mint,TRUE,0.1,1,Bin 7,5,1
69af86db9ca1ed48e7d8a74b,398181827,,1,rix,Cherished Hatchling,Near Mint,FALSE,0.05,1,Bin 6,22,1
69b0bf269ca1ed48e7d8b5e3,398395004,,1,m19,Child of Night,Near Mint,FALSE,0.03,1,Bin 6,33,1
69c32dbd9ca1ed48e7d90b6d,402049694,,1,lci,Child of the Volcano,Near Mint,FALSE,0.04,8,Bin 1,5,8
699b75ac34ce719e27b6e592,393858079,,1,fin,Choco-Comet,NM,FALSE,0.05,1,Bin 6,4,1
69af4d4634ce719e27b7407b,397707531,,1,fin,Chocobo Kick,NM,FALSE,0.03,7,Bin 6,11,5
69af4d4634ce719e27b7407b,397707531,,1,fin,Chocobo Kick,NM,FALSE,0.03,7,Bin 6,13,2
699a9e1834ce719e27b6e082,393639376,,1,fin,Chocobo Kick,NM,FALSE,0.04,3,Bin 6,6,1
699a9e1834ce719e27b6e082,393639376,,1,fin,Chocobo Kick,NM,FALSE,0.04,3,Bin 6,4,1
699a9e1834ce719e27b6e082,393639376,,1,fin,Chocobo Kick,NM,FALSE,0.04,3,Bin 6,3,1
699bbb7634ce719e27b6ebda,393884938,,1,ecl,Chomping Changeling,NM,FALSE,0.38,0,,,
69e7dda79ca1ed48e7d9b006,409778099,,1,rtr,Chronic Flooding,Near Mint,FALSE,0.03,0,,,
69e93a2f7ecc73c161d9222c,410020626,,1,ogw,Cinder Barrens,Near Mint,TRUE,0.15,1,Bin 7,10,1
69e93a307ecc73c161d9222f,410020627,,1,ogw,Cinder Barrens,Near Mint,FALSE,0.06,1,Bin 7,10,1
69c321949ca1ed48e7d90a1c,402043024,,1,a25,Cinder Storm,Near Mint,FALSE,0.04,3,Bin 1,1,3
699bbb7734ce719e27b6ebec,393884944,,1,ecl,Cinder Strike,NM,TRUE,0.15,1,Bin 6,10,1
699bbb7734ce719e27b6ebe9,393884943,,1,ecl,Cinder Strike,NM,FALSE,0.05,1,Bin 6,10,1
69e7ede59ca1ed48e7d9b396,409786010,,1,8ed,Cinder Wall,Near Mint,TRUE,0.15,1,Bin 7,9,1
69ed59c879f49147a0810293,410864062,,1,khm,Cinderheart Giant,Near Mint,FALSE,0.03,1,Bin 7,16,1
69e9243a7ecc73c161d8d713,410006139,,1,blb,Cindering Cutthroat,Near Mint,FALSE,0.05,3,Bin 1,28,3
69e91b457ecc73c161d8b906,409999636,,1,afr,Circle of the Moon Druid,Near Mint,FALSE,0.05,2,Bin 1,23,2
69e7e4d09ca1ed48e7d9b17b,409781966,,1,ori,Citadel Castellan,Near Mint,FALSE,0.05,1,Bin 7,7,1
699bb5bf34ce719e27b6ea34,393882016,,1,spm,City Pigeon,NM,FALSE,0.05,1,Bin 6,8,1
69af518534ce719e27b74130,397759303,,1,snc,Civic Gardener,NM,FALSE,0.03,2,Bin 6,14,1
69af518534ce719e27b74130,397759303,,1,snc,Civic Gardener,NM,FALSE,0.03,2,Bin 6,16,1
69af6d6334ce719e27b744e6,398148392,,1,snc,Civil Servant,NM,FALSE,0.03,1,Bin 6,18,1
69efe93f4ff24d3a84876f7e,411358582,,1,bng,Claim of Erebos,Near Mint,TRUE,0.1,1,Bin 7,20,1
69e965bb7ecc73c161d9b979,410045383,,1,ltr,Claim the Precious,Near Mint,FALSE,0.09,1,Bin 7,14,1
69e930747ecc73c161d8ffe3,410015016,,1,dsk,Clammy Prowler,Near Mint,FALSE,0.03,16,Bin 1,31,16
69e7e4cf9ca1ed48e7d9b160,409781955,,1,ori,Clash of Wills,Near Mint,FALSE,0.09,0,,,
69b04eae9ca1ed48e7d8ae7d,398299180,,1,cfin,Clash of the Eikons,Near Mint,TRUE,0.5,1,Bin 6,27,1
699b795e34ce719e27b6e649,393859659,,1,fin,Clash of the Eikons,NM,FALSE,0.05,1,Bin 6,3,1
69e9185e7ecc73c161d8aeda,409994850,,1,cafr,Clattering Skeletons,Near Mint,FALSE,0.05,6,Bin 1,22,6
69b04ea89ca1ed48e7d8ae19,398299106,,1,bro,Clay Revenant,Near Mint,FALSE,0.03,1,Bin 6,27,1
69b0bf1b9ca1ed48e7d8b549,398394944,,1,rix,Cleansing Ray,Near Mint,FALSE,0.03,2,Bin 6,33,1
69b0bf1b9ca1ed48e7d8b549,398394944,,1,rix,Cleansing Ray,Near Mint,FALSE,0.03,2,Bin 7,7,1
69e539319ca1ed48e7d99cc5,409246118,,1,emn,Clear Shot,Near Mint,FALSE,0.05,1,Bin 5,28,1
69b0c7649ca1ed48e7d8b6ba,398398119,,1,dgm,Clear a Path,Near Mint,FALSE,0.03,5,Bin 6,33,4
69b0c7649ca1ed48e7d8b6ba,398398119,,1,dgm,Clear a Path,Near Mint,FALSE,0.03,5,Bin 7,18,1
69b0c7649ca1ed48e7d8b6b7,398398118,,1,m15,Clear a Path,Near Mint,FALSE,0.03,2,Bin 6,33,2
69b08a989ca1ed48e7d8b0f2,398343038,,1,mh1,Cleaving Sliver,Near Mint,FALSE,0.04,0,,,
69e96e587ecc73c161d9d701,410048686,,1,jou,Cloaked Siren,Near Mint,TRUE,0.15,1,Bin 7,15,1
69e932f67ecc73c161d908be,410016870,,1,dsk,Clockwork Percussionist,Near Mint,FALSE,0.23,1,Bin 1,34,1
69c3156c9ca1ed48e7d90852,402033816,,1,eld,Clockwork Servant,Near Mint,TRUE,0.15,1,Bin 6,38,1
69e957cd7ecc73c161d9878e,410039882,,1,mm2,Cloud Elemental,Near Mint,TRUE,0.1,2,Bin 7,12,2
69e431d69ca1ed48e7d99466,409094081,,1,bfz,Cloud Manta,Near Mint,FALSE,0.03,12,Bin 5,16,12
699b795b34ce719e27b6e619,393859649,,1,fin,Cloud of Darkness,NM,FALSE,0.04,2,Bin 6,3,2
69e4218f9ca1ed48e7d990e6,409081293,,1,kld,Cloudblazer,Near Mint,FALSE,0.14,2,Bin 5,5,2
699a9e1734ce719e27b6e076,393639372,,1,fin,Cloudbound Moogle,NM,FALSE,0.03,15,Bin 6,6,1
699a9e1734ce719e27b6e076,393639372,,1,fin,Cloudbound Moogle,NM,FALSE,0.03,15,Bin 6,4,1
699a9e1734ce719e27b6e076,393639372,,1,fin,Cloudbound Moogle,NM,FALSE,0.03,15,Bin 6,1,1
699a9e1734ce719e27b6e076,393639372,,1,fin,Cloudbound Moogle,NM,FALSE,0.03,15,Bin 6,12,12
699bb19434ce719e27b6e92e,393880584,,1,fin,Cloudbound Moogle,NM,TRUE,0.15,1,Bin 6,7,1
69e431d69ca1ed48e7d99463,409094079,,1,bfz,Clutch of Currents,Near Mint,FALSE,0.03,12,Bin 5,16,12
69e7d3c09ca1ed48e7d9ae3c,409772211,,1,bfz,Clutch of Currents,Near Mint,TRUE,0.1,2,Bin 7,3,2
699b7d3234ce719e27b6e745,393860674,,1,apc,Coalition Flag,LP,FALSE,0.12,2,Bin 6,2,2
69b0d7f69ca1ed48e7d8b9e1,398406795,,1,ori,Cobblebrute,Near Mint,FALSE,0.03,2,Bin 6,36,2
69b0c7659ca1ed48e7d8b6d3,398398127,,1,rtr,Cobblebrute,Near Mint,FALSE,0.04,2,Bin 6,33,2
69b0d7f69ca1ed48e7d8b9de,398406793,,1,rtr,Cobblebrute,Near Mint,TRUE,0.15,1,Bin 6,36,1
69ed59c179f49147a081021f,410864023,,1,khm,Codespell Cleric,Near Mint,FALSE,0.02,1,Bin 7,16,1
699a9e1834ce719e27b6e07c,393639374,,1,fin,Coeurl,NM,FALSE,0.03,17,Bin 6,6,2
699a9e1834ce719e27b6e07c,393639374,,1,fin,Coeurl,NM,FALSE,0.03,17,Bin 6,4,1
699a9e1834ce719e27b6e07c,393639374,,1,fin,Coeurl,NM,FALSE,0.03,17,Bin 6,1,1
699a9e1834ce719e27b6e07c,393639374,,1,fin,Coeurl,NM,FALSE,0.03,17,Bin 6,12,13
699bb19434ce719e27b6e931,393880585,,1,fin,Coeurl,NM,TRUE,0.15,1,Bin 6,7,1
69e43ed69ca1ed48e7d99692,409102780,,1,aer,Cogwork Assembler,Near Mint,FALSE,0.03,4,Bin 5,25,4
699b7d3234ce719e27b6e74b,393860676,,1,tmp,Coiled Tinviper,MP,FALSE,0.03,1,Bin 6,2,1
699b7d3234ce719e27b6e748,393860675,,1,tmp,Coiled Tinviper,LP,FALSE,0.05,1,Bin 6,2,1
69e53d289ca1ed48e7d99dec,409247563,,1,mkm,Cold Case Cracker,Near Mint,FALSE,0.02,19,Bin 5,30,1
69e53d289ca1ed48e7d99dec,409247563,,1,mkm,Cold Case Cracker,Near Mint,FALSE,0.02,19,Bin 5,31,4
69e53d289ca1ed48e7d99dec,409247563,,1,mkm,Cold Case Cracker,Near Mint,FALSE,0.02,19,Bin 5,33,3
69e53d289ca1ed48e7d99dec,409247563,,1,mkm,Cold Case Cracker,Near Mint,FALSE,0.02,19,Bin 5,34,1
69e53d289ca1ed48e7d99dec,409247563,,1,mkm,Cold Case Cracker,Near Mint,FALSE,0.02,19,Bin 5,35,2
69e53d289ca1ed48e7d99dec,409247563,,1,mkm,Cold Case Cracker,Near Mint,FALSE,0.02,19,Bin 1,9,8
69c321959ca1ed48e7d90a37,402043033,,1,a25,Colossal Dreadmaw,Near Mint,FALSE,0.04,4,Bin 1,1,4
69af580834ce719e27b74262,397801377,,1,m21,Colossal Dreadmaw,NM,FALSE,0.03,1,Bin 6,16,1
69b0cca99ca1ed48e7d8b7c8,398401861,,1,rix,Colossal Dreadmaw,Near Mint,FALSE,0.04,1,Bin 6,34,1
69b0cca99ca1ed48e7d8b7c5,398401860,,1,xln,Colossal Dreadmaw,Near Mint,FALSE,0.03,1,Bin 6,34,1
69e42ea39ca1ed48e7d993e8,409092709,,1,akh,Colossapede,Near Mint,FALSE,0.05,10,Bin 5,14,10
69b0dd019ca1ed48e7d8ba4c,398420426,,1,akh,Colossapede,Near Mint,FALSE,0.04,2,Bin 6,37,1
69b0dd019ca1ed48e7d8ba4c,398420426,,1,akh,Colossapede,Near Mint,FALSE,0.04,2,Bin 6,39,1
699a9e1b34ce719e27b6e0c4,393639395,,1,fin,Combat Tutorial,NM,FALSE,0.04,3,Bin 6,6,1
699a9e1b34ce719e27b6e0c4,393639395,,1,fin,Combat Tutorial,NM,FALSE,0.04,3,Bin 6,4,1
699a9e1b34ce719e27b6e0c4,393639395,,1,fin,Combat Tutorial,NM,FALSE,0.04,3,Bin 6,3,1
699a9e2034ce719e27b6e11b,393639424,,1,tla,Combustion Technique,NM,FALSE,0.17,1,Bin 6,6,1
69b04ea89ca1ed48e7d8ae10,398299099,,1,ncc,Commander's Sphere,Near Mint,FALSE,0.03,0,,,
69b0c75f9ca1ed48e7d8b670,398398097,,1,kld,Commencement of Festivities,Near Mint,FALSE,0.04,1,Bin 6,33,1
69e7ddab9ca1ed48e7d9b041,409778123,,1,rtr,Common Bond,Near Mint,FALSE,0.03,3,Bin 7,5,3
699b795d34ce719e27b6e639,393859655,,1,fin,Commune with Beavers,NM,FALSE,0.04,4,Bin 6,3,4
69af4d4534ce719e27b74076,397707507,,1,fin,Commune with Beavers,NM,FALSE,0.03,4,Bin 6,11,4
699b75ab34ce719e27b6e577,393858065,,1,fin,Commune with Beavers,NM,TRUE,0.15,1,Bin 6,4,1
69b0cc9e9ca1ed48e7d8b721,398401770,,1,xln,Commune with Dinosaurs,Near Mint,FALSE,0.08,2,Bin 6,34,2
69c31da09ca1ed48e7d9097a,402040046,,1,xln,Commune with Dinosaurs,Near Mint,TRUE,0.2,1,Bin 6,39,1
69b03d249ca1ed48e7d8abbf,398283210,,1,woe,Commune with Nature,Near Mint,FALSE,0.03,1,Bin 6,24,1
69af6d6a34ce719e27b7455e,398149082,,1,neo,Commune with Spirits,NM,FALSE,0.03,0,,,
69e9546e7ecc73c161d97bbc,410037354,,1,ema,Commune with the Gods,Near Mint,TRUE,0.15,0,,,
69e53ab39ca1ed48e7d99d40,409246476,,1,ogw,Comparative Analysis,Near Mint,FALSE,0.03,5,Bin 5,29,5
69c322e99ca1ed48e7d90ab8,402044521,,1,lci,Compass Gnome,Near Mint,FALSE,0.03,5,Bin 1,2,5
69b0addf9ca1ed48e7d8b315,398366934,,1,tla,Compassionate Healer,Near Mint,TRUE,0.1,1,Bin 6,30,1
69b0addf9ca1ed48e7d8b312,398366933,,1,tla,Compassionate Healer,Near Mint,FALSE,0.03,1,Bin 6,30,1
69e91b457ecc73c161d8b903,409999635,,1,afr,Compelled Duel,Near Mint,FALSE,0.05,1,Bin 1,23,1
69e4293e9ca1ed48e7d9925c,409089670,,1,akh,Compelling Argument,Near Mint,FALSE,0.05,0,,,
69e7e4da9ca1ed48e7d9b222,409782029,,1,inr,Compelling Deterrence,Near Mint,FALSE,0.05,1,Bin 7,7,1
69b042639ca1ed48e7d8ac8d,398289286,,1,bfz,Complete Disregard,Near Mint,TRUE,0.15,1,Bin 6,25,1
69e432f19ca1ed48e7d994c2,409094965,,1,bfz,Complete Disregard,Near Mint,FALSE,0.03,6,Bin 5,17,6
69e429429ca1ed48e7d992a2,409089699,,1,akh,Compulsory Rest,Near Mint,FALSE,0.05,3,Bin 5,10,3
69e70c309ca1ed48e7d9a8e7,409616272,,1,mkm,Concealed Weapon,Near Mint,FALSE,0.05,2,Bin 5,36,2
69af91859ca1ed48e7d8a7c6,398187772,,1,woe,Conceited Witch // Price of Beauty,Near Mint,FALSE,0.03,2,Bin 6,23,2
69e7e4ce9ca1ed48e7d9b14b,409781947,,1,ori,Conclave Naturalists,Near Mint,FALSE,0.05,1,Bin 7,7,1
69e7dda39ca1ed48e7d9afb0,409778067,,1,rtr,Concordia Pegasus,Near Mint,FALSE,0.03,0,,,
69b0a9d79ca1ed48e7d8b1bb,398363642,,1,5dn,Condescend,Near Mint,FALSE,0.14,0,,,
69e923467ecc73c161d8d3e5,410005637,,1,blb,Conduct Electricity,Near Mint,FALSE,0.03,12,Bin 1,27,12
699b796534ce719e27b6e6b9,393859686,,1,mh3,Conduit Goblin,NM,FALSE,0.03,1,Bin 6,3,1
69e918637ecc73c161d8af67,409994919,,1,otj,Conduit Pylons,Near Mint,FALSE,0.29,2,Bin 1,22,2
69e539339ca1ed48e7d99cdd,409246126,,1,emn,Conduit of Storms // Conduit of Emrakul,Near Mint,FALSE,0.03,3,Bin 5,28,3
69af73489a9ce4ef7aed3ccd,398165918,,1,cmr,Confiscate,NM,FALSE,0.04,1,Bin 6,20,1
69af918d9ca1ed48e7d8a85b,398187817,,1,mh2,Constable of the Realm,Near Mint,FALSE,0.04,5,Bin 6,23,5
69e7e4d09ca1ed48e7d9b178,409781965,,1,ori,Consul's Lieutenant,Near Mint,FALSE,0.05,1,Bin 7,7,1
69e41c889ca1ed48e7d98fd2,409079431,,1,kld,Consul's Shieldguard,Near Mint,FALSE,0.03,5,Bin 5,1,4
69e41c889ca1ed48e7d98fd2,409079431,,1,kld,Consul's Shieldguard,Near Mint,FALSE,0.03,5,Bin 7,4,1
69e7cbdc9ca1ed48e7d9accf,409768145,,1,aer,Consulate Dreadnought,Near Mint,FALSE,0.03,2,Bin 7,1,1
69e7cbdc9ca1ed48e7d9accf,409768145,,1,aer,Consulate Dreadnought,Near Mint,FALSE,0.03,2,Bin 7,2,1
69b0bf189ca1ed48e7d8b517,398394926,,1,kld,Consulate Surveillance,Near Mint,FALSE,0.04,1,Bin 6,33,1
69e41c889ca1ed48e7d98fd5,409079432,,1,kld,Consulate Surveillance,Near Mint,FALSE,0.11,3,Bin 5,1,3
69e43ed59ca1ed48e7d9968f,409102779,,1,aer,Consulate Turret,Near Mint,FALSE,0.03,8,Bin 5,25,8
69b08a8f9ca1ed48e7d8b050,398342933,,1,rav,Consult the Necrosages,Near Mint,FALSE,0.04,2,Bin 6,28,2
69b04eb29ca1ed48e7d8aec6,398299253,,1,blb,Consumed by Greed,Near Mint,FALSE,0.03,0,,,
69e905387ecc73c161d8728b,409963109,,1,otj,Consuming Ashes,Near Mint,FALSE,0.02,16,Bin 1,14,16
699b7d3834ce719e27b6e7ae,393860706,,1,mh3,Consuming Corruption,NM,FALSE,0.03,1,Bin 6,2,1
69e42c259ca1ed48e7d99322,409090842,,1,akh,Consuming Fervor,Near Mint,FALSE,0.04,2,Bin 5,12,2
69e53ab39ca1ed48e7d99d3d,409246475,,1,ogw,Consuming Sinkhole,Near Mint,FALSE,0.03,6,Bin 5,29,6
69e53ab59ca1ed48e7d99d64,409246489,,1,ogw,Containment Membrane,Near Mint,FALSE,0.03,2,Bin 5,29,2
69e93a297ecc73c161d921b7,410020570,,1,ogw,Containment Membrane,Near Mint,TRUE,0.1,1,Bin 7,10,1
699b7d3634ce719e27b6e786,393860697,,1,mh3,Contaminated Landscape,NM,FALSE,0.03,0,,,
69e4218e9ca1ed48e7d990e3,409081278,,1,kld,Contraband Kingpin,Near Mint,FALSE,0.05,3,Bin 5,5,3
69b0bb199ca1ed48e7d8b43f,398393211,,1,xln,Contract Killing,Near Mint,FALSE,0.03,2,Bin 6,32,1
69b0bb199ca1ed48e7d8b43f,398393211,,1,xln,Contract Killing,Near Mint,FALSE,0.03,2,Bin 6,33,1
69e535b99ca1ed48e7d99c73,409244289,,1,mkm,Convenient Target,Near Mint,FALSE,0.05,1,Bin 5,8,1
69e957cf7ecc73c161d987ac,410039892,,1,emn,Convolute,Near Mint,FALSE,0.03,1,Bin 7,12,1
69e918617ecc73c161d8af49,409994869,,1,m20,Convolute,Near Mint,FALSE,0.05,1,Bin 1,22,1
69e957d77ecc73c161d98838,410039941,,1,mm2,Copper Carapace,Near Mint,TRUE,0.1,1,Bin 7,12,1
699b75a634ce719e27b6e52c,393857986,,1,fin,Coral Sword,NM,FALSE,0.03,1,Bin 6,4,1
69c321979ca1ed48e7d90a58,402043044,,1,a25,Coralhelm Guide,Near Mint,FALSE,0.04,1,Bin 1,1,1
69e432f29ca1ed48e7d994df,409094977,,1,bfz,Coralhelm Guide,Near Mint,FALSE,0.03,11,Bin 5,17,11
69e70c309ca1ed48e7d9a8dc,409616269,,1,mkm,Cornered Crook,Near Mint,FALSE,0.03,2,Bin 5,36,2
699b75a534ce719e27b6e513,393857976,,1,fin,Cornered by Black Mages,NM,FALSE,0.06,0,,,
69af4d4334ce719e27b7404a,397707296,,1,fin,Cornered by Black Mages,NM,FALSE,0.09,0,,,
69af542034ce719e27b7415c,397764510,,1,cmr,Corpse Churn,NM,FALSE,0.04,1,Bin 6,15,1
69e7ede79ca1ed48e7d9b3b7,409786021,,1,isd,Corpse Lunge,Near Mint,TRUE,0.1,1,Bin 7,9,1
69e9243a7ecc73c161d8d710,410006138,,1,blb,Corpseberry Cultivator,Near Mint,FALSE,0.03,8,Bin 1,28,8
69e954727ecc73c161d97c03,410037378,,1,nph,Corrosive Gale,Near Mint,TRUE,0.15,2,Bin 7,11,2
69af580634ce719e27b74248,397801253,,1,snc,Corrupt Court Official,NM,FALSE,0.03,1,Bin 6,16,1
699bb19d34ce719e27b6e9d2,393880645,,1,tla,Corrupt Court Official,NM,FALSE,0.05,4,Bin 6,7,1
699bb19d34ce719e27b6e9d2,393880645,,1,tla,Corrupt Court Official,NM,FALSE,0.05,4,Bin 6,9,3
69b0adda9ca1ed48e7d8b2d0,398366922,,1,tla,Corrupt Court Official,Near Mint,FALSE,0.03,1,Bin 6,30,1
69c34bfb9ca1ed48e7d90c29,402068378,,1,lci,Cosmium Blast,Near Mint,FALSE,0.04,4,Bin 1,6,4
69e95c857ecc73c161d99869,410042466,,1,xln,Costly Plunder,Near Mint,FALSE,0.14,0,,,
69b0bf259ca1ed48e7d8b5d1,398394998,,1,xln,Costly Plunder,Near Mint,FALSE,0.15,0,,,
699b796234ce719e27b6e686,393859669,,1,hou,Countervailing Winds,NM,FALSE,0.05,1,Bin 6,3,1
69e439cc9ca1ed48e7d9958f,409100237,,1,aer,Countless Gears Renegade,Near Mint,FALSE,0.05,8,Bin 5,21,8
69e5344f9ca1ed48e7d99b6c,409242865,,1,fdn,Courageous Goblin,Near Mint,FALSE,0.03,3,Bin 5,27,1
69e5344f9ca1ed48e7d99b6c,409242865,,1,fdn,Courageous Goblin,Near Mint,FALSE,0.03,3,Bin 7,6,2
69e7e0a29ca1ed48e7d9b0c8,409779793,,1,fdn,Courageous Goblin,Near Mint,TRUE,0.1,2,Bin 7,6,2
69e539309ca1ed48e7d99cb3,409246112,,1,emn,Courageous Outrider,Near Mint,FALSE,0.03,0,,,
69b08a959ca1ed48e7d8b0bc,398342999,,1,cns,Courier Hawk,Near Mint,TRUE,0.15,1,Bin 6,28,1
69b0b79f9ca1ed48e7d8b354,398391675,,1,cns,Courier Hawk,Near Mint,FALSE,0.03,5,Bin 6,31,5
69e7ddaa9ca1ed48e7d9b02a,409778114,,1,rtr,Coursers' Accord,Near Mint,FALSE,0.05,1,Bin 7,5,1
69c31d999ca1ed48e7d90905,402040013,,1,rtr,Coursers' Accord,Near Mint,FALSE,0.04,5,Bin 6,39,5
69e957d57ecc73c161d98814,410039929,,1,mm2,Court Homunculus,Near Mint,TRUE,0.1,1,Bin 7,12,1
69c321979ca1ed48e7d90a55,402043043,,1,a25,Court Hussar,Near Mint,FALSE,0.03,2,Bin 1,1,2
69af580a34ce719e27b74292,397801600,,1,cmr,Court Street Denizen,NM,FALSE,0.04,2,Bin 6,16,1
69af580a34ce719e27b74292,397801600,,1,cmr,Court Street Denizen,NM,FALSE,0.04,2,Bin 6,18,1
69c315649ca1ed48e7d907c4,402033110,,1,eld,Covetous Urge,Near Mint,TRUE,0.15,1,Bin 6,38,1
69e7dda59ca1ed48e7d9afdc,409778085,,1,kld,Cowl Prowler,Near Mint,FALSE,0.05,1,Bin 7,5,1
69e43ed59ca1ed48e7d9968c,409102778,,1,aer,Crackdown Construct,Near Mint,FALSE,0.09,4,Bin 5,25,4
69e92fa97ecc73c161d8fd7d,410014215,,1,dsk,Cracked Skull,Near Mint,FALSE,0.03,8,Bin 1,30,8
69e4307b9ca1ed48e7d9940d,409093654,,1,akh,Cradle of the Accursed,Near Mint,FALSE,0.05,5,Bin 5,15,5
69e965ba7ecc73c161d9b95e,410045369,,1,akh,Cradle of the Accursed,Near Mint,TRUE,0.15,1,Bin 7,14,1
69b0c75f9ca1ed48e7d8b673,398398098,,1,xln,Crash the Ramparts,Near Mint,FALSE,0.04,2,Bin 6,33,2
69b0bb249ca1ed48e7d8b4e1,398393269,,1,rix,Crashing Tide,Near Mint,FALSE,0.03,2,Bin 6,32,2
69e7e4d59ca1ed48e7d9b1cd,409781998,,1,rix,Crashing Tide,Near Mint,TRUE,0.1,1,Bin 7,7,1
69af70149a9ce4ef7aed3c9d,398161643,,1,ctla,Crashing Wave,NM,FALSE,0.1,1,Bin 6,19,1
69e5345c9ca1ed48e7d99c24,409243008,,1,mid,Crawl from the Cellar,Near Mint,FALSE,0.03,1,Bin 5,27,1
69e7ea149ca1ed48e7d9b295,409784020,,1,soi,Creeping Dread,Near Mint,FALSE,0.09,1,Bin 7,8,1
69e420199ca1ed48e7d99059,409080687,,1,kld,Creeping Mold,Near Mint,FALSE,0.05,4,Bin 5,4,4
69e930737ecc73c161d8ffe0,410015015,,1,dsk,Creeping Peeper,Near Mint,FALSE,0.03,11,Bin 1,31,11
69e7dda49ca1ed48e7d9afc7,409778076,,1,rtr,Cremate,Near Mint,FALSE,0.05,2,Bin 7,5,2
69e918637ecc73c161d8af64,409994907,,1,otj,Creosote Heath,Near Mint,FALSE,0.07,0,,,
699bb19a34ce719e27b6e994,393880618,,1,tla,Crescent Island Temple,NM,FALSE,0.05,1,Bin 6,7,1
699bbb7834ce719e27b6ec04,393884953,,1,ecl,Crib Swap,NM,TRUE,0.15,1,Bin 6,10,1
69e53d269ca1ed48e7d99dd3,409247556,,1,mkm,Crimestopper Sprite,Near Mint,FALSE,0.02,20,Bin 5,30,1
69e53d269ca1ed48e7d99dd3,409247556,,1,mkm,Crimestopper Sprite,Near Mint,FALSE,0.02,20,Bin 5,32,3
69e53d269ca1ed48e7d99dd3,409247556,,1,mkm,Crimestopper Sprite,Near Mint,FALSE,0.02,20,Bin 5,33,2
69e53d269ca1ed48e7d99dd3,409247556,,1,mkm,Crimestopper Sprite,Near Mint,FALSE,0.02,20,Bin 5,34,3
69e53d269ca1ed48e7d99dd3,409247556,,1,mkm,Crimestopper Sprite,Near Mint,FALSE,0.02,20,Bin 5,35,2
69e53d269ca1ed48e7d99dd3,409247556,,1,mkm,Crimestopper Sprite,Near Mint,FALSE,0.02,20,Bin 1,9,9
69c321949ca1ed48e7d90a19,402043023,,1,a25,Crimson Mage,Near Mint,FALSE,0.04,2,Bin 1,1,2
69ed5f1779f49147a08132cf,410865331,,1,ktk,Crippling Chill,Near Mint,TRUE,0.05,2,Bin 7,17,2
69e422c89ca1ed48e7d9911a,409082107,,1,ktk,Crippling Chill,Near Mint,FALSE,0.03,3,Bin 5,6,3
69e42ea39ca1ed48e7d993e5,409092708,,1,akh,Crocodile of the Crossing,Near Mint,FALSE,0.05,4,Bin 5,14,4
69e7cbdd9ca1ed48e7d9acd8,409768148,,1,hou,Crook of Condemnation,Near Mint,FALSE,0.05,2,Bin 7,1,2
69e957d47ecc73c161d98802,410039923,,1,emn,Crop Sigil,Near Mint,FALSE,0.07,1,Bin 7,12,1
699bb82334ce719e27b6eb45,393883187,,1,fin,Crossroads Village,NM,FALSE,0.04,20,Bin 6,9,20
69e7ede69ca1ed48e7d9b3a8,409786016,,1,uma,Crow of Dark Tidings,Near Mint,TRUE,0.1,1,Bin 7,9,1
69e91b407ecc73c161d8b8a9,409999595,,1,uma,Crow of Dark Tidings,Near Mint,FALSE,0.03,1,Bin 1,23,1
69b0425f9ca1ed48e7d8ac43,398289257,,1,m15,Crowd's Favor,Near Mint,TRUE,0.1,1,Bin 6,25,1
69e9035c7ecc73c161d86c9b,409953938,,1,mkm,Crowd-Control Warden,Near Mint,FALSE,0.03,6,Bin 1,12,6
69e54d3f9ca1ed48e7d99f63,409255063,,1,mkm,Crowd-Control Warden,Near Mint,FALSE,0.05,6,Bin 5,32,3
69e54d3f9ca1ed48e7d99f63,409255063,,1,mkm,Crowd-Control Warden,Near Mint,FALSE,0.05,6,Bin 5,34,1
69e54d3f9ca1ed48e7d99f63,409255063,,1,mkm,Crowd-Control Warden,Near Mint,FALSE,0.05,6,Bin 5,35,2
69af848b9ca1ed48e7d8a685,398179347,,1,m12,Crown of Empires,Near Mint,FALSE,0.04,4,Bin 6,21,4
699bb19a34ce719e27b6e997,393880619,,1,tla,Cruel Administrator,NM,FALSE,0.05,1,Bin 6,7,1
69af70129a9ce4ef7aed3c7e,398161636,,1,tla,Cruel Administrator,NM,FALSE,0.03,1,Bin 6,19,1
69e957d17ecc73c161d987d3,410039905,,1,tdm,Cruel Truths,Near Mint,FALSE,0.05,1,Bin 7,12,1
69e957d17ecc73c161d987d0,410039904,,1,tdm,Cruel Truths,Near Mint,TRUE,0.15,1,Bin 7,12,1
69e923447ecc73c161d8d3be,410005622,,1,blb,Crumb and Get It,Near Mint,FALSE,0.05,9,Bin 1,27,6
69e923447ecc73c161d8d3be,410005622,,1,blb,Crumb and Get It,Near Mint,FALSE,0.05,9,Bin 1,28,3
69af6d5c34ce719e27b74476,398147661,,1,ala,Crumbling Necropolis,NM,FALSE,0.4,0,,,
69e53ab59ca1ed48e7d99d61,409246488,,1,ogw,Crumbling Vestige,Near Mint,FALSE,0.03,0,,,
69b0c75f9ca1ed48e7d8b676,398398099,,1,grn,Crushing Canopy,Near Mint,FALSE,0.03,1,Bin 6,33,1
69c31da09ca1ed48e7d90983,402040049,,1,xln,Crushing Canopy,Near Mint,TRUE,0.15,1,Bin 6,39,1
69b0c7609ca1ed48e7d8b679,398398100,,1,xln,Crushing Canopy,Near Mint,FALSE,0.03,3,Bin 6,33,2
69b0c7609ca1ed48e7d8b679,398398100,,1,xln,Crushing Canopy,Near Mint,FALSE,0.03,3,Bin 6,34,1
699bbb7f34ce719e27b6ec88,393885009,,1,c17,Crushing Vines,NM,FALSE,0.05,1,Bin 6,10,1
69e7e0a69ca1ed48e7d9b10b,409779818,,1,fdn,Crypt Feaster,Near Mint,FALSE,0.03,3,Bin 7,6,3
69e7cbe09ca1ed48e7d9ad19,409768170,,1,hou,Crypt of the Eternals,Near Mint,FALSE,0.05,2,Bin 7,1,2
69b03d1d9ca1ed48e7d8ab45,398283164,,1,tsr,Cryptic Annelid,Near Mint,TRUE,0.25,1,Bin 6,24,1
69e7d3c19ca1ed48e7d9ae4e,409772219,,1,bfz,Cryptic Cruiser,Near Mint,TRUE,0.1,1,Bin 7,3,1
69e932307ecc73c161d90655,410016259,,1,dsk,Cryptid Inspector,Near Mint,FALSE,0.03,8,Bin 1,33,8
69b0bf1c9ca1ed48e7d8b54c,398394945,,1,emn,Cryptolith Fragment // Aurora of Emrakul,Near Mint,FALSE,0.14,0,,,
69e957d67ecc73c161d98832,410039939,,1,emn,Cryptolith Fragment // Aurora of Emrakul,Near Mint,FALSE,0.26,2,Bin 7,12,2
69af580a34ce719e27b7428c,397801565,,1,iko,Crystacean,NM,FALSE,0.03,3,Bin 6,16,1
69af580a34ce719e27b7428c,397801565,,1,iko,Crystacean,NM,FALSE,0.03,3,Bin 6,17,1
69af580a34ce719e27b7428c,397801565,,1,iko,Crystacean,NM,FALSE,0.03,3,Bin 6,20,1
69e7ede99ca1ed48e7d9b3de,409786042,,1,8ed,Crystal Rod,Near Mint,TRUE,0.15,1,Bin 7,9,1
69b0dcfd9ca1ed48e7d8ba14,398420411,,1,gpt,Crystal Seer,Near Mint,FALSE,0.04,1,Bin 6,37,1
69e432f09ca1ed48e7d994bf,409094964,,1,bfz,Culling Drone,Near Mint,FALSE,0.03,9,Bin 5,17,9
69e7d3c59ca1ed48e7d9ae98,409772244,,1,bfz,Culling Drone,Near Mint,TRUE,0.1,1,Bin 7,3,1
69af4ea234ce719e27b74087,397738544,,1,bng,Culling Mark,LP,FALSE,0.03,12,Bin 6,12,12
69e934c27ecc73c161d90f45,410017675,,1,dsk,Cult Healer,Near Mint,FALSE,0.03,13,Bin 1,36,13
69e53ab49ca1ed48e7d99d4c,409246481,,1,ogw,Cultivator Drone,Near Mint,FALSE,0.03,9,Bin 5,29,9
69e535b69ca1ed48e7d99c4c,409244260,,1,mkm,Culvert Ambusher,Near Mint,FALSE,0.05,1,Bin 5,8,1
69b0add89ca1ed48e7d8b2b5,398366918,,1,tla,Cunning Maneuver,Near Mint,FALSE,0.03,1,Bin 6,30,1
69b0bb1b9ca1ed48e7d8b45f,398393222,,1,hou,Cunning Survivor,Near Mint,FALSE,0.03,1,Bin 6,32,1
69af68aa34ce719e27b74335,398052878,,1,stx,Curate,Near Mint,FALSE,0.04,2,Bin 6,17,1
69af68aa34ce719e27b74335,398052878,,1,stx,Curate,Near Mint,FALSE,0.04,2,Bin 6,27,1
69e7dda69ca1ed48e7d9aff3,409778092,,1,kld,Curio Vendor,Near Mint,TRUE,0.1,1,Bin 7,5,1
69b0bb1b9ca1ed48e7d8b462,398393223,,1,kld,Curio Vendor,Near Mint,FALSE,0.03,9,Bin 6,32,1
69b0bb1b9ca1ed48e7d8b462,398393223,,1,kld,Curio Vendor,Near Mint,FALSE,0.03,9,Bin 5,2,8
69e70c369ca1ed48e7d9a94a,409616299,,1,cmkm,Curious Cadaver,Near Mint,FALSE,0.05,2,Bin 5,36,2
699bb1a034ce719e27b6ea07,393880656,,1,tla,Curious Farm Animals,Near Mint,FALSE,0.03,3,Bin 6,7,1
699bb1a034ce719e27b6ea07,393880656,,1,tla,Curious Farm Animals,Near Mint,FALSE,0.03,3,Bin 6,30,2
69e70c349ca1ed48e7d9a920,409616287,,1,mkm,Curious Inquiry,Near Mint,FALSE,0.05,2,Bin 5,36,2
69af848f9ca1ed48e7d8a6c9,398179369,,1,celd,Curious Pair // Treats to Share,Near Mint,FALSE,0.11,4,Bin 6,21,2
69af848f9ca1ed48e7d8a6c9,398179369,,1,celd,Curious Pair // Treats to Share,Near Mint,FALSE,0.11,4,Bin 6,23,2
69b04eb09ca1ed48e7d8aea4,398299196,,1,c13,Curse of Chaos,Near Mint,FALSE,0.04,1,Bin 6,27,1
69b0a9e19ca1ed48e7d8b26e,398363692,,1,cma,Curse of Inertia,Near Mint,FALSE,0.19,1,Bin 6,29,1
69e7ede79ca1ed48e7d9b3ba,409786022,,1,isd,Curse of Oblivion,Near Mint,TRUE,0.15,0,,,
69b04eb29ca1ed48e7d8aecc,398299255,,1,plist2,Curse of Shallow Graves,Near Mint,FALSE,0.4,0,,,
69b04eb29ca1ed48e7d8aec9,398299254,,1,dka,Curse of Thirst,Near Mint,FALSE,0.04,1,Bin 6,27,1
69b0a9e19ca1ed48e7d8b26b,398363691,,1,c17,Curse of Verbosity,Near Mint,FALSE,0.7,1,Bin 6,29,1
69b0a9e19ca1ed48e7d8b268,398363690,,1,pwpn,Curse of the Bloody Tome,Near Mint,TRUE,0.45,1,Bin 6,29,1
69b04eb09ca1ed48e7d8aea7,398299197,,1,isd,Curse of the Pierced Heart,Near Mint,FALSE,0.17,1,Bin 6,27,1
69e42aa29ca1ed48e7d992ba,409089963,,1,akh,Cursed Minotaur,Near Mint,FALSE,0.05,5,Bin 5,11,5
69b0b79e9ca1ed48e7d8b351,398391674,,1,cns,Custodi Squire,Near Mint,FALSE,0.17,1,Bin 6,31,1
69ed5f1679f49147a08132a8,410865323,,1,dtk,Custodian of the Trove,Near Mint,FALSE,0.05,1,Bin 7,17,1
69af91829ca1ed48e7d8a795,398187757,,1,woe,Cut In,Near Mint,FALSE,0.03,3,Bin 6,23,1
69af91829ca1ed48e7d8a795,398187757,,1,woe,Cut In,Near Mint,FALSE,0.03,3,Bin 6,24,2
69af580634ce719e27b7424b,397801265,,1,snc,Cutthroat Contender,NM,FALSE,0.03,1,Bin 6,16,1
69af68b234ce719e27b743c4,398052935,,1,tla,Cycle of Renewal,NM,FALSE,0.04,0,,,
699bb19934ce719e27b6e982,393880612,,1,tla,Cycle of Renewal,NM,FALSE,0.05,0,,,
69e93a297ecc73c161d921ba,410020572,,1,ogw,Cyclone Sire,Near Mint,FALSE,0.03,1,Bin 7,10,1
699b7d3434ce719e27b6e76f,393860690,,1,mh3,Cyclops Superconductor,NM,FALSE,0.05,0,,,
69af518734ce719e27b74147,397759317,,1,bng,Cyclops of One-Eyed Pass,LP,FALSE,0.02,17,Bin 6,14,17
69e7cbdc9ca1ed48e7d9acd5,409768147,,1,hou,Dagger of the Worthy,Near Mint,FALSE,0.05,1,Bin 7,1,1
69c31d9f9ca1ed48e7d90971,402040043,,1,rtr,Daggerdrome Imp,Near Mint,TRUE,0.1,1,Bin 6,39,1
69e91cf97ecc73c161d8be9e,410001539,,1,blb,Daggerfang Duo,Near Mint,FALSE,0.03,12,Bin 1,24,12
69e930737ecc73c161d8ffdd,410015014,,1,dsk,Daggermaw Megalodon,Near Mint,FALSE,0.03,15,Bin 1,31,15
69af68b434ce719e27b743e1,398052942,,1,tla,Dai Li Indoctrination,Near Mint,FALSE,0.03,1,Bin 6,17,1
699bb5c834ce719e27b6ead9,393882064,,1,spm,Daily Bugle Building,NM,FALSE,0.05,0,,,
69af68b834ce719e27b7441f,398052965,,1,spm,Daily Bugle Building,NM,FALSE,0.06,0,,,
69e432f29ca1ed48e7d994dc,409094976,,1,bfz,Dampening Pulse,Near Mint,FALSE,0.03,5,Bin 5,17,4
69e432f29ca1ed48e7d994dc,409094976,,1,bfz,Dampening Pulse,Near Mint,FALSE,0.03,5,Bin 7,3,1
69e9083d7ecc73c161d87be0,409965716,,1,otj,Dance of the Tumbleweeds,Near Mint,FALSE,0.05,15,Bin 1,17,15
69efe93d4ff24d3a84876f3a,411358571,,1,snc,Dapper Shieldmate,Near Mint,FALSE,0.04,1,Bin 7,20,1
69e43ed59ca1ed48e7d99689,409102777,,1,aer,Daredevil Dragster,Near Mint,FALSE,0.05,3,Bin 5,25,3
69c32dbd9ca1ed48e7d90b6a,402049692,,1,lci,Daring Discovery,Near Mint,FALSE,0.04,5,Bin 1,5,5
69b04eb69ca1ed48e7d8af10,398299279,,1,ncc,Daring Saboteur,Near Mint,FALSE,0.04,1,Bin 6,27,1
69e906437ecc73c161d8756c,409963659,,1,otj,Daring Thunder-Thief,Near Mint,FALSE,0.05,14,Bin 1,15,14
699bb19634ce719e27b6e952,393880597,,1,fin,Dark Knight's Greatsword,NM,TRUE,0.15,1,Bin 6,7,1
699b75a934ce719e27b6e55d,393858055,,1,fin,Dark Knight's Greatsword,NM,FALSE,0.04,1,Bin 6,4,1
69c31da09ca1ed48e7d90974,402040044,,1,rtr,Dark Revenant,Near Mint,TRUE,0.15,1,Bin 6,39,1
69e7ea159ca1ed48e7d9b2b3,409784048,,1,tsp,Dark Withering,Near Mint,FALSE,0.12,0,,,
69b04ea89ca1ed48e7d8ae0d,398299097,,1,cmm,Darksteel Ingot,Near Mint,FALSE,0.08,1,Bin 6,27,1
69b0b7a59ca1ed48e7d8b3cb,398391714,,1,hou,Dauntless Aven,Near Mint,FALSE,0.04,2,Bin 6,31,2
69c321929ca1ed48e7d90a01,402043014,,1,a25,Dauntless Cathar,Near Mint,FALSE,0.03,1,Bin 1,1,1
69b042649ca1ed48e7d8ac96,398289291,,1,soi,Dauntless Cathar,Near Mint,TRUE,0.15,1,Bin 6,25,1
69b0bf199ca1ed48e7d8b522,398394929,,1,znr,Dauntless Unity,Near Mint,FALSE,0.03,2,Bin 6,33,2
69b0b7a59ca1ed48e7d8b3ce,398391715,,1,aer,Dawnfeather Eagle,Near Mint,FALSE,0.03,2,Bin 6,31,2
69e439cc9ca1ed48e7d9958c,409100236,,1,aer,Dawnfeather Eagle,Near Mint,FALSE,0.05,8,Bin 5,21,8
69e7e4d69ca1ed48e7d9b1dd,409782004,,1,inr,Dawnhart Disciple,Near Mint,TRUE,0.15,1,Bin 7,7,1
69b0b7a59ca1ed48e7d8b3d1,398391716,,1,m19,Daybreak Chaplain,Near Mint,FALSE,0.03,1,Bin 6,31,1
69e9185f7ecc73c161d8af13,409994856,,1,m20,Daybreak Chaplain,Near Mint,FALSE,0.03,1,Bin 1,22,1
69af542334ce719e27b7418e,397764528,,1,iko,Daysquad Marshal,NM,FALSE,0.03,1,Bin 6,15,1
69e91e317ecc73c161d8c2c8,410002359,,1,blb,Dazzling Denial,Near Mint,FALSE,0.05,4,Bin 1,25,4
69e7dda49ca1ed48e7d9afd0,409778080,,1,rtr,Dead Reveler,Near Mint,FALSE,0.04,1,Bin 7,5,1
69af6d6234ce719e27b744d4,398148289,,1,grn,Dead Weight,NM,FALSE,0.03,1,Bin 6,18,1
69c322e89ca1ed48e7d90aa6,402044515,,1,lci,Dead Weight,Near Mint,FALSE,0.03,8,Bin 1,2,8
69b046c59ca1ed48e7d8add3,398292020,,1,ema,Deadbridge Shaman,Slightly Played,TRUE,0.15,1,Bin 6,26,1
69e908fd7ecc73c161d87e04,409966061,,1,otj,Deadeye Duelist,Near Mint,FALSE,0.03,12,Bin 1,18,12
69e439cc9ca1ed48e7d99589,409100235,,1,aer,Deadeye Harpooner,Near Mint,FALSE,0.05,4,Bin 5,21,4
69e95c837ecc73c161d99851,410042458,,1,xln,Deadeye Plunderers,Near Mint,FALSE,0.04,1,Bin 7,13,1
69b0cca09ca1ed48e7d8b747,398401788,,1,xln,Deadeye Plunderers,Near Mint,FALSE,0.08,1,Bin 6,34,1
69b046c19ca1ed48e7d8ad8a,398291998,,1,xln,Deadeye Quartermaster,Near Mint,FALSE,0.23,1,Bin 6,26,1
69e95c897ecc73c161d998b5,410042490,,1,xln,Deadeye Quartermaster,Near Mint,FALSE,0.21,1,Bin 7,13,1
69b0bb1c9ca1ed48e7d8b465,398393224,,1,rix,Deadeye Rig-Hauler,Near Mint,FALSE,0.03,3,Bin 6,32,1
69b0bb1c9ca1ed48e7d8b465,398393224,,1,rix,Deadeye Rig-Hauler,Near Mint,FALSE,0.03,3,Bin 6,33,1
69b0bb1c9ca1ed48e7d8b465,398393224,,1,rix,Deadeye Rig-Hauler,Near Mint,FALSE,0.03,3,Bin 6,38,1
69e70c349ca1ed48e7d9a92c,409616291,,1,cmkm,Deadly Complication,Near Mint,FALSE,0.05,2,Bin 5,36,2
69e535b69ca1ed48e7d99c52,409244264,,1,mkm,Deadly Complication,Near Mint,FALSE,0.05,1,Bin 5,8,1
699bb19434ce719e27b6e925,393880581,,1,tla,Deadly Precision,Near Mint,FALSE,0.03,2,Bin 6,7,1
699bb19434ce719e27b6e925,393880581,,1,tla,Deadly Precision,Near Mint,FALSE,0.03,2,Bin 6,30,1
69ed5f1a79f49147a081333d,410865348,,1,dtk,Death Wind,Near Mint,TRUE,0.1,1,Bin 7,17,1
69c321999ca1ed48e7d90a79,402043055,,1,a25,Death's-Head Buzzard,Near Mint,FALSE,0.04,3,Bin 1,1,3
69e954727ecc73c161d97c06,410037379,,1,nph,Death-Hood Cobra,Near Mint,TRUE,0.15,0,,,
69b0dcfd9ca1ed48e7d8ba0d,398420410,,1,dom,Deathbloom Thallid,Near Mint,FALSE,0.04,1,Bin 6,37,1
69c322e89ca1ed48e7d90aa3,402044514,,1,lci,Deathcap Marionette,Near Mint,FALSE,0.03,4,Bin 1,2,4
69ed59c279f49147a0810231,410864029,,1,khm,Deathknell Berserker,Near Mint,FALSE,0.02,3,Bin 7,16,3
69e95c857ecc73c161d99872,410042469,,1,xln,Deathless Ancient,Near Mint,FALSE,0.05,1,Bin 7,13,1
69e7d3c49ca1ed48e7d9ae7d,409772235,,1,bfz,Deathless Behemoth,Near Mint,TRUE,0.15,1,Bin 7,3,1
69c3156a9ca1ed48e7d90824,402033805,,1,eld,Deathless Knight,Near Mint,TRUE,0.15,2,Bin 6,38,1
69c3156a9ca1ed48e7d90824,402033805,,1,eld,Deathless Knight,Near Mint,TRUE,0.15,2,Bin 6,39,1
69e4244d9ca1ed48e7d99182,409082836,,1,ktk,Debilitating Injury,Near Mint,FALSE,0.03,8,Bin 5,7,8
69e4307e9ca1ed48e7d99443,409093673,,1,akh,Decimator Beetle,Near Mint,FALSE,0.05,4,Bin 5,15,4
69e42aa79ca1ed48e7d99301,409089987,,1,akh,Decision Paralysis,Near Mint,FALSE,0.05,9,Bin 5,11,8
69e42aa79ca1ed48e7d99301,409089987,,1,akh,Decision Paralysis,Near Mint,FALSE,0.05,9,Bin 5,16,1
69b0bf199ca1ed48e7d8b525,398394930,,1,aer,Decommission,Near Mint,FALSE,0.03,11,Bin 6,33,1
69b0bf199ca1ed48e7d8b525,398394930,,1,aer,Decommission,Near Mint,FALSE,0.03,11,Bin 5,21,4
69b0bf199ca1ed48e7d8b525,398394930,,1,aer,Decommission,Near Mint,FALSE,0.03,11,Bin 5,22,6
69c34bfb9ca1ed48e7d90c26,402068377,,1,lci,Deconstruction Hammer,Near Mint,FALSE,0.03,6,Bin 1,6,6
69e53d2a9ca1ed48e7d99e08,409247569,,1,cmkm,Deduce,Near Mint,FALSE,0.1,4,Bin 5,30,1
69e53d2a9ca1ed48e7d99e08,409247569,,1,cmkm,Deduce,Near Mint,FALSE,0.1,4,Bin 5,31,1
69e53d2a9ca1ed48e7d99e08,409247569,,1,cmkm,Deduce,Near Mint,FALSE,0.1,4,Bin 5,33,1
69e53d2a9ca1ed48e7d99e08,409247569,,1,cmkm,Deduce,Near Mint,FALSE,0.1,4,Bin 5,35,1
69e53d289ca1ed48e7d99df7,409247566,,1,mkm,Deduce,Near Mint,FALSE,0.02,12,Bin 5,30,1
69e53d289ca1ed48e7d99df7,409247566,,1,mkm,Deduce,Near Mint,FALSE,0.02,12,Bin 5,31,1
69e53d289ca1ed48e7d99df7,409247566,,1,mkm,Deduce,Near Mint,FALSE,0.02,12,Bin 5,35,3
69e53d289ca1ed48e7d99df7,409247566,,1,mkm,Deduce,Near Mint,FALSE,0.02,12,Bin 1,9,7
699b796434ce719e27b6e6b3,393859684,,1,mh3,Deem Inferior,NM,FALSE,0.11,0,,,
69e42c259ca1ed48e7d9931f,409090841,,1,akh,Deem Worthy,Near Mint,FALSE,0.05,4,Bin 5,12,4
69b04eb59ca1ed48e7d8af0a,398299276,,1,tdc,Deep Analysis,Near Mint,FALSE,0.12,1,Bin 6,27,1
69c322e89ca1ed48e7d90aa0,402044513,,1,lci,Deep Goblin Skulltaker,Near Mint,FALSE,0.03,5,Bin 1,2,5
69c31d999ca1ed48e7d908fc,402040010,,1,c13,Deepfire Elemental,Near Mint,FALSE,0.06,1,Bin 6,39,1
69b0dd019ca1ed48e7d8ba4f,398420427,,1,xln,Deeproot Warrior,Near Mint,FALSE,0.03,2,Bin 6,37,2
69b0bb199ca1ed48e7d8b43c,398393210,,1,xln,Deeproot Waters,Near Mint,FALSE,0.16,1,Bin 6,32,1
69efe9384ff24d3a84876e6c,411358537,,1,bng,Deepwater Hypnotist,Near Mint,TRUE,0.1,1,Bin 7,20,1
699a9e2034ce719e27b6e115,393639422,,1,tle,Deer-Dog,NM,FALSE,0.11,1,Bin 6,6,1
69b04eae9ca1ed48e7d8ae7a,398299178,,1,dft,Defend the Rider,Near Mint,FALSE,0.88,0,,,
69e54d419ca1ed48e7d99f7c,409255066,,1,mkm,Defenestrated Phantom,Near Mint,FALSE,0.03,16,Bin 5,32,1
69e54d419ca1ed48e7d99f7c,409255066,,1,mkm,Defenestrated Phantom,Near Mint,FALSE,0.03,16,Bin 5,33,1
69e54d419ca1ed48e7d99f7c,409255066,,1,mkm,Defenestrated Phantom,Near Mint,FALSE,0.03,16,Bin 5,34,2
69e54d419ca1ed48e7d99f7c,409255066,,1,mkm,Defenestrated Phantom,Near Mint,FALSE,0.03,16,Bin 5,35,2
69e54d419ca1ed48e7d99f7c,409255066,,1,mkm,Defenestrated Phantom,Near Mint,FALSE,0.03,16,Bin 1,12,10
69e93a247ecc73c161d92164,410020535,,1,nph,Defensive Stance,Near Mint,TRUE,0.15,0,,,
69e42ea29ca1ed48e7d993e2,409092707,,1,akh,Defiant Greatmaw,Near Mint,FALSE,0.06,1,Bin 5,14,1
69e7cbdf9ca1ed48e7d9ad08,409768163,,1,hou,Defiant Khenra,Near Mint,TRUE,0.15,1,Bin 7,1,1
69e4218b9ca1ed48e7d990aa,409081247,,1,ktk,Defiant Strike,Near Mint,FALSE,0.05,8,Bin 5,5,8
69e43ab39ca1ed48e7d995e2,409100627,,1,aer,Deft Dismissal,Near Mint,FALSE,0.03,3,Bin 5,22,3
69e91b407ecc73c161d8b89d,409999570,,1,uma,Defy Gravity,Near Mint,FALSE,0.07,0,,,
699a9e1834ce719e27b6e087,393639377,,1,fin,Delivery Moogle,NM,FALSE,0.05,1,Bin 6,6,1
69e54d3c9ca1ed48e7d99f45,409255060,,1,cmkm,Demand Answers,Near Mint,FALSE,0.58,0,,,
69e6fc559ca1ed48e7d9a745,409612195,,1,mkm,Demand Answers,Near Mint,FALSE,0.5,0,,,
69e7081f9ca1ed48e7d9a82e,409615475,,1,mkm,Demand Answers,Near Mint,FALSE,0.49,0,,,
69e954757ecc73c161d97c3c,410037397,,1,nph,Dementia Bat,Near Mint,TRUE,0.1,0,,,
69e7dda19ca1ed48e7d9af8c,409778056,,1,kld,Demolish,Near Mint,FALSE,0.03,1,Bin 7,5,1
69e95c8b7ecc73c161d998e5,410042515,,1,xln,Demolish,Near Mint,FALSE,0.05,1,Bin 7,13,1
69e4218c9ca1ed48e7d990c2,409081255,,1,kld,Demolition Stomper,Near Mint,FALSE,0.03,2,Bin 5,5,2
69e433fb9ca1ed48e7d99505,409095211,,1,bfz,Demon's Grasp,Near Mint,FALSE,0.03,9,Bin 5,18,9
69ed59c379f49147a0810237,410864031,,1,khm,Demonic Gifts,Near Mint,FALSE,0.04,2,Bin 7,16,2
69c315719ca1ed48e7d9089c,402033853,,1,dom,Demonic Vigor,Near Mint,FALSE,0.03,1,Bin 6,38,1
69b0bf259ca1ed48e7d8b5d4,398394999,,1,dom,Demonic Vigor,Near Mint,FALSE,0.04,2,Bin 6,33,1
69b0bf259ca1ed48e7d8b5d4,398394999,,1,dom,Demonic Vigor,Near Mint,FALSE,0.04,2,Bin 6,35,1
69e7ede89ca1ed48e7d9b3d2,409786037,,1,8ed,Demystify,Near Mint,FALSE,0.05,1,Bin 7,9,1
69b0bf199ca1ed48e7d8b528,398394931,,1,xln,Demystify,Near Mint,FALSE,0.03,5,Bin 6,33,1
69b0bf199ca1ed48e7d8b528,398394931,,1,xln,Demystify,Near Mint,FALSE,0.03,5,Bin 7,13,4
69b0d7f49ca1ed48e7d8b9c5,398406784,,1,thb,Deny the Divine,Near Mint,TRUE,0.1,1,Bin 6,36,1
69ed59c979f49147a08102b4,410864073,,1,khm,Depart the Realm,Near Mint,FALSE,0.03,1,Bin 7,16,1
699b7d3934ce719e27b6e7c5,393860712,,1,mh3,Depth Defiler,NM,FALSE,0.05,1,Bin 6,2,1
69edbdac2f009c9bc4cddf3b,410924410,,1,dgm,Deputy of Acquittals,Near Mint,TRUE,0.1,1,Bin 7,18,1
69e539329ca1ed48e7d99cd7,409246124,,1,emn,Deranged Whelp,Near Mint,FALSE,0.03,1,Bin 5,28,1
69e92fa97ecc73c161d8fd7a,410014214,,1,dsk,Derelict Attic // Widow's Walk,Near Mint,FALSE,0.03,15,Bin 1,30,15
69e42c259ca1ed48e7d9931c,409090840,,1,akh,Desert Cerodon,Near Mint,FALSE,0.04,7,Bin 5,12,7
69e7cbe19ca1ed48e7d9ad1f,409768173,,1,hou,Desert of the Indomitable,Near Mint,FALSE,0.05,5,Bin 7,1,5
69e7cbe19ca1ed48e7d9ad1c,409768172,,1,hou,Desert of the True,Near Mint,FALSE,0.05,4,Bin 7,1,4
69e905377ecc73c161d87288,409963108,,1,otj,Desert's Due,Near Mint,FALSE,0.03,16,Bin 1,14,16
69b0add89ca1ed48e7d8b2b2,398366917,,1,tla,Deserter's Disciple,Near Mint,FALSE,0.03,2,Bin 6,30,2
69b0d3549ca1ed48e7d8b8cd,398404147,,1,jou,Deserter's Quarters,Near Mint,FALSE,0.06,1,Bin 6,35,1
69e905377ecc73c161d87285,409963107,,1,otj,Desperate Bloodseeker,Near Mint,FALSE,0.05,16,Bin 1,14,16
69e427c59ca1ed48e7d991f3,409088109,,1,vow,Desperate Farmer // Depraved Harvester,Near Mint,FALSE,0.03,1,Bin 5,9,1
69ed5f1a79f49147a0813323,410865344,,1,ktk,Despise,Near Mint,FALSE,0.04,1,Bin 7,17,1
69e4307c9ca1ed48e7d99425,409093663,,1,akh,Destined // Lead,Near Mint,FALSE,0.05,2,Bin 5,15,2
69e43bda9ca1ed48e7d995f2,409101626,,1,aer,Destructive Tampering,Near Mint,FALSE,0.03,10,Bin 5,23,9
69e43bda9ca1ed48e7d995f2,409101626,,1,aer,Destructive Tampering,Near Mint,FALSE,0.03,10,Bin 5,24,1
69af68ac34ce719e27b74352,398052888,,1,stx,Detention Vortex,NM,FALSE,0.04,1,Bin 6,17,1
69e7dda59ca1ed48e7d9afd6,409778083,,1,rtr,Deviant Glee,Near Mint,FALSE,0.04,1,Bin 7,5,1
69af6d6234ce719e27b744d7,398148302,,1,grn,Devkarin Dissident,NM,FALSE,0.03,1,Bin 6,18,1
69e429429ca1ed48e7d9929f,409089698,,1,akh,Devoted Crop-Mate,Near Mint,FALSE,0.05,3,Bin 5,10,3
69e965b47ecc73c161d9b848,410045326,,1,akh,Devoted Crop-Mate,Near Mint,FALSE,0.05,2,Bin 7,14,2
69af6d6434ce719e27b744ef,398148450,,1,afr,Devour Intellect,NM,FALSE,0.03,1,Bin 6,18,1
69c321999ca1ed48e7d90a76,402043054,,1,a25,Diabolic Edict,Near Mint,FALSE,0.1,1,Bin 1,1,1
69af580534ce719e27b7423a,397801173,,1,mh1,Diabolic Edict,NM,FALSE,0.07,1,Bin 6,16,1
69b046c39ca1ed48e7d8ada4,398292005,,1,m19,Diamond Mare,Near Mint,FALSE,0.08,1,Bin 6,26,1
69c323dc9ca1ed48e7d90ae9,402044759,,1,lci,Didact Echo,Near Mint,FALSE,0.03,6,Bin 1,3,6
69c315679ca1ed48e7d907fa,402033627,,1,eld,Didn't Say Please,Near Mint,TRUE,0.15,2,Bin 6,38,1
69c315679ca1ed48e7d907fa,402033627,,1,eld,Didn't Say Please,Near Mint,TRUE,0.15,2,Bin 6,39,1
69af6d5c34ce719e27b74467,398147579,,1,eld,Didn't Say Please,NM,FALSE,0.16,1,Bin 6,18,1
69e7d7849ca1ed48e7d9aedd,409773405,,1,kld,Die Young,Near Mint,FALSE,0.05,1,Bin 7,4,1
69af91869ca1ed48e7d8a7e7,398187784,,1,woe,Diminisher Witch,Near Mint,FALSE,0.04,1,Bin 6,23,1
69ed59bf79f49147a08101eb,410864007,,1,dgm,Dimir Guildgate,Near Mint,FALSE,0.06,1,Bin 7,16,1
69b0d34e9ca1ed48e7d8b86e,398404122,,1,grn,Dimir Guildgate,Near Mint,FALSE,0.03,0,,,
69b0d3489ca1ed48e7d8b81c,398404098,,1,gtc,Dimir Guildgate,Near Mint,FALSE,0.04,2,Bin 6,35,2
69b0d3529ca1ed48e7d8b8a9,398404135,,1,gtc,Dimir Keyrune,Near Mint,FALSE,0.14,2,Bin 6,35,1
69b0d3529ca1ed48e7d8b8a9,398404135,,1,gtc,Dimir Keyrune,Near Mint,FALSE,0.14,2,Bin 6,37,1
69af86da9ca1ed48e7d8a730,398181818,,1,grn,Dimir Locket,Near Mint,FALSE,0.03,16,Bin 6,22,16
69b04ea89ca1ed48e7d8ae13,398299101,,1,ncc,Dimir Signet,Near Mint,FALSE,0.91,1,Bin 6,27,1
69b0d3469ca1ed48e7d8b7fd,398404089,,1,xln,Dinosaur Stampede,Near Mint,FALSE,0.08,1,Bin 6,35,1
69e95c8b7ecc73c161d998e8,410042516,,1,xln,Dinosaur Stampede,Near Mint,FALSE,0.04,1,Bin 7,13,1
69c32dbc9ca1ed48e7d90b67,402049691,,1,lci,Dinotomaton,Near Mint,FALSE,0.04,4,Bin 1,5,4
69e7ea199ca1ed48e7d9b2f8,409784075,,1,frf,Diplomacy of the Wastes,Near Mint,TRUE,0.05,1,Bin 7,8,1
699b7d3134ce719e27b6e72e,393860667,,1,mmq,Diplomatic Immunity,HP,FALSE,0.6,0,,,
699b7d3134ce719e27b6e72b,393860666,,1,mmq,Diplomatic Immunity,LP,FALSE,0.85,0,,,
69e91e317ecc73c161d8c2c5,410002358,,1,blb,Dire Downdraft,Near Mint,FALSE,0.03,9,Bin 1,25,9
69af70109a9ce4ef7aed3c60,398161623,,1,blb,Dire Downdraft,NM,FALSE,0.03,3,Bin 6,19,3
69b0bb199ca1ed48e7d8b444,398393212,,1,xln,Dire Fleet Captain,Near Mint,FALSE,0.03,1,Bin 6,32,1
69b0bb189ca1ed48e7d8b433,398393206,,1,xln,Dire Fleet Hoarder,Near Mint,FALSE,0.03,2,Bin 6,32,2
69b0bb169ca1ed48e7d8b418,398393196,,1,xln,Dire Fleet Interloper,Near Mint,FALSE,0.03,2,Bin 6,32,1
69b0bb169ca1ed48e7d8b418,398393196,,1,xln,Dire Fleet Interloper,Near Mint,FALSE,0.03,2,Bin 6,33,1
69e91b457ecc73c161d8b900,409999634,,1,cafr,Dire Wolf Prowler,Near Mint,FALSE,0.05,1,Bin 1,23,1
69e7ede69ca1ed48e7d9b3ab,409786017,,1,isd,Diregraf Ghoul,Near Mint,TRUE,0.15,0,,,
69af86d89ca1ed48e7d8a709,398181807,,1,m19,Diregraf Ghoul,Near Mint,FALSE,0.04,2,Bin 6,22,2
69e427c59ca1ed48e7d991f0,409088107,,1,vow,Diregraf Scavenger,Near Mint,FALSE,0.03,2,Bin 5,9,2
69e41db19ca1ed48e7d98fef,409079836,,1,kld,Disappearing Act,Near Mint,FALSE,0.05,10,Bin 5,2,3
69e41db19ca1ed48e7d98fef,409079836,,1,kld,Disappearing Act,Near Mint,FALSE,0.05,10,Bin 7,4,7
69e908fd7ecc73c161d87e01,409966060,,1,otj,Discerning Peddler,Near Mint,FALSE,0.03,15,Bin 1,18,15
69b04eab9ca1ed48e7d8ae52,398299150,,1,csnc,Disciplined Duelist,Near Mint,FALSE,0.03,1,Bin 6,27,1
69af6d6734ce719e27b74533,398148828,,1,thb,Discordant Piper,NM,FALSE,0.03,1,Bin 6,18,1
69e422c89ca1ed48e7d99117,409082106,,1,ktk,Disdainful Stroke,Near Mint,FALSE,0.06,5,Bin 5,6,5
69b04eb59ca1ed48e7d8af0d,398299277,,1,woe,Disdainful Stroke,Near Mint,FALSE,0.08,1,Bin 6,27,1
69c321929ca1ed48e7d909fe,402043013,,1,a25,Disenchant,Near Mint,FALSE,0.09,2,Bin 1,1,2
69c321989ca1ed48e7d90a73,402043053,,1,a25,Disfigure,Near Mint,FALSE,0.04,1,Bin 1,1,1
69e954707ecc73c161d97be9,410037370,,1,ema,Dismal Backwater,Near Mint,TRUE,0.15,2,Bin 7,11,2
69e534499ca1ed48e7d99b24,409242813,,1,fdn,Dismal Backwater,Near Mint,FALSE,0.03,2,Bin 5,27,2
69af734b9a9ce4ef7aed3d0c,398165950,,1,iko,Dismal Backwater,NM,FALSE,0.04,1,Bin 6,20,1
69e427c79ca1ed48e7d99219,409088121,,1,ktk,Dismal Backwater,Near Mint,FALSE,0.05,3,Bin 5,9,3
699bb5c834ce719e27b6eadc,393882065,,1,scd,Dismal Backwater,NM,FALSE,0.18,1,Bin 6,8,1
69b04eb09ca1ed48e7d8aea1,398299195,,1,2xm,Dismantle,Near Mint,FALSE,0.04,1,Bin 6,27,1
69e4244d9ca1ed48e7d9917f,409082835,,1,ktk,Disowned Ancestor,Near Mint,FALSE,0.05,4,Bin 5,7,4
69e432f29ca1ed48e7d994d9,409094975,,1,bfz,Dispel,Near Mint,FALSE,0.51,7,Bin 5,17,7
69b042639ca1ed48e7d8ac81,398289281,,1,mma,Dispeller's Capsule,Near Mint,TRUE,0.15,1,Bin 6,25,1
69e43ab39ca1ed48e7d995d4,409100622,,1,aer,Dispersal Technician,Near Mint,FALSE,0.03,16,Bin 5,22,16
69b0bb229ca1ed48e7d8b4c0,398393257,,1,m19,Disperse,Near Mint,FALSE,0.03,2,Bin 6,32,1
69b0bb229ca1ed48e7d8b4c0,398393257,,1,m19,Disperse,Near Mint,FALSE,0.03,2,Bin 6,33,1
69c322e99ca1ed48e7d90ab5,402044520,,1,lci,Disruptor Wanderglyph,Near Mint,FALSE,0.03,5,Bin 1,2,5
69e96e607ecc73c161d9d7b8,410048731,,1,akh,Dissenter's Deliverance,Near Mint,FALSE,0.03,2,Bin 7,15,2
69e42ea29ca1ed48e7d993df,409092706,,1,akh,Dissenter's Deliverance,Near Mint,FALSE,0.05,9,Bin 5,14,9
69e539379ca1ed48e7d99d1d,409246147,,1,emn,Distemper of the Blood,Near Mint,FALSE,0.03,0,,,
69c324fd9ca1ed48e7d90b1c,402045342,,1,lci,Disturbed Slumber,Near Mint,FALSE,0.04,1,Bin 1,4,1
69af848e9ca1ed48e7d8a6b4,398179362,,1,dom,Divest,Near Mint,FALSE,0.09,0,,,
69b0dd019ca1ed48e7d8ba49,398420425,,1,dom,Divest,Near Mint,FALSE,0.08,0,,,
69b0dcfe9ca1ed48e7d8ba28,398420417,,1,rix,Divine Verdict,Near Mint,FALSE,0.03,1,Bin 6,37,1
69e7cbe29ca1ed48e7d9ad38,409768180,,1,hou,Djeru's Renunciation,Near Mint,FALSE,0.05,1,Bin 7,1,1
69b0bf199ca1ed48e7d8b52b,398394933,,1,hou,Djeru's Renunciation,Near Mint,FALSE,0.04,1,Bin 6,33,1
69b0bf1a9ca1ed48e7d8b52e,398394934,,1,akh,Djeru's Resolve,Near Mint,FALSE,0.03,4,Bin 6,33,1
69b0bf1a9ca1ed48e7d8b52e,398394934,,1,akh,Djeru's Resolve,Near Mint,FALSE,0.03,4,Bin 5,10,3
69e965b67ecc73c161d9b8ca,410045337,,1,akh,Djeru's Resolve,Near Mint,FALSE,0.03,1,Bin 7,14,1
69e906437ecc73c161d87569,409963658,,1,otj,Djinn of Fool's Fall,Near Mint,FALSE,0.03,14,Bin 1,15,14
69e91b467ecc73c161d8b921,409999657,,1,cafr,Djinni Windseer,Near Mint,FALSE,0.05,4,Bin 1,23,4
699bb5c234ce719e27b6ea6d,393882036,,1,spm,"Doc Ock, Sinister Scientist",NM,FALSE,0.03,1,Bin 6,8,1
69af68b034ce719e27b743a9,398052922,,1,neo,Dockside Chef,NM,FALSE,0.03,0,,,
699b7d3734ce719e27b6e7a3,393860703,,1,mh3,Dog Umbra,NM,FALSE,0.05,1,Bin 6,2,1
69e5415e9ca1ed48e7d99e65,409249306,,1,mkm,Dog Walker,Near Mint,FALSE,0.05,10,Bin 5,31,2
69e5415e9ca1ed48e7d99e65,409249306,,1,mkm,Dog Walker,Near Mint,FALSE,0.05,10,Bin 5,32,1
69e5415e9ca1ed48e7d99e65,409249306,,1,mkm,Dog Walker,Near Mint,FALSE,0.05,10,Bin 5,33,2
69e5415e9ca1ed48e7d99e65,409249306,,1,mkm,Dog Walker,Near Mint,FALSE,0.05,10,Bin 5,34,3
69e5415e9ca1ed48e7d99e65,409249306,,1,mkm,Dog Walker,Near Mint,FALSE,0.05,10,Bin 5,35,2
69e9035c7ecc73c161d86c98,409953935,,1,mkm,Dog Walker,Near Mint,FALSE,0.03,6,Bin 1,12,6
69af86db9ca1ed48e7d8a742,398181824,,1,khm,Dogged Pursuit,Near Mint,TRUE,0.15,1,Bin 6,22,1
69af734a9a9ce4ef7aed3cfd,398165944,,1,cneo,Dokuchi Silencer,NM,FALSE,0.15,1,Bin 6,20,1
69b042609ca1ed48e7d8ac5d,398289267,,1,bfz,Dominator Drone,Near Mint,TRUE,0.1,1,Bin 6,25,1
69e432f09ca1ed48e7d994bc,409094963,,1,bfz,Dominator Drone,Near Mint,FALSE,0.03,8,Bin 5,17,8
69e930737ecc73c161d8ffda,410015013,,1,dsk,Don't Make a Sound,Near Mint,FALSE,0.03,15,Bin 1,31,11
69e930737ecc73c161d8ffda,410015013,,1,dsk,Don't Make a Sound,Near Mint,FALSE,0.03,15,Bin 1,32,4
69e42aa29ca1ed48e7d992b7,409089962,,1,akh,Doomed Dissenter,Near Mint,FALSE,0.03,7,Bin 5,11,7
69af542434ce719e27b741ae,397764538,,1,cmr,Doomed Traveler,NM,FALSE,0.03,0,,,
69e7cbdd9ca1ed48e7d9ace6,409768153,,1,hou,Doomfall,Near Mint,FALSE,0.05,1,Bin 7,1,1
69ed59c179f49147a0810222,410864024,,1,khm,Doomskar Oracle,Near Mint,FALSE,0.03,1,Bin 7,16,1
69e7dda89ca1ed48e7d9b00c,409778101,,1,rtr,Downsize,Near Mint,TRUE,0.15,1,Bin 7,5,1
69e9546e7ecc73c161d97bcb,410037359,,1,ema,Dragon Egg,Near Mint,TRUE,0.15,1,Bin 7,11,1
69c321979ca1ed48e7d90a52,402043042,,1,a25,Dragon's Eye Savants,Near Mint,FALSE,0.04,1,Bin 1,1,1
69ed5f1879f49147a08132f3,410865336,,1,ktk,Dragon's Eye Savants,Near Mint,FALSE,0.04,1,Bin 7,17,1
69e957d07ecc73c161d987ca,410039902,,1,tdm,Dragon's Prey,Near Mint,FALSE,0.05,1,Bin 7,12,1
69e9546a7ecc73c161d97b83,410037337,,1,tdm,Dragonback Lancer,Near Mint,FALSE,0.05,3,Bin 7,11,3
699bb5c234ce719e27b6ea6a,393882035,,1,tla,Dragonfly Swarm,NM,TRUE,0.2,1,Bin 6,8,1
69b0d7f69ca1ed48e7d8b9d8,398406791,,1,ima,Dragonloft Idol,Near Mint,TRUE,0.15,1,Bin 6,36,1
69e425919ca1ed48e7d991aa,409083533,,1,ktk,Dragonscale Boon,Near Mint,FALSE,0.05,5,Bin 5,8,5
69ed5f1779f49147a08132c0,410865328,,1,ktk,Dragonscale Boon,Near Mint,TRUE,0.1,1,Bin 7,17,1
69ed5f1779f49147a08132ba,410865327,,1,ktk,Dragonscale Boon,Near Mint,FALSE,0.04,1,Bin 7,17,1
699a9e1834ce719e27b6e08a,393639378,,1,fin,Dragoon's Lance,NM,FALSE,0.05,2,Bin 6,6,2
699bb82334ce719e27b6eb3e,393883186,,1,fin,Dragoon's Wyvern,NM,FALSE,0.04,4,Bin 6,9,4
699bb19534ce719e27b6e943,393880591,,1,fin,Dragoon's Wyvern,NM,TRUE,0.15,1,Bin 6,7,1
69e7dda49ca1ed48e7d9afca,409778077,,1,rtr,Drainpipe Vermin,Near Mint,FALSE,0.05,1,Bin 7,5,1
69e53d239ca1ed48e7d99da4,409247541,,1,cmkm,Dramatic Accusation,Near Mint,FALSE,0.05,3,Bin 5,30,1
69e53d239ca1ed48e7d99da4,409247541,,1,cmkm,Dramatic Accusation,Near Mint,FALSE,0.05,3,Bin 5,33,1
69e53d239ca1ed48e7d99da4,409247541,,1,cmkm,Dramatic Accusation,Near Mint,FALSE,0.05,3,Bin 5,34,1
69e53d2b9ca1ed48e7d99e16,409247574,,1,mkm,Dramatic Accusation,Near Mint,FALSE,0.02,11,Bin 5,30,1
69e53d2b9ca1ed48e7d99e16,409247574,,1,mkm,Dramatic Accusation,Near Mint,FALSE,0.02,11,Bin 5,31,1
69e53d2b9ca1ed48e7d99e16,409247574,,1,mkm,Dramatic Accusation,Near Mint,FALSE,0.02,11,Bin 5,33,1
69e53d2b9ca1ed48e7d99e16,409247574,,1,mkm,Dramatic Accusation,Near Mint,FALSE,0.02,11,Bin 5,34,2
69e53d2b9ca1ed48e7d99e16,409247574,,1,mkm,Dramatic Accusation,Near Mint,FALSE,0.02,11,Bin 5,35,2
69e53d2b9ca1ed48e7d99e16,409247574,,1,mkm,Dramatic Accusation,Near Mint,FALSE,0.02,11,Bin 1,10,4
69e7d3c79ca1ed48e7d9aeac,409772250,,1,bfz,Drana's Emissary,Near Mint,TRUE,0.15,0,,,
69ed59c279f49147a0810234,410864030,,1,khm,Draugr Recruiter,Near Mint,FALSE,0.03,2,Bin 7,16,2
69ed59c979f49147a08102b7,410864074,,1,khm,Draugr Thought-Thief,Near Mint,FALSE,0.02,1,Bin 7,16,1
69e957cf7ecc73c161d987af,410039893,,1,mm2,Dread Drone,Near Mint,TRUE,0.1,2,Bin 7,12,2
69e96e607ecc73c161d9d78b,410048725,,1,jou,Dreadbringer Lampads,Near Mint,TRUE,0.15,1,Bin 7,15,1
69b0d7e89ca1ed48e7d8b905,398406662,,1,thb,Dreadful Apathy,Near Mint,TRUE,0.1,1,Bin 6,36,1
699b7d3834ce719e27b6e7b1,393860707,,1,mh3,Dreadmobile,NM,FALSE,0.03,1,Bin 6,2,1
69b046c49ca1ed48e7d8adb3,398292010,,1,tsp,Dreadship Reef,Near Mint,FALSE,0.04,0,,,
69e534479ca1ed48e7d99b01,409242781,,1,fdn,Dreadwing Scavenger,Near Mint,FALSE,0.03,1,Bin 5,27,1
69b03d269ca1ed48e7d8abdd,398283218,,1,woe,Dream Spoilers,Near Mint,FALSE,0.03,1,Bin 6,24,1
69e9546e7ecc73c161d97bc8,410037358,,1,ema,Dream Twist,Near Mint,TRUE,0.15,1,Bin 7,11,1
699b7d3034ce719e27b6e725,393860664,,1,mh3,Dreamdrinker Vampire,NM,FALSE,0.03,1,Bin 6,2,1
699b75a434ce719e27b6e501,393857972,,1,fin,Dreams of Laguna,NM,FALSE,0.04,12,Bin 6,4,3
699b75a434ce719e27b6e501,393857972,,1,fin,Dreams of Laguna,NM,FALSE,0.04,12,Bin 6,3,1
699b75a434ce719e27b6e501,393857972,,1,fin,Dreams of Laguna,NM,FALSE,0.04,12,Bin 6,7,1
699b75a434ce719e27b6e501,393857972,,1,fin,Dreams of Laguna,NM,FALSE,0.04,12,Bin 6,9,7
699bb19534ce719e27b6e946,393880592,,1,fin,Dreams of Laguna,NM,TRUE,0.15,1,Bin 6,7,1
69af4d4334ce719e27b7404d,397707312,,1,fin,Dreams of Laguna,NM,FALSE,0.03,1,Bin 6,11,1
69b0d7ea9ca1ed48e7d8b929,398406688,,1,thb,Dreamshaper Shaman,Near Mint,TRUE,0.15,1,Bin 6,36,1
69b0d7e89ca1ed48e7d8b908,398406664,,1,thb,Dreamstalker Manticore,Near Mint,TRUE,0.15,1,Bin 6,36,1
69af542734ce719e27b741db,397764558,,1,iko,Dreamtail Heron,NM,FALSE,0.03,1,Bin 6,15,1
69e7ddab9ca1ed48e7d9b04b,409778126,,1,rtr,Dreg Mangler,Near Mint,FALSE,0.05,2,Bin 7,5,2
69b0425d9ca1ed48e7d8ac28,398289247,,1,2xm,Driver of the Dead,Near Mint,TRUE,0.15,1,Bin 6,25,1
69e539309ca1ed48e7d99cb6,409246113,,1,emn,Drogskol Shieldmate,Near Mint,FALSE,0.03,1,Bin 5,28,1
69e9083d7ecc73c161d87bdd,409965715,,1,otj,Drover Grizzly,Near Mint,FALSE,0.05,15,Bin 1,17,15
69b046c29ca1ed48e7d8ad9b,398292003,,1,xln,Drover of the Mighty,Near Mint,FALSE,0.11,2,Bin 6,26,1
69b046c29ca1ed48e7d8ad9b,398292003,,1,xln,Drover of the Mighty,Near Mint,FALSE,0.11,2,Bin 6,28,1
69edbdac2f009c9bc4cddf15,410924399,,1,dgm,Drown in Filth,Near Mint,FALSE,0.05,1,Bin 7,18,1
69b046bd9ca1ed48e7d8ad4c,398291985,,1,emn,Drownyard Behemoth,Near Mint,FALSE,0.03,3,Bin 6,26,3
699b7d3d34ce719e27b6e805,393860729,,1,mh3,Drownyard Lurker,NM,FALSE,0.05,0,,,
69e7dda69ca1ed48e7d9afe5,409778088,,1,rtr,Drudge Beetle,Near Mint,FALSE,0.03,1,Bin 7,5,1
69b0bf1e9ca1ed48e7d8b568,398394956,,1,m19,Druid of Horns,Near Mint,FALSE,0.04,1,Bin 6,33,1
69e7ce279ca1ed48e7d9ad9c,409769228,,1,aer,Druid of the Cowl,Near Mint,TRUE,0.1,1,Bin 7,2,1
69b0dd029ca1ed48e7d8ba55,398420429,,1,aer,Druid of the Cowl,Near Mint,FALSE,0.03,2,Bin 6,37,1
69b0dd029ca1ed48e7d8ba55,398420429,,1,aer,Druid of the Cowl,Near Mint,FALSE,0.03,2,Bin 7,1,1
69b0dd029ca1ed48e7d8ba58,398420430,,1,m19,Druid of the Cowl,Near Mint,FALSE,0.04,1,Bin 6,37,1
69e920cb7ecc73c161d8cb50,410003522,,1,blb,Druid of the Spade,Near Mint,FALSE,0.03,9,Bin 1,26,9
69b04ead9ca1ed48e7d8ae77,398299176,,1,mm3,Druid's Deliverance,Near Mint,FALSE,0.09,1,Bin 6,27,1
69e53d229ca1ed48e7d99d9b,409247537,,1,mkm,Due Diligence,Near Mint,FALSE,0.05,9,Bin 5,30,2
69e53d229ca1ed48e7d99d9b,409247537,,1,mkm,Due Diligence,Near Mint,FALSE,0.05,9,Bin 5,32,2
69e53d229ca1ed48e7d99d9b,409247537,,1,mkm,Due Diligence,Near Mint,FALSE,0.05,9,Bin 5,33,1
69e53d229ca1ed48e7d99d9b,409247537,,1,mkm,Due Diligence,Near Mint,FALSE,0.05,9,Bin 5,34,2
69e53d229ca1ed48e7d99d9b,409247537,,1,mkm,Due Diligence,Near Mint,FALSE,0.05,9,Bin 5,35,2
69e9035d7ecc73c161d86cb9,409953957,,1,mkm,Due Diligence,Near Mint,FALSE,0.03,10,Bin 1,12,10
69af68ae34ce719e27b74379,398052903,,1,mid,Duelcraft Trainer,Near Mint,FALSE,0.03,2,Bin 6,17,1
69af68ae34ce719e27b74379,398052903,,1,mid,Duelcraft Trainer,Near Mint,FALSE,0.03,2,Bin 5,27,1
69e91b437ecc73c161d8b8e2,409999621,,1,afr,Dueling Rapier,Near Mint,FALSE,0.05,3,Bin 1,23,3
69e4201d9ca1ed48e7d9909d,409080712,,1,kld,Dukhara Scavenger,Near Mint,FALSE,0.03,9,Bin 5,4,8
69e4201d9ca1ed48e7d9909d,409080712,,1,kld,Dukhara Scavenger,Near Mint,FALSE,0.03,9,Bin 7,5,1
69e42c2a9ca1ed48e7d99376,409090873,,1,akh,Dune Beetle,Near Mint,FALSE,0.05,1,Bin 5,12,1
69e96e5c7ecc73c161d9d74c,410048707,,1,akh,Dune Beetle,Near Mint,TRUE,0.1,1,Bin 7,15,1
69e7cbe19ca1ed48e7d9ad24,409768174,,1,hou,Dunes of the Dead,Near Mint,FALSE,0.05,0,,,
69e965bb7ecc73c161d9b973,410045381,,1,cltr,Dunland Crebain,Near Mint,FALSE,0.03,1,Bin 7,14,1
69e965bb7ecc73c161d9b970,410045378,,1,ltr,Dunland Crebain,Near Mint,FALSE,0.03,1,Bin 7,14,1
69e421909ca1ed48e7d990fa,409081310,,1,kld,Durable Handicraft,Near Mint,FALSE,0.05,7,Bin 5,5,4
69e421909ca1ed48e7d990fa,409081310,,1,kld,Durable Handicraft,Near Mint,FALSE,0.05,7,Bin 7,4,3
69af6d6434ce719e27b744fd,398148526,,1,mid,Duress,NM,FALSE,0.04,1,Bin 6,18,1
69b0dcfe9ca1ed48e7d8ba25,398420416,,1,rix,Dusk Charger,Near Mint,FALSE,0.03,1,Bin 6,37,1
69e7e4d29ca1ed48e7d9b19b,409781977,,1,rix,Dusk Charger,Near Mint,TRUE,0.1,1,Bin 7,7,1
69e539349ca1ed48e7d99cf6,409246134,,1,emn,Dusk Feaster,Near Mint,FALSE,0.03,3,Bin 5,28,3
69e95c877ecc73c161d99892,410042479,,1,xln,Duskborne Skymarcher,Near Mint,FALSE,0.05,2,Bin 7,13,2
69af91869ca1ed48e7d8a7db,398187780,,1,woe,Dutiful Griffin,Near Mint,FALSE,0.03,1,Bin 6,23,1
69e433fa9ca1ed48e7d99502,409095210,,1,bfz,Dutiful Return,Near Mint,FALSE,0.03,11,Bin 5,18,11
69e4244d9ca1ed48e7d9917c,409082834,,1,ktk,Dutiful Return,Near Mint,FALSE,0.03,6,Bin 5,7,6
699a9e1b34ce719e27b6e0c7,393639396,,1,fin,Dwarven Castle Guard,NM,FALSE,0.03,14,Bin 6,6,2
699a9e1b34ce719e27b6e0c7,393639396,,1,fin,Dwarven Castle Guard,NM,FALSE,0.03,14,Bin 6,4,1
699a9e1b34ce719e27b6e0c7,393639396,,1,fin,Dwarven Castle Guard,NM,FALSE,0.03,14,Bin 6,12,11
699bb19434ce719e27b6e934,393880586,,1,fin,Dwarven Castle Guard,NM,TRUE,0.15,1,Bin 6,7,1
69ed59c679f49147a0810278,410864053,,1,khm,Dwarven Reinforcements,Near Mint,FALSE,0.03,1,Bin 7,16,1
69e7e09d9ca1ed48e7d9b07a,409779768,,1,fdn,Dwynen's Elite,Near Mint,FALSE,0.03,1,Bin 7,6,1
69e7e4ce9ca1ed48e7d9b145,409781945,,1,ori,Dwynen's Elite,Near Mint,FALSE,0.05,1,Bin 7,7,1
69e7e4cd9ca1ed48e7d9b142,409781944,,1,ori,Dwynen's Elite,Near Mint,TRUE,0.15,0,,,
69b0c7619ca1ed48e7d8b68d,398398104,,1,rtr,Dynacharge,Near Mint,FALSE,0.03,2,Bin 6,33,2
69eea6d22f009c9bc4d7489c,411068531,,1,dft,Dynamite Diver,Near Mint,FALSE,0.05,1,Bin 7,19,1
69e965b87ecc73c161d9b93a,410045354,,1,ltr,Dúnedain Rangers,Near Mint,FALSE,0.03,1,Bin 7,14,1
69e91cf97ecc73c161d8be9b,410001538,,1,blb,Early Winter,Near Mint,FALSE,0.03,5,Bin 1,24,5
699a9e2034ce719e27b6e121,393639426,,1,tla,Earth Kingdom Jailer,NM,FALSE,0.03,2,Bin 6,6,1
699a9e2034ce719e27b6e121,393639426,,1,tla,Earth Kingdom Jailer,NM,FALSE,0.03,2,Bin 6,4,1
699b75af34ce719e27b6e5b9,393858092,,1,tla,Earth Kingdom Protectors,NM,FALSE,0.05,1,Bin 6,4,1
69b0a9de9ca1ed48e7d8b23b,398363676,,1,tla,Earth Kingdom Soldier,Near Mint,FALSE,0.03,2,Bin 6,29,2
699bb19434ce719e27b6e922,393880580,,1,tla,Earth Rumble Wrestlers,NM,FALSE,0.03,1,Bin 6,7,1
699bb19834ce719e27b6e97f,393880611,,1,tla,Earth Village Ruffians,Near Mint,FALSE,0.03,7,Bin 6,7,1
699bb19834ce719e27b6e97f,393880611,,1,tla,Earth Village Ruffians,Near Mint,FALSE,0.03,7,Bin 6,8,2
699bb19834ce719e27b6e97f,393880611,,1,tla,Earth Village Ruffians,Near Mint,FALSE,0.03,7,Bin 6,9,2
699bb19834ce719e27b6e97f,393880611,,1,tla,Earth Village Ruffians,Near Mint,FALSE,0.03,7,Bin 6,29,2
69e91b437ecc73c161d8b8df,409999619,,1,afr,Earth-Cult Elemental,Near Mint,FALSE,0.05,2,Bin 1,23,2
69af6d6034ce719e27b744b8,398148113,,1,tla,Earthbending Lesson,NM,FALSE,0.03,1,Bin 6,18,1
69e438609ca1ed48e7d9956d,409099698,,1,bfz,Earthen Arms,Near Mint,FALSE,0.03,8,Bin 5,20,8
69eea6d32f009c9bc4d748a8,411068535,,1,dft,Earthrumbler,Near Mint,FALSE,0.04,1,Bin 7,19,1
69e95c867ecc73c161d99884,410042475,,1,ltr,East-Mark Cavalier,Near Mint,FALSE,0.03,1,Bin 7,13,1
69e7e0a59ca1ed48e7d9b0f9,409779810,,1,fdn,Eaten Alive,Near Mint,FALSE,0.03,2,Bin 7,6,2
69e5345b9ca1ed48e7d99c1a,409243001,,1,mid,Eaten Alive,Near Mint,FALSE,0.03,1,Bin 5,27,1
69c322e79ca1ed48e7d90a9d,402044512,,1,lci,Echo of Dusk,Near Mint,FALSE,0.04,6,Bin 1,2,6
69b0b7a59ca1ed48e7d8b3d4,398391717,,1,kld,Eddytrail Hawk,Near Mint,FALSE,0.03,11,Bin 6,31,2
69b0b7a59ca1ed48e7d8b3d4,398391717,,1,kld,Eddytrail Hawk,Near Mint,FALSE,0.03,11,Bin 5,1,8
69b0b7a59ca1ed48e7d8b3d4,398391717,,1,kld,Eddytrail Hawk,Near Mint,FALSE,0.03,11,Bin 7,4,1
699b796634ce719e27b6e6cd,393859692,,1,cfin,"Eden, Seat of the Sanctum",NM,FALSE,0.33,1,Bin 6,3,1
69af91839ca1ed48e7d8a7a7,398187763,,1,woe,Edgewall Pack,Near Mint,FALSE,0.03,1,Bin 6,23,1
69e4307b9ca1ed48e7d9941c,409093660,,1,akh,Edifice of Authority,Near Mint,FALSE,0.05,4,Bin 5,15,4
699bb5c134ce719e27b6ea5b,393882030,,1,spm,Eerie Gravestone,NM,FALSE,0.03,1,Bin 6,8,1
69b03d249ca1ed48e7d8abc5,398283213,,1,woe,Eerie Interference,Near Mint,FALSE,0.03,1,Bin 6,24,1
69ed5f1179f49147a08131d2,410865266,,1,ktk,Efreet Weaponmaster,Near Mint,TRUE,0.1,1,Bin 7,17,1
69e427c99ca1ed48e7d99238,409088130,,1,ktk,Efreet Weaponmaster,Near Mint,FALSE,0.05,5,Bin 5,9,5
69b0a9da9ca1ed48e7d8b1ea,398363657,,1,woe,Ego Drain,Near Mint,FALSE,0.06,1,Bin 6,29,1
699bbb8034ce719e27b6ec9d,393885016,,1,sok,Elder Pine of Jukai,NM,FALSE,0.09,5,Bin 6,10,5
69ed59c579f49147a081026a,410864048,,1,khm,Elderleaf Mentor,Near Mint,FALSE,0.03,1,Bin 7,16,1
69e53ab39ca1ed48e7d99d3a,409246474,,1,ogw,Eldrazi Aggressor,Near Mint,FALSE,0.03,6,Bin 5,29,6
699b7d3534ce719e27b6e783,393860696,,1,mh3,Eldrazi Repurposer,NM,FALSE,0.05,0,,,
69af848a9ca1ed48e7d8a676,398179341,,1,bfz,Eldrazi Skyspawner,Near Mint,FALSE,0.03,0,,,
69e534539ca1ed48e7d99bae,409242913,,1,mid,Electric Revelation,Near Mint,FALSE,0.07,0,,,
69e42c259ca1ed48e7d99319,409090839,,1,akh,Electrify,Near Mint,FALSE,0.05,13,Bin 5,12,1
69e42c259ca1ed48e7d99319,409090839,,1,akh,Electrify,Near Mint,FALSE,0.05,13,Bin 5,13,12
699bbb7c34ce719e27b6ec43,393884973,,1,mma,Electrolyze,NM,FALSE,0.11,4,Bin 6,10,4
69b0cca19ca1ed48e7d8b759,398401797,,1,kld,Elegant Edgecrafters,Near Mint,FALSE,0.03,8,Bin 6,34,1
69b0cca19ca1ed48e7d8b759,398401797,,1,kld,Elegant Edgecrafters,Near Mint,FALSE,0.03,8,Bin 5,5,4
69b0cca19ca1ed48e7d8b759,398401797,,1,kld,Elegant Edgecrafters,Near Mint,FALSE,0.03,8,Bin 7,4,3
69e93a2c7ecc73c161d921f5,410020603,,1,ogw,Elemental Uprising,Near Mint,TRUE,0.1,1,Bin 7,10,1
69e5344e9ca1ed48e7d99b63,409242858,,1,fdn,Elementalist Adept,Near Mint,FALSE,0.03,1,Bin 5,27,1
69b08a969ca1ed48e7d8b0c2,398343002,,1,cns,Elephant Guide,Near Mint,TRUE,0.15,1,Bin 6,28,1
69b0b7a09ca1ed48e7d8b36f,398391684,,1,cns,Elephant Guide,Near Mint,FALSE,0.04,0,,,
69af84919ca1ed48e7d8a6ea,398179381,,1,8ed,Elfhame Palace,Near Mint,FALSE,0.1,1,Bin 6,21,1
699bbb8034ce719e27b6ec97,393885014,,1,c17,Elfhame Palace,NM,FALSE,0.11,1,Bin 6,10,1
69e7e09e9ca1ed48e7d9b083,409779771,,1,fdn,Elfsworn Giant,Near Mint,FALSE,0.05,2,Bin 7,6,2
69b042679ca1ed48e7d8acc4,398289307,,1,m21,Eliminate,Near Mint,FALSE,0.03,1,Bin 6,25,1
69e70c339ca1ed48e7d9a915,409616284,,1,mkm,Eliminate the Impossible,Near Mint,FALSE,0.05,4,Bin 5,36,4
69c3156a9ca1ed48e7d9082c,402033807,,1,eld,Elite Headhunter,Near Mint,TRUE,0.15,1,Bin 6,38,1
69b0d7f49ca1ed48e7d8b9be,398406781,,1,thb,Elite Instructor,Near Mint,TRUE,0.1,1,Bin 6,36,1
699a9e1434ce719e27b6e039,393639353,,1,fin,Elixir,NM,FALSE,0.04,1,Bin 6,6,1
69c321959ca1ed48e7d90a34,402043032,,1,a25,Elvish Aberration,Near Mint,FALSE,0.04,1,Bin 1,1,1
69e7e09c9ca1ed48e7d9b066,409779759,,1,fdn,Elvish Regrower,Near Mint,FALSE,0.05,1,Bin 7,6,1
69e9546e7ecc73c161d97bbf,410037355,,1,ema,Elvish Vanguard,Near Mint,TRUE,1.5,1,Bin 7,11,1
69e704ca9ca1ed48e7d9a7b1,409614842,,1,m13,Elvish Visionary,Near Mint,FALSE,0.06,2,Bin 5,34,2
699bb5cd34ce719e27b6eb1f,393882080,,1,tla,Ember Island Production,NM,FALSE,0.03,0,,,
69e42d609ca1ed48e7d993ab,409091249,,1,akh,Emberhorn Minotaur,Near Mint,FALSE,0.05,5,Bin 5,13,5
69e9546d7ecc73c161d97baa,410037348,,1,tdm,Embermouth Sentinel,Near Mint,FALSE,0.05,1,Bin 7,11,1
69e422c79ca1ed48e7d99114,409082105,,1,ktk,Embodiment of Spring,Near Mint,FALSE,0.05,4,Bin 5,6,4
69e4201d9ca1ed48e7d9909a,409080711,,1,kld,Embraal Bruiser,Near Mint,FALSE,0.05,4,Bin 5,4,4
69e43bda9ca1ed48e7d995ef,409101625,,1,aer,Embraal Gear-Smasher,Near Mint,FALSE,0.03,3,Bin 5,23,2
69e43bda9ca1ed48e7d995ef,409101625,,1,aer,Embraal Gear-Smasher,Near Mint,FALSE,0.03,3,Bin 7,2,1
69e934c17ecc73c161d90f42,410017674,,1,dsk,Emerge from the Cocoon,Near Mint,FALSE,0.03,18,Bin 1,36,18
69b042679ca1ed48e7d8acbe,398289305,,1,stx,Emergent Sequence,Near Mint,FALSE,0.07,1,Bin 6,25,1
69b0b7a49ca1ed48e7d8b3b4,398391707,,1,xln,Emissary of Sunrise,Near Mint,FALSE,0.03,1,Bin 6,31,1
69e4218e9ca1ed48e7d990e0,409081265,,1,kld,Empyreal Voyager,Near Mint,FALSE,0.05,2,Bin 5,5,2
69b0b7a69ca1ed48e7d8b3d7,398391718,,1,xln,Encampment Keeper,Near Mint,FALSE,0.03,2,Bin 6,31,2
69c31da19ca1ed48e7d90986,402040050,,1,xln,Encampment Keeper,Near Mint,TRUE,0.15,1,Bin 6,39,1
69c31da59ca1ed48e7d909c2,402040060,,1,eld,Enchanted Carriage,Near Mint,TRUE,0.15,1,Bin 6,39,1
69af86da9ca1ed48e7d8a736,398181820,,1,roe,Enclave Cryptologist,Near Mint,FALSE,0.16,1,Bin 6,22,1
69eea6d22f009c9bc4d7489f,411068532,,1,dft,Endrider Catalyzer,Near Mint,FALSE,0.04,1,Bin 7,19,1
69b04eb79ca1ed48e7d8af29,398299288,,1,mh1,Enduring Sliver,Near Mint,FALSE,0.03,0,,,
69efe93c4ff24d3a84876f0d,411358565,,1,dtk,Enduring Victory,Near Mint,TRUE,0.1,1,Bin 7,20,1
69af68ac34ce719e27b74355,398052889,,1,thb,Enemy of Enlightenment,NM,FALSE,0.03,1,Bin 6,17,1
699bb19434ce719e27b6e92b,393880583,,1,tla,Energybending,NM,FALSE,0.05,0,,,
69e4218e9ca1ed48e7d990dd,409081264,,1,kld,Engineered Might,Near Mint,FALSE,0.04,5,Bin 5,5,5
69e7ea189ca1ed48e7d9b2e9,409784069,,1,frf,Enhanced Awareness,Near Mint,TRUE,0.1,2,Bin 7,8,2
69e4307e9ca1ed48e7d99440,409093672,,1,akh,Enigma Drake,Near Mint,FALSE,0.05,1,Bin 5,15,1
69e43bda9ca1ed48e7d995ec,409101624,,1,aer,Enraged Giant,Near Mint,FALSE,0.03,4,Bin 5,23,4
69e965b87ecc73c161d9b937,410045353,,1,ltr,Enraged Huorn,Near Mint,FALSE,0.03,1,Bin 7,14,1
69b08a969ca1ed48e7d8b0c5,398343004,,1,cns,Enraged Revolutionary,Near Mint,TRUE,0.15,1,Bin 6,28,1
69e954747ecc73c161d97c33,410037394,,1,nph,Enslave,Near Mint,TRUE,0.15,0,,,
699b75af34ce719e27b6e5be,393858093,,1,tla,Enter the Avatar State,NM,FALSE,0.1,0,,,
69b03d239ca1ed48e7d8abb1,398283206,,1,rix,Enter the Unknown,Near Mint,FALSE,0.34,1,Bin 6,24,1
69af580534ce719e27b74234,397801139,,1,stx,Environmental Sciences,Near Mint,FALSE,0.07,4,Bin 6,16,2
69af580534ce719e27b74234,397801139,,1,stx,Environmental Sciences,Near Mint,FALSE,0.07,4,Bin 6,25,2
69c34bfb9ca1ed48e7d90c23,402068376,,1,lci,Envoy of Okinec Ahau,Near Mint,FALSE,0.04,6,Bin 1,6,6
69c321959ca1ed48e7d90a31,402043031,,1,a25,Epic Confrontation,Near Mint,FALSE,0.03,2,Bin 1,1,2
69c315669ca1ed48e7d907e1,402033120,,1,eld,Epic Downfall,Near Mint,TRUE,0.15,2,Bin 6,38,1
69c315669ca1ed48e7d907e1,402033120,,1,eld,Epic Downfall,Near Mint,TRUE,0.15,2,Bin 6,39,1
699bb5cc34ce719e27b6eb1c,393882079,,1,tla,Epic Downfall,NM,FALSE,0.05,1,Bin 6,8,1
69b04eb19ca1ed48e7d8aec3,398299207,,1,m20,Epicure of Blood,Near Mint,FALSE,0.04,0,,,
69af518734ce719e27b7414a,397759321,,1,bng,Epiphany Storm,LP,FALSE,0.03,16,Bin 6,14,16
69af518434ce719e27b74112,397759290,,1,neo,Era of Enlightenment // Hand of Enlightenment,NM,FALSE,0.03,1,Bin 6,14,1
69e41db19ca1ed48e7d98fec,409079835,,1,kld,Era of Innovation,Near Mint,FALSE,0.03,2,Bin 5,2,1
69e41db19ca1ed48e7d98fec,409079835,,1,kld,Era of Innovation,Near Mint,FALSE,0.03,2,Bin 7,4,1
69e4218b9ca1ed48e7d990a7,409081246,,1,ktk,Erase,Near Mint,FALSE,0.03,5,Bin 5,5,4
69e4218b9ca1ed48e7d990a7,409081246,,1,ktk,Erase,Near Mint,FALSE,0.03,5,Bin 7,17,1
69e965b97ecc73c161d9b949,410045361,,1,ltr,Erebor Flamesmith,Near Mint,FALSE,0.17,2,Bin 7,14,2
69c321989ca1ed48e7d90a70,402043052,,1,a25,Erg Raiders,Near Mint,FALSE,0.04,2,Bin 1,1,2
69e90ad57ecc73c161d883cb,409968309,,1,otj,Eriette's Lullaby,Near Mint,FALSE,0.05,14,Bin 1,20,11
69e90ad57ecc73c161d883cb,409968309,,1,otj,Eriette's Lullaby,Near Mint,FALSE,0.05,14,Bin 1,21,3
69af91849ca1ed48e7d8a7b6,398187768,,1,woe,Eriette's Whisper,Near Mint,FALSE,0.04,1,Bin 6,23,1
69e965b87ecc73c161d9b943,410045358,,1,ltr,"Erkenbrand, Lord of Westfold",Near Mint,FALSE,0.04,2,Bin 7,14,2
69e918637ecc73c161d8af61,409994895,,1,otj,Eroded Canyon,Near Mint,FALSE,0.16,6,Bin 1,22,6
69e95c867ecc73c161d9987e,410042473,,1,ltr,Errand-Rider of Gondor,Near Mint,FALSE,0.03,1,Bin 7,13,1
69af86db9ca1ed48e7d8a748,398181826,,1,tsr,Errant Doomsayers,Near Mint,TRUE,0.15,1,Bin 6,22,1
69e931587ecc73c161d90328,410015754,,1,dsk,Erratic Apparition,Near Mint,FALSE,0.03,13,Bin 1,32,13
69efe9384ff24d3a84876e4f,411358533,,1,mma,Erratic Mutation,Near Mint,TRUE,0.1,1,Bin 7,20,1
69e7e0a49ca1ed48e7d9b0e5,409779802,,1,fdn,Erudite Wizard,Near Mint,FALSE,0.03,1,Bin 7,6,1
69b0d7ea9ca1ed48e7d8b926,398406686,,1,thb,Escape Velocity,Near Mint,TRUE,0.15,2,Bin 6,36,2
69e4201d9ca1ed48e7d99097,409080710,,1,kld,Essence Extraction,Near Mint,FALSE,0.03,4,Bin 5,4,4
69e42aa79ca1ed48e7d992fe,409089986,,1,akh,Essence Scatter,Near Mint,FALSE,0.03,4,Bin 5,11,4
69e96e597ecc73c161d9d714,410048691,,1,akh,Essence Scatter,Near Mint,TRUE,0.1,1,Bin 7,15,1
69b0bb229ca1ed48e7d8b4c3,398393258,,1,m19,Essence Scatter,Near Mint,FALSE,0.04,1,Bin 6,32,1
69af580934ce719e27b74280,397801511,,1,iko,Essence Symbiote,NM,FALSE,0.03,2,Bin 6,16,2
69e535b59ca1ed48e7d99c3d,409244248,,1,mkm,Essence of Antiquity,Near Mint,FALSE,0.06,2,Bin 5,8,1
69e535b59ca1ed48e7d99c3d,409244248,,1,mkm,Essence of Antiquity,Near Mint,FALSE,0.06,2,Bin 5,36,1
69e427c69ca1ed48e7d99205,409088115,,1,vow,Estwald Shieldbasher,Near Mint,FALSE,0.03,1,Bin 5,9,1
69c32dbc9ca1ed48e7d90b64,402049690,,1,lci,Etali's Favor,Near Mint,FALSE,0.07,5,Bin 1,5,5
69e9359a7ecc73c161d911ae,410018256,,1,dsk,Etched Cornfield,Near Mint,FALSE,0.03,1,Bin 1,37,1
699bbb7d34ce719e27b6ec58,393884981,,1,mma,Etched Oracle,NM,FALSE,0.05,1,Bin 6,10,1
69c31da19ca1ed48e7d9098c,402040052,,1,war,Eternal Skylord,Near Mint,TRUE,0.15,1,Bin 6,39,1
69af4d4434ce719e27b7405f,397707396,,1,fin,Ether,NM,FALSE,0.03,1,Bin 6,11,1
69e7ea139ca1ed48e7d9b286,409784015,,1,soi,Ethereal Guidance,Near Mint,TRUE,0.1,1,Bin 7,8,1
69b04eab9ca1ed48e7d8ae4f,398299147,,1,stx,Eureka Moment,Near Mint,FALSE,0.07,0,,,
69b04ead9ca1ed48e7d8ae74,398299174,,1,eoe,Eusocial Engineering,Near Mint,FALSE,0.03,0,,,
69efe93b4ff24d3a84876ee8,411358559,,1,bng,Everflame Eidolon,Near Mint,TRUE,0.1,1,Bin 7,20,1
69b08a9c9ca1ed48e7d8b127,398343073,,1,eoc,Everflowing Chalice,Near Mint,FALSE,0.08,0,,,
69e70c369ca1ed48e7d9a947,409616298,,1,mkm,Evidence Examiner,Near Mint,FALSE,0.05,1,Bin 5,36,1
699a9e1c34ce719e27b6e0d8,393639401,,1,fin,Evil Reawakened,NM,FALSE,0.03,0,,,
699b7d3d34ce719e27b6e802,393860728,,1,mh3,Eviscerator's Insight,NM,FALSE,0.05,0,,,
69e4307a9ca1ed48e7d9940a,409093653,,1,akh,Evolving Wilds,Near Mint,FALSE,0.03,0,,,
69e439ce9ca1ed48e7d995ac,409100246,,1,bfz,Evolving Wilds,Near Mint,FALSE,0.06,7,Bin 5,21,7
69b0a9d99ca1ed48e7d8b1e1,398363654,,1,c16,Evolving Wilds,Near Mint,FALSE,0.08,0,,,
699bbb7f34ce719e27b6ec8b,393885010,,1,c17,Evolving Wilds,NM,FALSE,0.1,0,,,
699bbb7d34ce719e27b6ec67,393884986,,1,c18,Evolving Wilds,NM,FALSE,0.09,0,,,
69b0d34b9ca1ed48e7d8b845,398404110,,1,cmd,Evolving Wilds,Near Mint,FALSE,0.1,0,,,
69b0d34f9ca1ed48e7d8b87d,398404125,,1,ddh,Evolving Wilds,Near Mint,FALSE,0.08,2,Bin 6,35,2
69b0d34e9ca1ed48e7d8b871,398404123,,1,ddk,Evolving Wilds,Near Mint,FALSE,0.1,0,,,
69b0d3479ca1ed48e7d8b808,398404092,,1,dka,Evolving Wilds,Near Mint,FALSE,0.08,0,,,
699b7d3434ce719e27b6e760,393860685,,1,dtk,Evolving Wilds,NM,FALSE,0.09,0,,,
69efe9344ff24d3a84876db2,411358507,,1,dtk,Evolving Wilds,Near Mint,FALSE,0.08,1,Bin 7,20,1
69af70119a9ce4ef7aed3c72,398161632,,1,ecl,Evolving Wilds,NM,FALSE,0.05,0,,,
69e534489ca1ed48e7d99b1c,409242806,,1,fdn,Evolving Wilds,Near Mint,FALSE,0.03,0,,,
69b0d3479ca1ed48e7d8b811,398404095,,1,m13,Evolving Wilds,Near Mint,FALSE,0.08,0,,,
69b042679ca1ed48e7d8acc9,398289308,,1,stx,Excavated Wall,Near Mint,FALSE,0.04,1,Bin 6,25,1
69b0bf1e9ca1ed48e7d8b571,398394961,,1,m19,Exclusion Mage,Near Mint,FALSE,0.08,1,Bin 6,33,1
69e93a257ecc73c161d92179,410020544,,1,nph,Exclusion Ritual,Near Mint,FALSE,0.05,2,Bin 7,10,2
69b0d3529ca1ed48e7d8b8af,398404137,,1,dka,Executioner's Hood,Near Mint,FALSE,0.03,3,Bin 6,35,1
69b0d3529ca1ed48e7d8b8af,398404137,,1,dka,Executioner's Hood,Near Mint,FALSE,0.03,3,Bin 6,37,2
69e42ea29ca1ed48e7d993dc,409092705,,1,akh,Exemplar of Strength,Near Mint,FALSE,0.05,1,Bin 5,14,1
69e965b27ecc73c161d9b809,410045250,,1,akh,Exemplar of Strength,Near Mint,FALSE,0.04,2,Bin 7,14,1
69e965b27ecc73c161d9b809,410045250,,1,akh,Exemplar of Strength,Near Mint,FALSE,0.04,2,Bin 7,15,1
69e965b27ecc73c161d9b80c,410045314,,1,akh,Exemplar of Strength,Near Mint,TRUE,0.1,1,Bin 7,14,1
69efe93b4ff24d3a84876eca,411358553,,1,snc,Exhibition Magician,Near Mint,FALSE,0.03,2,Bin 7,20,2
69af68af34ce719e27b7438e,398052912,,1,snc,Exotic Pets,NM,FALSE,0.03,1,Bin 6,17,1
69af6d6634ce719e27b74518,398148678,,1,stx,Expanded Anatomy,NM,FALSE,0.04,1,Bin 6,18,1
69e53d2c9ca1ed48e7d99e28,409247578,,1,ogw,Expedite,Near Mint,FALSE,0.21,0,,,
69e7d3c39ca1ed48e7d9ae68,409772228,,1,bfz,Expedition Envoy,Near Mint,FALSE,0.03,1,Bin 7,3,1
69e7d3c39ca1ed48e7d9ae65,409772227,,1,bfz,Expedition Envoy,Near Mint,TRUE,0.1,3,Bin 7,3,3
69e93a2a7ecc73c161d921d5,410020591,,1,ogw,Expedition Raptor,Near Mint,TRUE,0.1,1,Bin 7,10,1
69b04eb59ca1ed48e7d8af07,398299275,,1,eoc,Experimental Augury,Near Mint,FALSE,0.19,0,,,
69e41db19ca1ed48e7d98fe9,409079834,,1,kld,Experimental Aviator,Near Mint,FALSE,0.03,4,Bin 5,2,4
69e908fd7ecc73c161d87dfe,409966059,,1,otj,Explosive Derailment,Near Mint,FALSE,0.05,16,Bin 1,18,1
69e908fd7ecc73c161d87dfe,409966059,,1,otj,Explosive Derailment,Near Mint,FALSE,0.05,16,Bin 1,19,15
69e70c309ca1ed48e7d9a8df,409616270,,1,mkm,Expose the Culprit,Near Mint,FALSE,0.05,2,Bin 5,36,2
69e53d239ca1ed48e7d99da1,409247540,,1,mkm,Extract a Confession,Near Mint,FALSE,0.26,0,,,
69e9546e7ecc73c161d97bce,410037360,,1,ema,Extract from Darkness,Near Mint,TRUE,0.25,1,Bin 7,11,1
69e9546f7ecc73c161d97bd1,410037361,,1,ema,Extract from Darkness,Near Mint,FALSE,0.14,2,Bin 7,11,2
69e957d67ecc73c161d98829,410039936,,1,emn,Extricator of Sin // Extricator of Flesh,Near Mint,FALSE,0.05,1,Bin 7,12,1
69b0bb1c9ca1ed48e7d8b468,398393225,,1,emn,Exultant Cultist,Near Mint,FALSE,0.03,3,Bin 6,32,2
69b0bb1c9ca1ed48e7d8b468,398393225,,1,emn,Exultant Cultist,Near Mint,FALSE,0.03,3,Bin 6,37,1
69af848a9ca1ed48e7d8a66d,398179338,,1,rix,Exultant Skymarcher,Near Mint,FALSE,0.03,3,Bin 6,21,1
69af848a9ca1ed48e7d8a66d,398179338,,1,rix,Exultant Skymarcher,Near Mint,FALSE,0.03,3,Bin 6,22,1
69af848a9ca1ed48e7d8a66d,398179338,,1,rix,Exultant Skymarcher,Near Mint,FALSE,0.03,3,Bin 6,31,1
69c31da39ca1ed48e7d909aa,402040058,,1,eld,Eye Collector,Near Mint,TRUE,0.15,1,Bin 6,39,1
69af580334ce719e27b74213,397800976,,1,bng,Eye Gouge,NM,FALSE,0.03,16,Bin 6,16,16
69af542234ce719e27b74182,397764524,,1,cmr,Eyeblight Massacre,NM,FALSE,0.04,1,Bin 6,15,1
69e7e4cf9ca1ed48e7d9b157,409781952,,1,ori,Eyeblight Massacre,Near Mint,FALSE,0.05,3,Bin 7,7,3
69e438619ca1ed48e7d99579,409099702,,1,bfz,Eyeless Watcher,Near Mint,FALSE,0.02,7,Bin 5,20,7
69e9185e7ecc73c161d8aed2,409994849,,1,afr,Eyes of the Beholder,Near Mint,FALSE,0.05,1,Bin 1,22,1
69af580a34ce719e27b74289,397801554,,1,iko,Facet Reader,NM,FALSE,0.03,2,Bin 6,16,1
69af580a34ce719e27b74289,397801554,,1,iko,Facet Reader,NM,FALSE,0.03,2,Bin 6,17,1
69e535b89ca1ed48e7d99c6d,409244285,,1,cmkm,Fae Flight,Near Mint,FALSE,0.11,1,Bin 5,8,1
69af918c9ca1ed48e7d8a849,398187812,,1,celd,Faerie Guidemother // Gift of the Fae,Near Mint,FALSE,0.16,1,Bin 6,26,1
69e957cd7ecc73c161d98785,410039879,,1,mm2,Faerie Mechanist,Near Mint,TRUE,0.1,1,Bin 7,12,1
69e904537ecc73c161d86faf,409961803,,1,mkm,Faerie Snoop,Near Mint,FALSE,0.03,9,Bin 1,13,9
69e5415f9ca1ed48e7d99e6e,409249307,,1,mkm,Faerie Snoop,Near Mint,FALSE,0.05,4,Bin 5,31,1
69e5415f9ca1ed48e7d99e6e,409249307,,1,mkm,Faerie Snoop,Near Mint,FALSE,0.05,4,Bin 5,33,2
69e5415f9ca1ed48e7d99e6e,409249307,,1,mkm,Faerie Snoop,Near Mint,FALSE,0.05,4,Bin 5,35,1
69c3156b9ca1ed48e7d9083b,402033813,,1,eld,Faerie Vandal,Near Mint,TRUE,0.15,1,Bin 6,38,1
69e906437ecc73c161d87566,409963657,,1,otj,Failed Fording,Near Mint,FALSE,0.03,18,Bin 1,15,18
69e41db19ca1ed48e7d98fe6,409079833,,1,kld,Failed Inspection,Near Mint,FALSE,0.05,7,Bin 5,2,7
69e421909ca1ed48e7d990f5,409081309,,1,kld,Fairgrounds Trumpeter,Near Mint,FALSE,0.05,8,Bin 5,5,4
69e421909ca1ed48e7d990f5,409081309,,1,kld,Fairgrounds Trumpeter,Near Mint,FALSE,0.05,8,Bin 7,4,3
69e421909ca1ed48e7d990f5,409081309,,1,kld,Fairgrounds Trumpeter,Near Mint,FALSE,0.05,8,Bin 7,5,1
69e41c879ca1ed48e7d98fcd,409079430,,1,kld,Fairgrounds Warden,Near Mint,FALSE,0.05,9,Bin 5,1,4
69e41c879ca1ed48e7d98fcd,409079430,,1,kld,Fairgrounds Warden,Near Mint,FALSE,0.05,9,Bin 7,3,1
69e41c879ca1ed48e7d98fcd,409079430,,1,kld,Fairgrounds Warden,Near Mint,FALSE,0.05,9,Bin 7,4,2
69e41c879ca1ed48e7d98fcd,409079430,,1,kld,Fairgrounds Warden,Near Mint,FALSE,0.05,9,Bin 7,5,2
69e7dda19ca1ed48e7d9af8f,409778057,,1,kld,Fairgrounds Warden,Near Mint,TRUE,0.15,4,Bin 7,5,4
69e42c2a9ca1ed48e7d99373,409090872,,1,akh,Faith of the Devoted,Near Mint,FALSE,0.11,2,Bin 5,12,2
69b04eb69ca1ed48e7d8af18,398299282,,1,m21,Faith's Fetters,Near Mint,FALSE,0.03,1,Bin 6,27,1
69e91cfb7ecc73c161d8bec2,410001551,,1,uma,Faith's Fetters,Near Mint,FALSE,0.03,1,Bin 1,24,1
69e7ede89ca1ed48e7d9b3cc,409786035,,1,uma,Faith's Fetters,Near Mint,TRUE,0.1,1,Bin 7,9,1
69e5344f9ca1ed48e7d99b6f,409242867,,1,fdn,Fake Your Own Death,Near Mint,FALSE,0.03,0,,,
69e905377ecc73c161d87282,409963106,,1,otj,Fake Your Own Death,Near Mint,FALSE,0.05,13,Bin 1,14,13
69af580734ce719e27b74254,397801306,,1,snc,Fake Your Own Death,NM,FALSE,0.05,0,,,
69e427c39ca1ed48e7d991de,409088101,,1,cvow,Falkenrath Celebrants,Near Mint,FALSE,0.03,0,,,
69e534509ca1ed48e7d99b81,409242880,,1,mid,Falkenrath Perforator,Near Mint,FALSE,0.03,1,Bin 5,27,1
69e539369ca1ed48e7d99d0a,409246141,,1,emn,Falkenrath Reaver,Near Mint,FALSE,0.03,4,Bin 5,28,4
69af68aa34ce719e27b74332,398052877,,1,cmr,Fall from Favor,NM,FALSE,0.04,1,Bin 6,17,1
69c31d9e9ca1ed48e7d9095b,402040037,,1,rtr,Fall of the Gavel,Near Mint,FALSE,0.04,1,Bin 6,39,1
69af4fdc34ce719e27b740be,397758036,,1,bng,Fall of the Hammer,NM,FALSE,0.02,8,Bin 6,13,7
69af4fdc34ce719e27b740be,397758036,,1,bng,Fall of the Hammer,NM,FALSE,0.02,8,Bin 6,14,1
69c34bfb9ca1ed48e7d90c20,402068374,,1,lci,Family Reunion,Near Mint,FALSE,0.04,8,Bin 1,6,8
69e534509ca1ed48e7d99b84,409242883,,1,mid,Famished Foragers,Near Mint,FALSE,0.03,1,Bin 5,27,1
69e429429ca1ed48e7d99298,409089696,,1,akh,Fan Bearer,Near Mint,FALSE,0.03,5,Bin 5,10,5
69e92fa87ecc73c161d8fd77,410014213,,1,dsk,Fanatic of the Harrowing,Near Mint,FALSE,0.03,18,Bin 1,30,18
69e53d279ca1ed48e7d99de6,409247561,,1,cmkm,Fanatical Strength,Near Mint,FALSE,0.05,3,Bin 5,30,1
69e53d279ca1ed48e7d99de6,409247561,,1,cmkm,Fanatical Strength,Near Mint,FALSE,0.05,3,Bin 5,31,1
69e53d279ca1ed48e7d99de6,409247561,,1,cmkm,Fanatical Strength,Near Mint,FALSE,0.05,3,Bin 5,33,1
69e541639ca1ed48e7d99e9c,409249315,,1,mkm,Fanatical Strength,Near Mint,FALSE,0.02,8,Bin 5,31,3
69e541639ca1ed48e7d99e9c,409249315,,1,mkm,Fanatical Strength,Near Mint,FALSE,0.02,8,Bin 5,32,1
69e541639ca1ed48e7d99e9c,409249315,,1,mkm,Fanatical Strength,Near Mint,FALSE,0.02,8,Bin 1,10,4
699b75af34ce719e27b6e5c1,393858094,,1,tla,Fancy Footwork,NM,FALSE,0.05,1,Bin 6,4,1
69e534579ca1ed48e7d99be5,409242956,,1,cmid,Fangblade Brigand // Fangblade Eviscerator,Near Mint,FALSE,0.05,1,Bin 5,27,1
69af542634ce719e27b741d2,397764554,,1,afr,"Farideh, Devil's Chosen",NM,FALSE,0.03,1,Bin 6,15,1
69edbdad2f009c9bc4cddf5e,410924422,,1,dgm,Fatal Fumes,Near Mint,FALSE,0.04,2,Bin 7,18,2
69af73479a9ce4ef7aed3cbb,398165907,,1,snc,Fatal Grudge,NM,FALSE,0.03,1,Bin 6,20,1
699a9e1b34ce719e27b6e0c1,393639394,,1,fin,Fate of the Sun-Cryst,Near Mint,FALSE,0.03,26,Bin 6,6,1
699a9e1b34ce719e27b6e0c1,393639394,,1,fin,Fate of the Sun-Cryst,Near Mint,FALSE,0.03,26,Bin 6,4,1
699a9e1b34ce719e27b6e0c1,393639394,,1,fin,Fate of the Sun-Cryst,Near Mint,FALSE,0.03,26,Bin 6,12,12
699a9e1b34ce719e27b6e0c1,393639394,,1,fin,Fate of the Sun-Cryst,Near Mint,FALSE,0.03,26,Bin 7,19,12
69b0bf249ca1ed48e7d8b5ca,398394997,,1,xln,Fathom Fleet Cutthroat,Near Mint,FALSE,0.03,1,Bin 6,33,1
69b0bb189ca1ed48e7d8b436,398393208,,1,xln,Fathom Fleet Firebrand,Near Mint,FALSE,0.03,1,Bin 6,32,1
69c321979ca1ed48e7d90a4f,402043041,,1,a25,Fathom Seer,Near Mint,FALSE,0.03,1,Bin 1,1,1
69e7ea169ca1ed48e7d9b2b9,409784050,,1,tsp,Fathom Seer,Near Mint,FALSE,0.03,1,Bin 7,8,1
69b0b7a19ca1ed48e7d8b38a,398391693,,1,cns,Favorable Winds,Near Mint,FALSE,0.35,2,Bin 6,31,2
69b0d7ef9ca1ed48e7d8b977,398406738,,1,thb,Favored of Iroas,Near Mint,TRUE,0.15,1,Bin 6,36,1
69e934c17ecc73c161d90f3f,410017673,,1,dsk,Fear of Immobility,Near Mint,FALSE,0.03,10,Bin 1,36,10
69e92fa87ecc73c161d8fd74,410014212,,1,dsk,Fear of Lost Teeth,Near Mint,FALSE,0.03,14,Bin 1,30,14
69e934c17ecc73c161d90f3c,410017672,,1,dsk,Fear of Surveillance,Near Mint,FALSE,0.03,18,Bin 1,36,18
69e92fa87ecc73c161d8fd71,410014211,,1,dsk,Fear of the Dark,Near Mint,FALSE,0.03,14,Bin 1,30,14
69e539329ca1ed48e7d99cda,409246125,,1,vow,Fearful Villager // Fearsome Werewolf,Near Mint,FALSE,0.03,1,Bin 5,28,1
69af4fdc34ce719e27b740c1,397758037,,1,bng,Fearsome Temper,NM,FALSE,0.02,10,Bin 6,13,10
69e96e5e7ecc73c161d9d770,410048719,,1,jou,Feast of Dreams,Near Mint,TRUE,0.15,1,Bin 7,15,1
69af68ab34ce719e27b7434c,398052886,,1,cmr,Feast of Succession,NM,FALSE,0.06,1,Bin 6,17,1
69b0425f9ca1ed48e7d8ac46,398289260,,1,m15,Feast on the Fallen,Near Mint,TRUE,0.25,0,,,
69e422ca9ca1ed48e7d9913e,409082119,,1,ktk,Feat of Resistance,Near Mint,FALSE,0.05,6,Bin 5,6,6
69b03d249ca1ed48e7d8abbc,398283209,,1,woe,Feed the Cauldron,Near Mint,FALSE,0.03,1,Bin 6,24,1
699b796234ce719e27b6e67d,393859666,,1,ktk,Feed the Clan,Near Mint,FALSE,0.05,2,Bin 6,3,1
699b796234ce719e27b6e67d,393859666,,1,ktk,Feed the Clan,Near Mint,FALSE,0.05,2,Bin 5,8,1
699bbb7634ce719e27b6ebe0,393884940,,1,ecl,Feed the Flames,NM,FALSE,0.05,1,Bin 6,10,1
69af580334ce719e27b74216,397800993,,1,bng,Felhide Brawler,NM,FALSE,0.02,12,Bin 6,16,12
69e96e5f7ecc73c161d9d776,410048721,,1,jou,Felhide Petrifier,Near Mint,TRUE,0.25,2,Bin 7,15,2
69e7e09f9ca1ed48e7d9b0a1,409779781,,1,fdn,Felidar Savior,Near Mint,FALSE,0.03,2,Bin 7,6,2
69e7e09f9ca1ed48e7d9b09e,409779780,,1,fdn,Felidar Savior,Near Mint,TRUE,0.1,1,Bin 7,6,1
69b04eb19ca1ed48e7d8aec0,398299206,,1,woe,Fell Horseman // Deathly Ride,Near Mint,FALSE,0.03,2,Bin 6,27,1
69b04eb19ca1ed48e7d8aec0,398299206,,1,woe,Fell Horseman // Deathly Ride,Near Mint,FALSE,0.03,2,Bin 6,29,1
69af580434ce719e27b74225,397801066,,1,eld,Fell the Pheasant,NM,FALSE,0.03,1,Bin 6,16,1
69e7e09e9ca1ed48e7d9b086,409779772,,1,fdn,Felling Blow,Near Mint,FALSE,0.04,2,Bin 7,6,2
69e9025a7ecc73c161d869c7,409953031,,1,mkm,Felonious Rage,Near Mint,FALSE,0.03,6,Bin 1,11,6
69e54d3c9ca1ed48e7d99f42,409255059,,1,mkm,Felonious Rage,Near Mint,FALSE,0.05,5,Bin 5,32,1
69e54d3c9ca1ed48e7d99f42,409255059,,1,mkm,Felonious Rage,Near Mint,FALSE,0.05,5,Bin 5,34,2
69e54d3c9ca1ed48e7d99f42,409255059,,1,mkm,Felonious Rage,Near Mint,FALSE,0.05,5,Bin 5,35,1
69e54d3c9ca1ed48e7d99f42,409255059,,1,mkm,Felonious Rage,Near Mint,FALSE,0.05,5,Bin 5,36,1
69e7ce289ca1ed48e7d9adab,409769235,,1,aer,Fen Hauler,Near Mint,FALSE,0.03,1,Bin 7,2,1
69c321929ca1ed48e7d909fb,402043012,,1,a25,Fencing Ace,Near Mint,FALSE,0.04,1,Bin 1,1,1
69af734a9a9ce4ef7aed3cf1,398165937,,1,cmr,Fencing Ace,NM,FALSE,0.04,1,Bin 6,20,1
69e957d27ecc73c161d987ea,410039912,,1,ctdm,Feral Deathgorger // Dusk Sight,Near Mint,TRUE,0.15,1,Bin 7,12,1
69e957d27ecc73c161d987e7,410039911,,1,tdm,Feral Deathgorger // Dusk Sight,Near Mint,FALSE,0.05,4,Bin 7,12,4
69e918607ecc73c161d8af40,409994866,,1,m20,Ferocious Pup,Near Mint,FALSE,0.05,1,Bin 1,22,1
69af6d6534ce719e27b7450f,398148631,,1,iko,Ferocious Tigorilla,NM,FALSE,0.04,1,Bin 6,18,1
69c315639ca1ed48e7d907b1,402033103,,1,eld,Ferocity of the Wilds,Near Mint,TRUE,0.15,3,Bin 6,38,3
69e439ce9ca1ed48e7d995a9,409100245,,1,bfz,Fertile Thicket,Near Mint,FALSE,0.03,2,Bin 5,21,2
69af542234ce719e27b7417f,397764522,,1,cmr,Fertilid,NM,FALSE,0.03,0,,,
69e7e4d69ca1ed48e7d9b1e0,409782005,,1,inr,Festerhide Boar,Near Mint,FALSE,0.03,1,Bin 7,7,1
69e96e5d7ecc73c161d9d755,410048710,,1,akh,Festering Mummy,Near Mint,FALSE,0.1,2,Bin 7,15,2
69e70c379ca1ed48e7d9a950,409616301,,1,mkm,Festerleech,Near Mint,FALSE,0.05,3,Bin 5,36,3
69e534559ca1ed48e7d99bc8,409242934,,1,mid,Festival Crasher,Near Mint,FALSE,0.04,1,Bin 5,27,1
69b0bb249ca1ed48e7d8b4e4,398393270,,1,znr,Field Research,Near Mint,FALSE,0.03,1,Bin 6,32,1
69af518534ce719e27b7412a,397759299,,1,stx,Field Trip,NM,FALSE,0.04,1,Bin 6,14,1
69e9546f7ecc73c161d97bdd,410037366,,1,ema,Field of Souls,Near Mint,TRUE,0.25,1,Bin 7,11,1
69e957d67ecc73c161d98826,410039935,,1,emn,Fiend Binder,Near Mint,TRUE,0.1,1,Bin 7,12,1
69b08a919ca1ed48e7d8b077,398342957,,1,isd,Fiend Hunter,Near Mint,FALSE,0.09,1,Bin 6,28,1
69e7ea199ca1ed48e7d9b2f2,409784073,,1,frf,Fierce Invocation,Near Mint,FALSE,0.03,1,Bin 7,8,1
699b796934ce719e27b6e706,393859705,,1,fin,Fight On!,NM,FALSE,0.04,14,Bin 6,3,1
699b796934ce719e27b6e706,393859705,,1,fin,Fight On!,NM,FALSE,0.04,14,Bin 6,2,4
699b796934ce719e27b6e706,393859705,,1,fin,Fight On!,NM,FALSE,0.04,14,Bin 6,1,9
69b0426c9ca1ed48e7d8ad0d,398289332,,1,mh2,Filigree Attendant,Near Mint,FALSE,0.03,5,Bin 6,25,5
69e43ed59ca1ed48e7d99686,409102776,,1,aer,Filigree Crawler,Near Mint,FALSE,0.03,12,Bin 5,25,12
69b0d7ed9ca1ed48e7d8b955,398406718,,1,thb,Final Death,Near Mint,TRUE,0.1,2,Bin 6,36,2
69b0d7ec9ca1ed48e7d8b949,398406710,,1,thb,Final Flare,Near Mint,TRUE,0.15,1,Bin 6,36,1
69e42c2a9ca1ed48e7d99370,409090871,,1,akh,Final Reward,Near Mint,FALSE,0.05,3,Bin 5,12,3
69e92fa87ecc73c161d8fd6e,410014210,,1,dsk,Final Vengeance,Near Mint,FALSE,0.03,15,Bin 1,30,15
69af70119a9ce4ef7aed3c63,398161625,,1,blb,Finch Formation,NM,FALSE,0.03,5,Bin 6,19,5
69e91e317ecc73c161d8c2c2,410002357,,1,blb,Finch Formation,Near Mint,FALSE,0.03,9,Bin 1,25,9
699bbb7b34ce719e27b6ec3a,393884970,,1,ecl,Firdoch Core,NM,FALSE,0.05,0,,,
69b0bf229ca1ed48e7d8b5a6,398394980,,1,m19,Fire Elemental,Near Mint,FALSE,0.03,1,Bin 6,33,1
69af68b334ce719e27b743da,398052941,,1,tla,Fire Nation Attacks,NM,FALSE,0.05,1,Bin 6,17,1
699a9e2034ce719e27b6e118,393639423,,1,tla,Fire Nation Cadets,Near Mint,FALSE,0.03,5,Bin 6,6,2
699a9e2034ce719e27b6e118,393639423,,1,tla,Fire Nation Cadets,Near Mint,FALSE,0.03,5,Bin 6,7,1
699a9e2034ce719e27b6e118,393639423,,1,tla,Fire Nation Cadets,Near Mint,FALSE,0.03,5,Bin 6,30,2
699bb82534ce719e27b6eb56,393883190,,1,tla,Fire Nation Engineer,NM,FALSE,0.03,1,Bin 6,9,1
699bb19c34ce719e27b6e9bc,393880632,,1,tla,Fire Nation Raider,Near Mint,FALSE,0.03,6,Bin 6,7,1
699bb19c34ce719e27b6e9bc,393880632,,1,tla,Fire Nation Raider,Near Mint,FALSE,0.03,6,Bin 6,9,1
699bb19c34ce719e27b6e9bc,393880632,,1,tla,Fire Nation Raider,Near Mint,FALSE,0.03,6,Bin 6,18,1
699bb19c34ce719e27b6e9bc,393880632,,1,tla,Fire Nation Raider,Near Mint,FALSE,0.03,6,Bin 6,19,1
699bb19c34ce719e27b6e9bc,393880632,,1,tla,Fire Nation Raider,Near Mint,FALSE,0.03,6,Bin 6,30,2
69af6d6034ce719e27b744bb,398148133,,1,tla,Fire Navy Trebuchet,NM,FALSE,0.04,1,Bin 6,18,1
699bb82634ce719e27b6eb67,393883193,,1,tla,Fire Navy Trebuchet,NM,FALSE,0.05,1,Bin 6,9,1
69af542534ce719e27b741bd,397764545,,1,iko,Fire Prophecy,NM,FALSE,0.06,1,Bin 6,15,1
699bb19f34ce719e27b6e9f8,393880653,,1,tla,Fire Sages,NM,FALSE,0.03,2,Bin 6,7,1
699bb19f34ce719e27b6e9f8,393880653,,1,tla,Fire Sages,NM,FALSE,0.03,2,Bin 6,9,1
69af6d6a34ce719e27b74567,398149128,,1,grn,Fire Urchin,NM,FALSE,0.03,1,Bin 6,18,1
69e965b97ecc73c161d9b94f,410045364,,1,ltr,Fire of Orthanc,Near Mint,FALSE,0.03,3,Bin 7,14,3
69b0add89ca1ed48e7d8b2af,398366916,,1,tla,Firebending Lesson,Near Mint,FALSE,0.04,0,,,
699bb19d34ce719e27b6e9d7,393880646,,1,tla,Firebending Lesson,NM,FALSE,0.09,0,,,
69af68b534ce719e27b743ef,398052947,,1,tla,Firebending Lesson,NM,TRUE,0.15,1,Bin 6,17,1
69c315669ca1ed48e7d907e9,402033122,,1,eld,Fireborn Knight,Near Mint,TRUE,0.1,2,Bin 6,38,2
699b7d3334ce719e27b6e75a,393860683,,1,hou,Firebrand Archer,NM,FALSE,0.12,1,Bin 6,2,1
69e7d7889ca1ed48e7d9af1b,409773414,,1,kld,Fireforger's Puzzleknot,Near Mint,TRUE,0.15,1,Bin 7,4,1
69e422ca9ca1ed48e7d99141,409082120,,1,ktk,Firehoof Cavalry,Near Mint,FALSE,0.05,5,Bin 5,6,5
69e4375d9ca1ed48e7d99537,409099409,,1,bfz,Firemantle Mage,Near Mint,FALSE,0.03,2,Bin 5,19,2
69e7e0a39ca1ed48e7d9b0cd,409779794,,1,fdn,Firespitter Whelp,Near Mint,FALSE,0.09,1,Bin 7,6,1
69b08a989ca1ed48e7d8b0ef,398343037,,1,mh1,First Sliver's Chosen,Near Mint,FALSE,0.1,1,Bin 6,28,1
69b0addc9ca1ed48e7d8b2f1,398366926,,1,tla,First-Time Flyer,Near Mint,FALSE,0.03,2,Bin 6,30,2
69e534479ca1ed48e7d99b0a,409242792,,1,fdn,Fishing Pole,Near Mint,FALSE,0.05,5,Bin 5,27,2
69e534479ca1ed48e7d99b0a,409242792,,1,fdn,Fishing Pole,Near Mint,FALSE,0.05,5,Bin 7,6,3
69af68b334ce719e27b743d2,398052939,,1,tle,Fists of Flame,NM,FALSE,0.09,0,,,
699bbb7734ce719e27b6ebe6,393884942,,1,ecl,Flame-Chain Mauler,NM,FALSE,0.05,2,Bin 6,10,2
69e42d609ca1ed48e7d993a8,409091248,,1,akh,Flameblade Adept,Near Mint,FALSE,0.26,1,Bin 5,13,1
69e7ea1d9ca1ed48e7d9b343,409784105,,1,ths,Flamecast Wheel,Near Mint,TRUE,0.1,1,Bin 7,8,1
69e96e5b7ecc73c161d9d741,410048704,,1,jou,Flamespeaker's Will,Near Mint,TRUE,0.15,1,Bin 7,15,1
69b03d209ca1ed48e7d8ab73,398283187,,1,mh2,Flametongue Yearling,Near Mint,FALSE,0.03,1,Bin 6,24,1
69e534529ca1ed48e7d99b9c,409242900,,1,mid,Flare of Faith,Near Mint,FALSE,0.03,1,Bin 5,27,1
69b0b7a19ca1ed48e7d8b37e,398391689,,1,cns,Flaring Flame-Kin,Near Mint,FALSE,0.04,2,Bin 6,31,2
69ed5f1a79f49147a0813337,410865347,,1,dtk,Flatten,Near Mint,TRUE,0.1,1,Bin 7,17,1
69b042689ca1ed48e7d8acd6,398289313,,1,celd,Flaxen Intruder // Welcome Home,Near Mint,FALSE,0.04,1,Bin 6,25,1
69e53ab69ca1ed48e7d99d72,409246493,,1,ogw,Flaying Tendrils,Near Mint,FALSE,0.05,1,Bin 5,29,1
69e7e0a59ca1ed48e7d9b0f0,409779806,,1,fdn,Fleeting Distraction,Near Mint,FALSE,0.03,1,Bin 7,6,1
69e932307ecc73c161d90652,410016258,,1,dsk,Flesh Burrower,Near Mint,FALSE,0.03,8,Bin 1,33,8
69e7ea1c9ca1ed48e7d9b337,409784099,,1,ths,Fleshmad Steed,Near Mint,TRUE,0.15,1,Bin 7,8,1
699bb5c334ce719e27b6ea7c,393882041,,1,tla,Flexible Waterbender,NM,FALSE,0.03,1,Bin 6,8,1
69af91829ca1ed48e7d8a798,398187758,,1,woe,Flick a Coin,Near Mint,FALSE,0.09,3,Bin 6,23,1
69af91829ca1ed48e7d8a798,398187758,,1,woe,Flick a Coin,Near Mint,FALSE,0.09,3,Bin 6,24,2
69af734f9a9ce4ef7aed3d52,398165982,,1,thb,Flicker of Fate,NM,FALSE,0.16,1,Bin 6,20,1
69e42d5f9ca1ed48e7d993a5,409091247,,1,akh,Fling,Near Mint,FALSE,0.05,0,,,
69af580834ce719e27b7426b,397801417,,1,cmr,Flood of Recollection,NM,FALSE,0.09,1,Bin 6,16,1
69b0bb219ca1ed48e7d8b4b1,398393251,,1,rix,Flood of Recollection,Near Mint,FALSE,0.08,1,Bin 6,32,1
69e42aa79ca1ed48e7d992fb,409089985,,1,akh,Floodwaters,Near Mint,FALSE,0.05,4,Bin 5,11,4
69e535b89ca1ed48e7d99c70,409244287,,1,mkm,Flourishing Bloom-Kin,Near Mint,FALSE,0.06,2,Bin 5,8,1
69e535b89ca1ed48e7d99c70,409244287,,1,mkm,Flourishing Bloom-Kin,Near Mint,FALSE,0.06,2,Bin 5,36,1
69af542534ce719e27b741c0,397764546,,1,iko,Flourishing Fox,NM,FALSE,0.03,1,Bin 6,15,1
69b0d7eb9ca1ed48e7d8b93a,398406700,,1,thb,Flummoxed Cyclops,Near Mint,TRUE,0.15,1,Bin 6,36,1
69af68b134ce719e27b743ac,398052923,,1,stx,Flunk,NM,FALSE,0.03,1,Bin 6,17,1
69ed5f1379f49147a0813225,410865303,,1,dgm,Fluxcharger,Near Mint,FALSE,0.05,1,Bin 7,17,1
69af580634ce719e27b74243,397801221,,1,iko,Flycatcher Giraffid,NM,FALSE,0.03,1,Bin 6,16,1
69e957ce7ecc73c161d9879a,410039886,,1,tdm,Focus the Mind,Near Mint,FALSE,0.05,1,Bin 7,12,1
69e704ca9ca1ed48e7d9a7b4,409614843,,1,m13,Fog,Near Mint,FALSE,0.19,0,,,
69e95c867ecc73c161d99881,410042474,,1,ltr,Fog on the Barrow-Downs,Near Mint,FALSE,0.03,2,Bin 7,13,2
699bb19c34ce719e27b6e9b9,393880630,,1,tla,Foggy Swamp Hunters,Near Mint,FALSE,0.03,5,Bin 6,7,2
699bb19c34ce719e27b6e9b9,393880630,,1,tla,Foggy Swamp Hunters,Near Mint,FALSE,0.03,5,Bin 6,30,3
699bb19b34ce719e27b6e9ae,393880627,,1,tla,Foggy Swamp Spirit Keeper,NM,FALSE,0.05,1,Bin 6,7,1
69b0add79ca1ed48e7d8b299,398366914,,1,tla,Foggy Swamp Vinebender,Near Mint,FALSE,0.03,1,Bin 6,30,1
69e96e577ecc73c161d9d6f8,410048683,,1,jou,Font of Fortunes,Near Mint,TRUE,0.1,4,Bin 7,15,4
69e96e5e7ecc73c161d9d76d,410048718,,1,jou,Font of Return,Near Mint,TRUE,0.15,1,Bin 7,15,1
69af91839ca1ed48e7d8a7ad,398187765,,1,woe,Food Coma,Near Mint,FALSE,0.06,1,Bin 6,23,1
69e7e4d99ca1ed48e7d9b21f,409782028,,1,inr,Forbidden Alchemy,Near Mint,FALSE,0.05,1,Bin 7,7,1
69e93a257ecc73c161d92173,410020542,,1,nph,Forced Worship,Near Mint,TRUE,0.1,0,,,
69af580c34ce719e27b742ba,397801781,,1,cmr,Forceful Denial,Near Mint,FALSE,0.04,0,,,
69c315649ca1ed48e7d907c7,402033111,,1,eld,Foreboding Fruit,Near Mint,TRUE,0.15,2,Bin 6,38,2
699bb19b34ce719e27b6e9a5,393880624,,1,tla,Forecasting Fortune Teller,NM,FALSE,0.03,1,Bin 6,7,1
69e70c349ca1ed48e7d9a929,409616290,,1,mkm,Forensic Researcher,Near Mint,FALSE,0.05,2,Bin 5,36,2
699b795d34ce719e27b6e633,393859652,,1,fin,Forest,NM,FALSE,0.35,1,Bin 6,3,1
69b04eb09ca1ed48e7d8ae9e,398299194,,1,jou,Forgeborn Oreads,Near Mint,FALSE,0.14,1,Bin 6,27,1
69e7ea109ca1ed48e7d9b256,409783997,,1,soi,Fork in the Road,Near Mint,TRUE,0.1,1,Bin 7,8,1
69e918627ecc73c161d8af5e,409994886,,1,otj,Forlorn Flats,Near Mint,FALSE,0.18,3,Bin 1,22,3
69e7ea189ca1ed48e7d9b2e3,409784067,,1,frf,Formless Nurturing,Near Mint,FALSE,0.03,1,Bin 7,8,1
69af580334ce719e27b74219,397801008,,1,bng,Forsaken Drifters,NM,FALSE,0.03,12,Bin 6,16,12
69e4307a9ca1ed48e7d99401,409093650,,1,bfz,Fortified Rampart,Near Mint,FALSE,0.06,1,Bin 5,15,1
69e957d57ecc73c161d98817,410039930,,1,mm2,Fortify,Near Mint,TRUE,0.15,1,Bin 7,12,1
69c315659ca1ed48e7d907dc,402033119,,1,eld,Fortifying Provisions,Near Mint,TRUE,0.15,3,Bin 6,38,2
69c315659ca1ed48e7d907dc,402033119,,1,eld,Fortifying Provisions,Near Mint,TRUE,0.15,3,Bin 6,39,1
69c31d979ca1ed48e7d908d7,402039999,,1,gtc,Fortress Cyclops,Near Mint,FALSE,0.04,1,Bin 6,39,1
69e9546c7ecc73c161d97b9f,410037345,,1,tdm,Fortress Kin-Guard,Near Mint,FALSE,0.05,1,Bin 7,11,1
69e4201c9ca1ed48e7d99094,409080709,,1,kld,Fortuitous Find,Near Mint,FALSE,0.03,8,Bin 5,4,8
69e70c329ca1ed48e7d9a902,409616280,,1,mkm,Forum Familiar,Near Mint,FALSE,0.05,2,Bin 5,36,2
69e534579ca1ed48e7d99bf0,409242964,,1,mid,Foul Play,Near Mint,FALSE,0.03,1,Bin 5,27,1
69af918c9ca1ed48e7d8a841,398187810,,1,celd,Foulmire Knight // Profane Insight,Near Mint,FALSE,0.3,2,Bin 6,23,1
69af918c9ca1ed48e7d8a841,398187810,,1,celd,Foulmire Knight // Profane Insight,Near Mint,FALSE,0.3,2,Bin 6,26,1
69e92ebc7ecc73c161d8fa3d,410013584,,1,dsk,Found Footage,Near Mint,FALSE,0.03,15,Bin 1,29,15
69e43ed59ca1ed48e7d99683,409102775,,1,aer,Foundry Assembler,Near Mint,FALSE,0.03,12,Bin 5,25,8
69e43ed59ca1ed48e7d99683,409102775,,1,aer,Foundry Assembler,Near Mint,FALSE,0.03,12,Bin 7,2,4
69af580c34ce719e27b742b7,397801771,,1,cmr,Foundry Inspector,Near Mint,FALSE,0.19,0,,,
69e4201c9ca1ed48e7d99091,409080708,,1,kld,Foundry Screecher,Near Mint,FALSE,0.03,8,Bin 5,4,8
69e7e4d19ca1ed48e7d9b181,409781969,,1,ori,Foundry of the Consuls,Near Mint,TRUE,0.15,3,Bin 7,7,3
69e91cfa7ecc73c161d8beaa,410001543,,1,blb,Fountainport Bell,Near Mint,FALSE,0.05,11,Bin 1,24,11
69af542534ce719e27b741ba,397764543,,1,stx,Fractal Summoning,NM,FALSE,0.04,1,Bin 6,15,1
69e41c879ca1ed48e7d98fca,409079429,,1,kld,Fragmentize,Near Mint,FALSE,0.03,9,Bin 5,1,7
69e41c879ca1ed48e7d98fca,409079429,,1,kld,Fragmentize,Near Mint,FALSE,0.03,9,Bin 7,3,2
69af6d5e34ce719e27b7448e,398147798,,1,tle,Frantic Confrontation,NM,FALSE,0.19,1,Bin 6,18,1
69b0426a9ca1ed48e7d8acf5,398289325,,1,m21,Frantic Inventory,Near Mint,FALSE,0.03,1,Bin 6,25,1
69e932307ecc73c161d9064f,410016257,,1,dsk,Frantic Strength,Near Mint,FALSE,0.03,12,Bin 1,33,12
69e9083d7ecc73c161d87bda,409965713,,1,otj,Freestrider Commando,Near Mint,FALSE,0.03,14,Bin 1,17,14
69b03d289ca1ed48e7d8abfa,398283225,,1,woe,Freeze in Place,Near Mint,FALSE,0.05,2,Bin 6,24,1
69b03d289ca1ed48e7d8abfa,398283225,,1,woe,Freeze in Place,Near Mint,FALSE,0.05,2,Bin 6,32,1
69b0a9db9ca1ed48e7d8b20c,398363668,,1,woe,Freeze in Place,Near Mint,TRUE,0.15,1,Bin 6,29,1
69c321949ca1ed48e7d90a16,402043022,,1,a25,Frenzied Goblin,Near Mint,FALSE,0.09,1,Bin 1,1,1
69e7e0a39ca1ed48e7d9b0d0,409779795,,1,fdn,Frenzied Goblin,Near Mint,FALSE,0.09,1,Bin 7,6,1
69e4201c9ca1ed48e7d9908e,409080707,,1,kld,Fretwork Colony,Near Mint,FALSE,0.03,4,Bin 5,4,4
69e934c17ecc73c161d90f39,410017671,,1,dsk,Friendly Ghost,Near Mint,FALSE,0.03,15,Bin 1,36,15
69e92ebc7ecc73c161d8fa3a,410013583,,1,dsk,Friendly Teddy,Near Mint,FALSE,0.03,11,Bin 1,29,11
69c323dc9ca1ed48e7d90ae6,402044758,,1,lci,Frilled Cave-Wurm,Near Mint,FALSE,0.04,9,Bin 1,3,9
69e918617ecc73c161d8af46,409994868,,1,m20,Frilled Sea Serpent,Near Mint,FALSE,0.03,1,Bin 1,22,1
69e923467ecc73c161d8d3e2,410005636,,1,blb,Frilled Sparkshooter,Near Mint,FALSE,0.03,4,Bin 1,27,4
69c3156e9ca1ed48e7d9086e,402033835,,1,eld,Frogify,Near Mint,TRUE,0.15,1,Bin 6,38,1
699b7d3634ce719e27b6e791,393860700,,1,mh3,Frogmyr Enforcer,NM,FALSE,0.06,2,Bin 6,2,2
69b0dcff9ca1ed48e7d8ba2d,398420419,,1,aer,Frontline Rebel,Near Mint,FALSE,0.03,5,Bin 6,37,3
69b0dcff9ca1ed48e7d8ba2d,398420419,,1,aer,Frontline Rebel,Near Mint,FALSE,0.03,5,Bin 5,24,2
69ed59c779f49147a081028a,410864059,,1,khm,Frost Bite,Near Mint,FALSE,0.03,2,Bin 7,16,2
69af6d6634ce719e27b7451b,398148694,,1,iko,Frost Lynx,NM,FALSE,0.03,1,Bin 6,18,1
69b03d289ca1ed48e7d8abfd,398283227,,1,woe,Frostbridge Guard,Near Mint,FALSE,0.03,1,Bin 6,24,1
69e7ddab9ca1ed48e7d9b046,409778124,,1,rtr,Frostburn Weird,Near Mint,FALSE,0.1,1,Bin 7,5,1
69c31d9f9ca1ed48e7d90969,402040041,,1,rtr,Frostburn Weird,Near Mint,FALSE,0.03,7,Bin 6,39,4
69c31d9f9ca1ed48e7d90969,402040041,,1,rtr,Frostburn Weird,Near Mint,FALSE,0.03,7,Bin 7,5,3
69ed59c879f49147a081029c,410864065,,1,khm,Frostpeak Yeti,Near Mint,FALSE,0.02,1,Bin 7,16,1
69af580934ce719e27b74274,397801457,,1,iko,Frostveil Ambush,NM,FALSE,0.04,1,Bin 6,16,1
69b0d7eb9ca1ed48e7d8b932,398406695,,1,thb,Fruit of Tizerus,Near Mint,TRUE,0.1,2,Bin 6,36,2
69e7ede39ca1ed48e7d9b374,409785994,,1,isd,Full Moon's Rise,Near Mint,FALSE,0.38,1,Bin 7,9,1
69af542334ce719e27b7418b,397764527,,1,iko,Fully Grown,NM,FALSE,0.03,1,Bin 6,15,1
69af580734ce719e27b7425d,397801350,,1,stx,Fuming Effigy,NM,FALSE,0.04,1,Bin 6,16,1
69ed59bf79f49147a08101f1,410864009,,1,khm,Funeral Longboat,Near Mint,FALSE,0.03,2,Bin 7,16,2
69c322e79ca1ed48e7d90a9a,402044511,,1,lci,Fungal Fortitude,Near Mint,FALSE,0.07,0,,,
69b0bf1f9ca1ed48e7d8b580,398394966,,1,dom,Fungal Infection,Near Mint,FALSE,0.08,3,Bin 6,33,1
69b0bf1f9ca1ed48e7d8b580,398394966,,1,dom,Fungal Infection,Near Mint,FALSE,0.08,3,Bin 6,37,2
69c315719ca1ed48e7d90899,402033852,,1,dom,Fungal Infection,Near Mint,FALSE,0.03,2,Bin 6,38,2
69c315719ca1ed48e7d9089f,402033854,,1,dom,Fungal Plots,Near Mint,FALSE,0.09,1,Bin 6,38,1
69b0cca19ca1ed48e7d8b753,398401794,,1,dom,Fungal Plots,Near Mint,FALSE,0.08,1,Bin 6,34,1
69b046c49ca1ed48e7d8adb0,398292009,,1,tsp,Fungal Reaches,Near Mint,FALSE,0.04,0,,,
69e4201b9ca1ed48e7d99079,409080697,,1,kld,Furious Reprisal,Near Mint,FALSE,0.03,3,Bin 5,4,3
69b0c7619ca1ed48e7d8b690,398398105,,1,gtc,Furious Resistance,Near Mint,FALSE,0.03,4,Bin 6,33,4
69e535ba9ca1ed48e7d99c82,409244300,,1,mkm,Furtive Courier,Near Mint,FALSE,0.05,2,Bin 5,8,1
69e535ba9ca1ed48e7d99c82,409244300,,1,mkm,Furtive Courier,Near Mint,FALSE,0.05,2,Bin 5,36,1
69e539339ca1ed48e7d99ce0,409246127,,1,emn,Furyblade Vampire,Near Mint,FALSE,0.05,1,Bin 5,28,1
69e7e4d89ca1ed48e7d9b207,409782020,,1,inr,Furyblade Vampire,Near Mint,FALSE,0.05,1,Bin 7,7,1
69e535b59ca1ed48e7d99c3a,409244246,,1,mkm,Fuss // Bother,Near Mint,FALSE,0.05,2,Bin 5,8,1
69e535b59ca1ed48e7d99c3a,409244246,,1,mkm,Fuss // Bother,Near Mint,FALSE,0.05,2,Bin 5,36,1
69af84919ca1ed48e7d8a6e7,398179380,,1,8ed,Fyndhorn Elder,Near Mint,FALSE,0.17,1,Bin 6,21,1
699a9e1b34ce719e27b6e0b4,393639390,,1,fin,G'raha Tia,NM,FALSE,0.03,2,Bin 6,6,1
699a9e1b34ce719e27b6e0b4,393639390,,1,fin,G'raha Tia,NM,FALSE,0.03,2,Bin 6,4,1
69e53d209ca1ed48e7d99d80,409247528,,1,mkm,Gadget Technician,Near Mint,FALSE,0.05,5,Bin 5,30,1
69e53d209ca1ed48e7d99d80,409247528,,1,mkm,Gadget Technician,Near Mint,FALSE,0.05,5,Bin 5,31,1
69e53d209ca1ed48e7d99d80,409247528,,1,mkm,Gadget Technician,Near Mint,FALSE,0.05,5,Bin 5,32,1
69e53d209ca1ed48e7d99d80,409247528,,1,mkm,Gadget Technician,Near Mint,FALSE,0.05,5,Bin 5,33,2
69e904537ecc73c161d86fac,409961802,,1,mkm,Gadget Technician,Near Mint,FALSE,0.03,8,Bin 1,13,8
699bb19534ce719e27b6e937,393880587,,1,fin,Gaelicat,NM,TRUE,0.15,1,Bin 6,7,1
69af4fde34ce719e27b740e0,397758053,,1,fin,Gaelicat,NM,FALSE,0.03,12,Bin 6,13,12
69eea6d42f009c9bc4d748c2,411068543,,1,fin,Gaelicat,Near Mint,FALSE,0.03,8,Bin 7,19,8
699b75a534ce719e27b6e516,393857977,,1,fin,Gaelicat,NM,FALSE,0.04,2,Bin 6,4,2
699a9e1b34ce719e27b6e0b7,393639391,,1,fin,Gaius van Baelsar,NM,FALSE,0.05,0,,,
69e965b77ecc73c161d9b91c,410045349,,1,ltr,Galadhrim Bow,Near Mint,FALSE,0.03,2,Bin 7,14,2
69e965b77ecc73c161d9b8fb,410045346,,1,ltr,Galadhrim Guide,Near Mint,FALSE,0.03,3,Bin 7,14,3
69e42aa79ca1ed48e7d992f8,409089984,,1,akh,Galestrike,Near Mint,FALSE,0.05,1,Bin 5,11,1
699bb5c734ce719e27b6eabc,393882057,,1,spm,Gallant Citizen,NM,FALSE,0.03,1,Bin 6,8,1
699b795d34ce719e27b6e63f,393859657,,1,fin,Galuf's Final Act,NM,FALSE,0.04,1,Bin 6,3,1
69e539379ca1ed48e7d99d18,409246145,,1,emn,Galvanic Bombardment,Near Mint,FALSE,0.03,4,Bin 5,28,4
69e957cb7ecc73c161d98770,410039872,,1,emn,Galvanic Bombardment,Near Mint,TRUE,0.1,2,Bin 7,12,2
69b0b7a09ca1ed48e7d8b366,398391681,,1,cns,Galvanic Juggernaut,Near Mint,FALSE,0.04,1,Bin 6,31,1
69e541609ca1ed48e7d99e77,409249308,,1,mkm,Galvanize,Near Mint,FALSE,0.05,7,Bin 5,31,2
69e541609ca1ed48e7d99e77,409249308,,1,mkm,Galvanize,Near Mint,FALSE,0.05,7,Bin 5,32,1
69e541609ca1ed48e7d99e77,409249308,,1,mkm,Galvanize,Near Mint,FALSE,0.05,7,Bin 5,33,1
69e541609ca1ed48e7d99e77,409249308,,1,mkm,Galvanize,Near Mint,FALSE,0.05,7,Bin 5,34,3
69e902597ecc73c161d869c4,409953028,,1,mkm,Galvanize,Near Mint,FALSE,0.03,7,Bin 1,11,7
69af848f9ca1ed48e7d8a6cc,398179370,,1,celd,Garenbrig Carver // Shield's Might,Near Mint,FALSE,0.07,4,Bin 6,21,1
69af848f9ca1ed48e7d8a6cc,398179370,,1,celd,Garenbrig Carver // Shield's Might,Near Mint,FALSE,0.07,4,Bin 6,25,3
69c3156a9ca1ed48e7d90827,402033806,,1,eld,Garenbrig Paladin,Near Mint,TRUE,0.15,1,Bin 6,38,1
69c3156d9ca1ed48e7d90862,402033832,,1,eld,Garenbrig Squire,Near Mint,TRUE,0.15,1,Bin 6,38,1
69b0d3549ca1ed48e7d8b8d0,398404148,,1,grn,Garrison Sergeant,Near Mint,FALSE,0.03,1,Bin 6,35,1
69e4307b9ca1ed48e7d99419,409093659,,1,akh,Gate to the Afterlife,Near Mint,FALSE,0.05,3,Bin 5,15,3
69b0a9d79ca1ed48e7d8b1b8,398363641,,1,zen,Gatekeeper of Malakir,Near Mint,FALSE,0.14,3,Bin 6,29,3
69b0a9d99ca1ed48e7d8b1e7,398363656,,1,rna,Gateway Plaza,Near Mint,FALSE,0.03,0,,,
69efe9334ff24d3a84876dab,411358506,,1,war,Gateway Plaza,Near Mint,FALSE,0.05,0,,,
69b042639ca1ed48e7d8ac90,398289287,,1,fut,Gathan Raiders,Slightly Played,TRUE,0.15,1,Bin 6,25,1
69b0cca29ca1ed48e7d8b76e,398401810,,1,ori,Gather the Pack,Near Mint,FALSE,0.17,1,Bin 6,34,1
69af6d6234ce719e27b744da,398148324,,1,snc,Gathering Throng,Near Mint,FALSE,0.03,2,Bin 6,18,1
69af6d6234ce719e27b744da,398148324,,1,snc,Gathering Throng,Near Mint,FALSE,0.03,2,Bin 7,20,1
69e7ea119ca1ed48e7d9b26e,409784006,,1,soi,Gatstaf Arsonists // Gatstaf Ravagers,Near Mint,FALSE,0.03,1,Bin 7,8,1
69e902597ecc73c161d869c1,409953027,,1,mkm,Gearbane Orangutan,Near Mint,FALSE,0.03,6,Bin 1,11,6
69e541619ca1ed48e7d99e83,409249311,,1,mkm,Gearbane Orangutan,Near Mint,FALSE,0.05,12,Bin 5,31,3
69e541619ca1ed48e7d99e83,409249311,,1,mkm,Gearbane Orangutan,Near Mint,FALSE,0.05,12,Bin 5,32,2
69e541619ca1ed48e7d99e83,409249311,,1,mkm,Gearbane Orangutan,Near Mint,FALSE,0.05,12,Bin 5,33,2
69e541619ca1ed48e7d99e83,409249311,,1,mkm,Gearbane Orangutan,Near Mint,FALSE,0.05,12,Bin 5,34,3
69e541619ca1ed48e7d99e83,409249311,,1,mkm,Gearbane Orangutan,Near Mint,FALSE,0.05,12,Bin 5,35,2
69b0bb1c9ca1ed48e7d8b46b,398393226,,1,kld,Gearseeker Serpent,Near Mint,FALSE,0.1,1,Bin 6,32,1
69e41ed49ca1ed48e7d99051,409080157,,1,kld,Gearseeker Serpent,Near Mint,FALSE,0.12,8,Bin 5,3,8
69b0b7a49ca1ed48e7d8b3b7,398391708,,1,kld,Gearshift Ace,Near Mint,FALSE,0.04,2,Bin 6,31,2
69e41c879ca1ed48e7d98fc7,409079428,,1,kld,Gearshift Ace,Near Mint,FALSE,0.05,9,Bin 5,1,5
69e41c879ca1ed48e7d98fc7,409079428,,1,kld,Gearshift Ace,Near Mint,FALSE,0.05,9,Bin 7,4,4
69b03d229ca1ed48e7d8aba0,398283201,,1,emn,Geist of the Archives,Near Mint,FALSE,0.03,6,Bin 6,24,4
69b03d229ca1ed48e7d8aba0,398283201,,1,emn,Geist of the Archives,Near Mint,FALSE,0.03,6,Bin 5,28,2
69e957cf7ecc73c161d987a9,410039891,,1,emn,Geist of the Archives,Near Mint,FALSE,0.11,1,Bin 7,12,1
69e539309ca1ed48e7d99cbc,409246115,,1,emn,Geist of the Lonely Vigil,Near Mint,FALSE,0.03,1,Bin 5,28,1
69c321929ca1ed48e7d909f8,402043011,,1,a25,Geist of the Moors,Near Mint,FALSE,0.04,4,Bin 1,1,4
699bbb7e34ce719e27b6ec79,393884999,,1,ddo,Gempalm Avenger,NM,FALSE,0.06,1,Bin 6,10,1
69b08a8f9ca1ed48e7d8b05b,398342940,,1,bok,Genju of the Fields,Near Mint,FALSE,0.07,3,Bin 6,28,3
69e535b69ca1ed48e7d99c49,409244258,,1,mkm,Get a Leg Up,Near Mint,FALSE,0.05,1,Bin 5,8,1
69e906427ecc73c161d87563,409963656,,1,otj,Geyser Drake,Near Mint,FALSE,0.05,16,Bin 1,15,16
699bb19734ce719e27b6e96c,393880605,,1,tla,Geyser Leaper,NM,TRUE,0.15,1,Bin 6,7,1
69af6d5b34ce719e27b7445c,398147514,,1,tla,Geyser Leaper,Near Mint,FALSE,0.03,4,Bin 6,18,2
69af6d5b34ce719e27b7445c,398147514,,1,tla,Geyser Leaper,Near Mint,FALSE,0.03,4,Bin 6,30,2
69e433fa9ca1ed48e7d994ff,409095209,,1,bfz,Geyserfield Stalker,Near Mint,FALSE,0.03,14,Bin 5,18,14
69e7d3c59ca1ed48e7d9ae89,409772239,,1,bfz,Geyserfield Stalker,Near Mint,TRUE,0.1,2,Bin 7,3,2
69e7e4cc9ca1ed48e7d9b12e,409781938,,1,ori,Ghirapur Gearcrafter,Near Mint,TRUE,0.1,1,Bin 7,7,1
69b0d7f69ca1ed48e7d8b9e4,398406796,,1,ori,Ghirapur Gearcrafter,Near Mint,FALSE,0.03,2,Bin 6,36,1
69b0d7f69ca1ed48e7d8b9e4,398406796,,1,ori,Ghirapur Gearcrafter,Near Mint,FALSE,0.03,2,Bin 7,7,1
69e4218f9ca1ed48e7d990f2,409081299,,1,kld,Ghirapur Guide,Near Mint,FALSE,0.05,4,Bin 5,5,4
69b0cca19ca1ed48e7d8b75c,398401799,,1,m19,Ghirapur Guide,Near Mint,FALSE,0.04,1,Bin 6,34,1
69e43ab39ca1ed48e7d995df,409100626,,1,aer,Ghirapur Osprey,Near Mint,FALSE,0.05,14,Bin 5,22,14
69b0b7a69ca1ed48e7d8b3dc,398391719,,1,aer,Ghirapur Osprey,Near Mint,FALSE,0.03,1,Bin 6,31,1
69c31d9e9ca1ed48e7d9095e,402040038,,1,gtc,Ghor-Clan Rampager,Near Mint,FALSE,0.04,1,Bin 6,39,1
69c321969ca1ed48e7d90a4c,402043040,,1,a25,Ghost Ship,Near Mint,FALSE,0.04,3,Bin 1,1,3
69af73489a9ce4ef7aed3cd0,398165919,,1,cmr,Ghost of Ramirez DePietro,NM,FALSE,0.04,1,Bin 6,20,1
69b03d1f9ca1ed48e7d8ab6a,398283183,,1,mh2,Ghost-Lit Drifter,Near Mint,FALSE,0.04,5,Bin 6,24,1
69b03d1f9ca1ed48e7d8ab6a,398283183,,1,mh2,Ghost-Lit Drifter,Near Mint,FALSE,0.04,5,Bin 6,25,4
69c315709ca1ed48e7d90889,402033848,,1,m19,Ghostform,Near Mint,FALSE,0.04,1,Bin 6,38,1
69e4307a9ca1ed48e7d993fe,409093649,,1,bfz,Ghostly Sentinel,Near Mint,FALSE,0.03,8,Bin 5,15,8
69e91b407ecc73c161d8b8a6,409999575,,1,uma,Ghoulcaller's Accomplice,Near Mint,FALSE,0.03,2,Bin 1,23,2
69e534559ca1ed48e7d99bd1,409242941,,1,mid,Ghoulish Procession,Near Mint,FALSE,0.09,1,Bin 5,27,1
69e9083d7ecc73c161d87bd7,409965712,,1,otj,Giant Beaver,Near Mint,FALSE,0.03,18,Bin 1,17,18
699bb5c634ce719e27b6eaa9,393882052,,1,tla,Giant Koi,Near Mint,FALSE,0.03,3,Bin 6,8,1
699bb5c634ce719e27b6eaa9,393882052,,1,tla,Giant Koi,Near Mint,FALSE,0.03,3,Bin 6,18,1
699bb5c634ce719e27b6eaa9,393882052,,1,tla,Giant Koi,Near Mint,FALSE,0.03,3,Bin 6,30,1
69e438609ca1ed48e7d9956a,409099697,,1,bfz,Giant Mantis,Near Mint,FALSE,0.03,9,Bin 5,20,9
69ed59c079f49147a0810202,410864014,,1,khm,Giant Ox,Near Mint,FALSE,0.02,1,Bin 7,16,1
69e42ea29ca1ed48e7d993d9,409092703,,1,akh,Giant Spider,Near Mint,FALSE,0.03,5,Bin 5,14,5
69e965b67ecc73c161d9b8e2,410045341,,1,akh,Giant Spider,Near Mint,TRUE,0.1,1,Bin 7,14,1
69af86db9ca1ed48e7d8a745,398181825,,1,dmr,Giant Spider,Near Mint,TRUE,0.15,1,Bin 6,22,1
69c315629ca1ed48e7d9079c,402033096,,1,eld,Giant's Skewer,Near Mint,TRUE,0.15,3,Bin 6,38,3
69b0cc9f9ca1ed48e7d8b73e,398401783,,1,mm3,Giantbaiting,Near Mint,FALSE,0.04,2,Bin 6,34,2
69e7ea129ca1ed48e7d9b271,409784007,,1,soi,Gibbering Fiend,Near Mint,TRUE,0.15,1,Bin 7,8,1
69e7cbe29ca1ed48e7d9ad2c,409768176,,1,hou,Gideon's Defeat,Near Mint,FALSE,0.05,2,Bin 7,1,2
69e431da9ca1ed48e7d9949f,409094096,,1,bfz,Gideon's Reproach,Near Mint,FALSE,0.03,10,Bin 5,16,10
69b0dd009ca1ed48e7d8ba3c,398420424,,1,dom,Gift of Growth,Near Mint,FALSE,0.03,4,Bin 6,37,4
69e42ea19ca1ed48e7d993d6,409092701,,1,akh,Gift of Paradise,Near Mint,FALSE,0.05,11,Bin 5,14,11
699b7d3c34ce719e27b6e7f5,393860725,,1,mh3,Gift of the Viper,NM,FALSE,0.09,0,,,
699b796834ce719e27b6e6ed,393859702,,1,fin,Gigantoad,NM,TRUE,0.15,1,Bin 6,3,1
699a9e1d34ce719e27b6e0e7,393639406,,1,fin,Gigantoad,NM,FALSE,0.05,1,Bin 6,6,1
69b0dd029ca1ed48e7d8ba5b,398420431,,1,rix,Giltgrove Stalker,Near Mint,FALSE,0.04,1,Bin 6,37,1
69e7e4d49ca1ed48e7d9b1be,409781994,,1,rix,Giltgrove Stalker,Near Mint,FALSE,0.05,2,Bin 7,7,2
69e965b87ecc73c161d9b93d,410045356,,1,ltr,Gimli's Axe,Near Mint,FALSE,0.03,4,Bin 7,14,4
69e965b97ecc73c161d9b94c,410045362,,1,ltr,Gimli's Fury,Near Mint,FALSE,0.03,0,,,
69af91839ca1ed48e7d8a7a1,398187761,,1,woe,Gingerbread Hunter // Puny Snack,Near Mint,FALSE,0.03,1,Bin 6,23,1
699b75a934ce719e27b6e560,393858057,,1,fin,"Giott, King of the Dwarves",NM,FALSE,0.04,1,Bin 6,4,1
69af580634ce719e27b7424e,397801279,,1,snc,Girder Goons,NM,FALSE,0.03,1,Bin 6,16,1
69e7ea159ca1ed48e7d9b2a7,409784044,,1,soi,Gisa's Bidding,Near Mint,TRUE,0.15,1,Bin 7,8,1
69e92fa87ecc73c161d8fd6b,410014209,,1,dsk,Give In to Violence,Near Mint,FALSE,0.03,14,Bin 1,30,5
69e92fa87ecc73c161d8fd6b,410014209,,1,dsk,Give In to Violence,Near Mint,FALSE,0.03,14,Bin 1,31,9
69e539309ca1ed48e7d99cb9,409246114,,1,emn,Give No Ground,Near Mint,FALSE,0.03,2,Bin 5,28,2
69ed5f1879f49147a08132e6,410865334,,1,ktk,Glacial Stalker,Near Mint,TRUE,0.05,2,Bin 7,17,1
69ed5f1879f49147a08132e6,410865334,,1,ktk,Glacial Stalker,Near Mint,TRUE,0.05,2,Bin 7,20,1
69e422c79ca1ed48e7d99111,409082104,,1,ktk,Glacial Stalker,Near Mint,FALSE,0.03,6,Bin 5,6,6
69af848d9ca1ed48e7d8a6a8,398179358,,1,grn,Glaive of the Guildpact,Near Mint,FALSE,0.04,8,Bin 6,21,8
69e7dda99ca1ed48e7d9b01d,409778108,,1,kld,Glassblower's Puzzleknot,Near Mint,FALSE,0.03,0,,,
69e932f67ecc73c161d908bb,410016868,,1,dsk,Glassworks // Shattered Yard,Near Mint,FALSE,0.03,12,Bin 1,34,3
69e932f67ecc73c161d908bb,410016868,,1,dsk,Glassworks // Shattered Yard,Near Mint,FALSE,0.03,12,Bin 1,35,9
69ed59be79f49147a08101e5,410864005,,1,dgm,Gleam of Battle,Near Mint,FALSE,0.07,1,Bin 7,16,1
69c31d989ca1ed48e7d908f1,402040007,,1,dgm,Gleam of Battle,Near Mint,FALSE,0.08,1,Bin 6,39,1
69edbdac2f009c9bc4cddf29,410924404,,1,dgm,Gleam of Battle,Near Mint,FALSE,0.06,1,Bin 7,18,1
69e5344c9ca1ed48e7d99b47,409242839,,1,fdn,Gleaming Barrier,Near Mint,FALSE,0.03,3,Bin 5,27,3
69af848a9ca1ed48e7d8a670,398179339,,1,rix,Gleaming Barrier,Near Mint,FALSE,0.03,4,Bin 6,21,2
69af848a9ca1ed48e7d8a670,398179339,,1,rix,Gleaming Barrier,Near Mint,FALSE,0.03,4,Bin 6,33,1
69af848a9ca1ed48e7d8a670,398179339,,1,rix,Gleaming Barrier,Near Mint,FALSE,0.03,4,Bin 6,35,1
69e70c359ca1ed48e7d9a938,409616295,,1,cmkm,Gleaming Geardrake,Near Mint,FALSE,0.06,1,Bin 5,36,1
69e70c359ca1ed48e7d9a935,409616294,,1,mkm,Gleaming Geardrake,Near Mint,FALSE,0.06,1,Bin 5,36,1
69c31da19ca1ed48e7d90992,402040054,,1,war,Gleaming Overseer,Near Mint,TRUE,0.2,0,,,
69e91cf97ecc73c161d8be98,410001537,,1,blb,Glidedive Duo,Near Mint,FALSE,0.03,12,Bin 1,24,12
699bb1a134ce719e27b6ea0d,393880658,,1,tla,Glider Kids,Near Mint,FALSE,0.03,6,Bin 6,7,1
699bb1a134ce719e27b6ea0d,393880658,,1,tla,Glider Kids,Near Mint,FALSE,0.03,6,Bin 6,8,2
699bb1a134ce719e27b6ea0d,393880658,,1,tla,Glider Kids,Near Mint,FALSE,0.03,6,Bin 6,19,1
699bb1a134ce719e27b6ea0d,393880658,,1,tla,Glider Kids,Near Mint,FALSE,0.03,6,Bin 6,30,2
699bb5c534ce719e27b6ea9e,393882049,,1,tla,Glider Staff,NM,FALSE,0.03,1,Bin 6,8,1
69e41ed49ca1ed48e7d9904e,409080156,,1,kld,Glimmer of Genius,Near Mint,FALSE,0.05,6,Bin 5,3,2
69e41ed49ca1ed48e7d9904e,409080156,,1,kld,Glimmer of Genius,Near Mint,FALSE,0.05,6,Bin 7,4,4
69e931577ecc73c161d90325,410015753,,1,dsk,Glimmerburst,Near Mint,FALSE,0.03,0,,,
69e92ebc7ecc73c161d8fa37,410013582,,1,dsk,Glimmerlight,Near Mint,FALSE,0.03,10,Bin 1,29,10
69b0b7a29ca1ed48e7d8b39c,398391699,,1,cns,Glimmerpoint Stag,Near Mint,FALSE,0.04,1,Bin 6,31,1
69efe93c4ff24d3a84876efa,411358562,,1,bng,Glimpse the Sun God,Near Mint,TRUE,0.1,16,Bin 7,20,16
69e41ed49ca1ed48e7d9904b,409080155,,1,kld,Glint-Nest Crane,Near Mint,FALSE,0.05,2,Bin 5,3,2
69e41c879ca1ed48e7d98fc4,409079427,,1,kld,Glint-Sleeve Artisan,Near Mint,FALSE,0.05,8,Bin 5,1,8
69e954737ecc73c161d97c12,410037383,,1,nph,Glissa's Scorn,Near Mint,TRUE,0.15,0,,,
69efe9364ff24d3a84876e06,411358521,,1,snc,Glittermonger,Near Mint,FALSE,0.04,1,Bin 7,20,1
69af580d34ce719e27b742c3,397801825,,1,m21,Gloom Sower,NM,FALSE,0.03,1,Bin 6,16,1
69e965b67ecc73c161d9b8f1,410045344,,1,ltr,"Glorfindel, Dauntless Rescuer",Near Mint,FALSE,0.03,1,Bin 7,14,1
69c34bfb9ca1ed48e7d90c1d,402068373,,1,lci,Glorifier of Suffering,Near Mint,FALSE,0.03,8,Bin 1,6,8
69af918d9ca1ed48e7d8a857,398187816,,1,mh2,Glorious Enforcer,Near Mint,FALSE,0.04,4,Bin 6,23,4
69b0d7f09ca1ed48e7d8b97d,398406742,,1,thb,Glory Bearers,Near Mint,TRUE,0.1,1,Bin 6,36,1
69af848d9ca1ed48e7d8a69a,398179354,,1,grn,Glowspore Shaman,Near Mint,FALSE,0.03,1,Bin 6,21,1
69b0d7f69ca1ed48e7d8b9e7,398406798,,1,jou,Gluttonous Cyclops,Near Mint,FALSE,0.03,2,Bin 6,36,2
69e427c49ca1ed48e7d991e1,409088102,,1,cvow,Gluttonous Guest,Near Mint,FALSE,0.03,0,,,
69e7e4d79ca1ed48e7d9b1fb,409782016,,1,inr,Gluttonous Guest,Near Mint,FALSE,0.05,0,,,
69b0dd089ca1ed48e7d8baac,398420452,,1,vow,Gluttonous Guest,Near Mint,TRUE,0.1,1,Bin 6,37,1
69e96e5f7ecc73c161d9d773,410048720,,1,jou,Gnarled Scarhide,Near Mint,TRUE,0.25,4,Bin 7,15,4
69e7e09e9ca1ed48e7d9b080,409779770,,1,fdn,Gnarlid Colony,Near Mint,FALSE,0.05,2,Bin 7,6,2
69e7ea179ca1ed48e7d9b2d7,409784063,,1,mm2,Gnarlid Pack,Near Mint,TRUE,0.1,2,Bin 7,8,2
69e957d47ecc73c161d98808,410039925,,1,mm2,Gnarlid Pack,Near Mint,TRUE,0.1,1,Bin 7,12,1
69e91b447ecc73c161d8b8fd,409999633,,1,cafr,Gnoll Hunter,Near Mint,FALSE,0.05,1,Bin 1,23,1
69ed59c679f49147a0810270,410864051,,1,khm,Gnottvold Recluse,Near Mint,FALSE,0.03,2,Bin 7,16,2
69b04eb89ca1ed48e7d8af38,398299293,,1,mh1,Goatnap,Near Mint,FALSE,0.03,1,Bin 6,27,1
69efe93b4ff24d3a84876ed6,411358556,,1,war,Goblin Assailant,Near Mint,FALSE,0.03,1,Bin 7,20,1
69efe93b4ff24d3a84876edc,411358557,,1,war,Goblin Assault Team,Near Mint,FALSE,0.03,1,Bin 7,20,1
69e7e0a19ca1ed48e7d9b0c3,409779792,,1,fdn,Goblin Boarders,Near Mint,FALSE,0.03,2,Bin 7,6,2
69af542434ce719e27b741a5,397764535,,1,grn,Goblin Cratermaker,NM,FALSE,0.16,1,Bin 6,15,1
69e965b87ecc73c161d9b940,410045357,,1,ltr,Goblin Fireleaper,Near Mint,FALSE,0.04,1,Bin 7,14,1
69e93a2c7ecc73c161d921ec,410020600,,1,ogw,Goblin Freerunner,Near Mint,TRUE,0.1,1,Bin 7,10,1
69e53d2c9ca1ed48e7d99e25,409247577,,1,ogw,Goblin Freerunner,Near Mint,FALSE,0.03,7,Bin 5,30,7
69e7e4cd9ca1ed48e7d9b139,409781941,,1,ori,Goblin Glory Chaser,Near Mint,FALSE,0.05,4,Bin 7,7,4
69b04eaf9ca1ed48e7d8ae98,398299192,,1,moc,Goblin Instigator,Near Mint,FALSE,0.45,1,Bin 6,27,1
69af580534ce719e27b7423d,397801190,,1,cafr,Goblin Javelineer,NM,FALSE,0.04,1,Bin 6,16,1
69e902597ecc73c161d869be,409953025,,1,mkm,Goblin Maskmaker,Near Mint,FALSE,0.03,9,Bin 1,11,9
69e53d239ca1ed48e7d99da7,409247542,,1,mkm,Goblin Maskmaker,Near Mint,FALSE,0.05,9,Bin 5,30,1
69e53d239ca1ed48e7d99da7,409247542,,1,mkm,Goblin Maskmaker,Near Mint,FALSE,0.05,9,Bin 5,31,3
69e53d239ca1ed48e7d99da7,409247542,,1,mkm,Goblin Maskmaker,Near Mint,FALSE,0.05,9,Bin 5,32,2
69e53d239ca1ed48e7d99da7,409247542,,1,mkm,Goblin Maskmaker,Near Mint,FALSE,0.05,9,Bin 5,33,2
69e53d239ca1ed48e7d99da7,409247542,,1,mkm,Goblin Maskmaker,Near Mint,FALSE,0.05,9,Bin 5,35,1
69b04eaf9ca1ed48e7d8ae95,398299191,,1,fdn,Goblin Negotiation,Near Mint,FALSE,0.03,3,Bin 6,27,1
69b04eaf9ca1ed48e7d8ae95,398299191,,1,fdn,Goblin Negotiation,Near Mint,FALSE,0.03,3,Bin 7,6,2
69e918607ecc73c161d8af2e,409994859,,1,m20,Goblin Smuggler,Near Mint,FALSE,0.05,1,Bin 1,22,1
69eea6d22f009c9bc4d74896,411068529,,1,dft,Goblin Surveyor,Near Mint,FALSE,0.03,1,Bin 7,19,1
69eea6d22f009c9bc4d748a5,411068534,,1,dft,Goblin Surveyor,Near Mint,TRUE,0.05,1,Bin 7,19,1
69c31d979ca1ed48e7d908df,402040001,,1,dgm,Goblin Test Pilot,Near Mint,FALSE,0.04,2,Bin 6,39,2
69af6d6234ce719e27b744d1,398148271,,1,cmr,Goblin Trailblazer,NM,FALSE,0.03,1,Bin 6,18,1
69c315709ca1ed48e7d90881,402033846,,1,rix,Goblin Trailblazer,Near Mint,FALSE,0.03,2,Bin 6,38,2
69b03d209ca1ed48e7d8ab80,398283191,,1,mh2,Goblin Traprunner,Near Mint,FALSE,0.08,1,Bin 6,24,1
69e4375d9ca1ed48e7d99534,409099408,,1,bfz,Goblin War Paint,Near Mint,FALSE,0.03,7,Bin 5,19,7
69e7d3bf9ca1ed48e7d9ae21,409772204,,1,bfz,Goblin War Paint,Near Mint,TRUE,0.1,1,Bin 7,3,1
69b08a919ca1ed48e7d8b07d,398342962,,1,mbs,Goblin Wardriver,Near Mint,FALSE,0.18,5,Bin 6,28,5
69af918a9ca1ed48e7d8a821,398187802,,1,mbs,Goblin Wardriver,Near Mint,FALSE,0.18,2,Bin 6,23,2
69efe93d4ff24d3a84876f21,411358568,,1,bng,God-Favored General,Near Mint,TRUE,0.15,1,Bin 7,20,1
69e7cbe39ca1ed48e7d9ad3e,409768182,,1,hou,God-Pharaoh's Faithful,Near Mint,FALSE,0.32,0,,,
69c321929ca1ed48e7d909f5,402043010,,1,a25,Gods Willing,Near Mint,FALSE,0.09,2,Bin 1,1,2
69e91cfb7ecc73c161d8bebf,410001550,,1,uma,Gods Willing,Near Mint,FALSE,0.07,1,Bin 1,24,1
69ed59c179f49147a0810214,410864020,,1,khm,Gods' Hall Guardian,Near Mint,FALSE,0.02,2,Bin 7,16,2
699a9e1d34ce719e27b6e0e1,393639404,,1,fin,"Gohn, Town of Ruin",NM,FALSE,0.05,2,Bin 6,6,1
699a9e1d34ce719e27b6e0e1,393639404,,1,fin,"Gohn, Town of Ruin",NM,FALSE,0.05,2,Bin 6,3,1
69e904517ecc73c161d86f91,409961734,,1,otj,Gold Pan,Near Mint,FALSE,0.05,14,Bin 1,13,14
69e96e607ecc73c161d9d793,410048726,,1,jou,Golden Hind,Near Mint,TRUE,0.15,4,Bin 7,15,4
69af73479a9ce4ef7aed3cb5,398165904,,1,stx,Golden Ratio,NM,FALSE,0.03,0,,,
699b7d3634ce719e27b6e78b,393860698,,1,mh3,Golden-Tail Trainer,NM,FALSE,0.03,1,Bin 6,2,1
69ed59c279f49147a0810225,410864025,,1,khm,Goldmaw Champion,Near Mint,FALSE,0.02,1,Bin 7,16,1
69e5344b9ca1ed48e7d99b41,409242834,,1,fdn,Goldvein Pick,Near Mint,FALSE,0.05,3,Bin 5,27,3
69e91b3f7ecc73c161d8b891,409999563,,1,uma,Golgari Brownscale,Near Mint,FALSE,0.12,1,Bin 1,23,1
69af848d9ca1ed48e7d8a6a0,398179356,,1,rtr,Golgari Charm,Near Mint,FALSE,0.78,0,,,
69edbdb22f009c9bc4cde01d,410924476,,1,dgm,Golgari Cluestone,Near Mint,FALSE,0.05,1,Bin 7,18,1
69b0d34d9ca1ed48e7d8b860,398404117,,1,dgm,Golgari Guildgate,Near Mint,FALSE,0.06,1,Bin 6,35,1
69edbdb42f009c9bc4cde072,410924501,,1,dgm,Golgari Guildgate,Near Mint,FALSE,0.05,2,Bin 7,18,2
69b0d34e9ca1ed48e7d8b874,398404124,,1,rtr,Golgari Guildgate,Near Mint,FALSE,0.04,1,Bin 6,35,1
69c31d9b9ca1ed48e7d90927,402040022,,1,c13,Golgari Guildmage,Near Mint,FALSE,0.06,1,Bin 6,39,1
69e7dda99ca1ed48e7d9b01a,409778107,,1,rtr,Golgari Keyrune,Near Mint,TRUE,0.15,1,Bin 7,5,1
69af86da9ca1ed48e7d8a72d,398181817,,1,grn,Golgari Locket,Near Mint,FALSE,0.03,14,Bin 6,22,14
69c31d989ca1ed48e7d908e8,402040004,,1,rtr,Golgari Longlegs,Near Mint,FALSE,0.04,4,Bin 6,39,4
699a9e1934ce719e27b6e09b,393639383,,1,fin,"Gongaga, Reactor Town",NM,FALSE,0.05,2,Bin 6,6,1
699a9e1934ce719e27b6e09b,393639383,,1,fin,"Gongaga, Reactor Town",NM,FALSE,0.05,2,Bin 6,3,1
69e43bdc9ca1ed48e7d99610,409101636,,1,aer,Gonti's Machinations,Near Mint,FALSE,0.05,3,Bin 5,23,2
69e43bdc9ca1ed48e7d99610,409101636,,1,aer,Gonti's Machinations,Near Mint,FALSE,0.05,3,Bin 7,2,1
699b75a834ce719e27b6e54e,393858046,,1,fin,Goobbue Gardener,NM,FALSE,0.04,2,Bin 6,4,1
699b75a834ce719e27b6e54e,393858046,,1,fin,Goobbue Gardener,NM,FALSE,0.04,2,Bin 6,3,1
699b796834ce719e27b6e6ea,393859701,,1,fin,Goobbue Gardener,NM,TRUE,0.15,1,Bin 6,3,1
69e7dd9f9ca1ed48e7d9af72,409778050,,1,rtr,Gore-House Chainwalker,Near Mint,FALSE,0.03,1,Bin 7,5,1
69e7dd9f9ca1ed48e7d9af6f,409778049,,1,rtr,Gore-House Chainwalker,Near Mint,TRUE,0.1,1,Bin 7,5,1
69b04eb59ca1ed48e7d8af02,398299274,,1,blb,Gossip's Talent,Near Mint,FALSE,0.1,1,Bin 6,27,1
69af91829ca1ed48e7d8a78c,398187754,,1,woe,Graceful Takedown,Near Mint,FALSE,0.03,1,Bin 6,23,1
69e957d07ecc73c161d987be,410039898,,1,emn,Graf Harvest,Near Mint,FALSE,0.2,1,Bin 7,12,1
69af542234ce719e27b74185,397764525,,1,neo,Grafted Growth,NM,FALSE,0.03,0,,,
699a9e1c34ce719e27b6e0d0,393639399,,1,fin,Gran Pulse Ochu,NM,FALSE,0.04,1,Bin 6,6,1
69af91869ca1ed48e7d8a7e4,398187783,,1,woe,Grand Ball Guest,Near Mint,FALSE,0.03,2,Bin 6,23,1
69af91869ca1ed48e7d8a7e4,398187783,,1,woe,Grand Ball Guest,Near Mint,FALSE,0.03,2,Bin 6,24,1
69e934c17ecc73c161d90f36,410017670,,1,dsk,Grand Entryway // Elegant Rotunda,Near Mint,FALSE,0.03,2,Bin 1,36,2
69e934c17ecc73c161d90f33,410017669,,1,dsk,Grand Entryway // Elegant Rotunda,Near Mint,FALSE,0.03,10,Bin 1,36,10
69e53d289ca1ed48e7d99df1,409247564,,1,mkm,Granite Witness,Near Mint,FALSE,0.05,9,Bin 5,30,1
69e53d289ca1ed48e7d99df1,409247564,,1,mkm,Granite Witness,Near Mint,FALSE,0.05,9,Bin 5,31,4
69e53d289ca1ed48e7d99df1,409247564,,1,mkm,Granite Witness,Near Mint,FALSE,0.05,9,Bin 5,33,1
69e53d289ca1ed48e7d99df1,409247564,,1,mkm,Granite Witness,Near Mint,FALSE,0.05,9,Bin 5,34,1
69e53d289ca1ed48e7d99df1,409247564,,1,mkm,Granite Witness,Near Mint,FALSE,0.05,9,Bin 5,35,2
69e904537ecc73c161d86fa9,409961801,,1,mkm,Granite Witness,Near Mint,FALSE,0.03,8,Bin 1,13,8
69e957d37ecc73c161d987ff,410039919,,1,emn,Grapple with the Past,Near Mint,FALSE,0.03,2,Bin 7,12,2
69b0bf229ca1ed48e7d8b5b2,398394989,,1,grn,Grappling Sundew,Near Mint,FALSE,0.03,1,Bin 6,33,1
69b0bb259ca1ed48e7d8b4e9,398393272,,1,mm3,Grasp of Phantoms,Near Mint,FALSE,0.03,1,Bin 6,32,1
69e932307ecc73c161d9064c,410016255,,1,dsk,Grasping Longneck,Near Mint,FALSE,0.03,16,Bin 1,33,16
69e7e4d39ca1ed48e7d9b1aa,409781983,,1,rix,Grasping Scoundrel,Near Mint,FALSE,0.05,1,Bin 7,7,1
69efe93e4ff24d3a84876f4d,411358574,,1,war,Grateful Apparition,Near Mint,FALSE,0.1,1,Bin 7,20,1
69e432f09ca1ed48e7d994b9,409094962,,1,bfz,Grave Birthing,Near Mint,FALSE,0.03,7,Bin 5,17,7
69b042609ca1ed48e7d8ac5a,398289266,,1,bfz,Grave Birthing,Near Mint,TRUE,0.15,1,Bin 6,25,1
69e7ede69ca1ed48e7d9b3a5,409786015,,1,uma,Grave Scrabbler,Near Mint,TRUE,0.15,1,Bin 7,9,1
69e91b407ecc73c161d8b8a3,409999574,,1,uma,Grave Scrabbler,Near Mint,FALSE,0.05,2,Bin 1,23,2
699b796434ce719e27b6e6b0,393859683,,1,mh3,Gravedig,NM,FALSE,0.05,2,Bin 6,3,1
699b796434ce719e27b6e6b0,393859683,,1,mh3,Gravedig,NM,FALSE,0.05,2,Bin 6,2,1
69e42c2a9ca1ed48e7d9936d,409090869,,1,akh,Gravedigger,Near Mint,FALSE,0.05,3,Bin 5,12,3
69af4ea234ce719e27b7408a,397738554,,1,bng,Graverobber Spider,LP,FALSE,0.03,1,Bin 6,12,1
69b08a999ca1ed48e7d8b0fa,398343043,,1,mh1,Graveshifter,Near Mint,FALSE,0.13,2,Bin 6,28,2
69e53d219ca1ed48e7d99d83,409247529,,1,mkm,Gravestone Strider,Near Mint,FALSE,0.02,9,Bin 1,8,1
69e53d219ca1ed48e7d99d83,409247529,,1,mkm,Gravestone Strider,Near Mint,FALSE,0.02,9,Bin 5,32,3
69e53d219ca1ed48e7d99d83,409247529,,1,mkm,Gravestone Strider,Near Mint,FALSE,0.02,9,Bin 5,34,2
69e53d219ca1ed48e7d99d83,409247529,,1,mkm,Gravestone Strider,Near Mint,FALSE,0.02,9,Bin 5,30,1
69e53d219ca1ed48e7d99d83,409247529,,1,mkm,Gravestone Strider,Near Mint,FALSE,0.02,9,Bin 5,33,1
69e53d219ca1ed48e7d99d83,409247529,,1,mkm,Gravestone Strider,Near Mint,FALSE,0.02,9,Bin 5,35,1
69af68ae34ce719e27b7437c,398052904,,1,snc,Graveyard Shift,NM,FALSE,0.03,1,Bin 6,17,1
69e93a2a7ecc73c161d921c6,410020586,,1,ogw,Gravity Negator,Near Mint,TRUE,0.1,1,Bin 7,10,1
69e53ab49ca1ed48e7d99d49,409246480,,1,ogw,Gravity Negator,Near Mint,FALSE,0.03,8,Bin 5,29,8
699bbb8034ce719e27b6ec94,393885013,,1,c17,Graypelt Refuge,NM,FALSE,0.2,1,Bin 6,10,1
69b0d34c9ca1ed48e7d8b855,398404114,,1,ddh,Graypelt Refuge,Near Mint,FALSE,0.19,1,Bin 6,35,1
69b08a909ca1ed48e7d8b063,398342943,,1,zen,Graypelt Refuge,Near Mint,FALSE,0.11,3,Bin 6,28,3
69b042649ca1ed48e7d8ac99,398289292,,1,eve,Grazing Kelpie,Near Mint,TRUE,0.15,1,Bin 6,25,1
699bbb7634ce719e27b6ebd7,393884937,,1,ecl,Great Forest Druid,NM,FALSE,0.05,2,Bin 6,10,2
69e42ea19ca1ed48e7d993d3,409092700,,1,akh,Greater Sandwurm,Near Mint,FALSE,0.03,4,Bin 5,14,4
69af580934ce719e27b7427a,397801484,,1,iko,Greater Sandwurm,NM,FALSE,0.03,2,Bin 6,16,1
69af580934ce719e27b7427a,397801484,,1,iko,Greater Sandwurm,NM,FALSE,0.03,2,Bin 6,20,1
69af68b734ce719e27b74419,398052962,,1,spm,"Green Goblin, Revenant",NM,FALSE,0.03,0,,,
69e70c2f9ca1ed48e7d9a8d0,409616267,,1,mkm,Greenbelt Radical,Near Mint,FALSE,0.05,1,Bin 5,36,1
69e954727ecc73c161d97c0f,410037382,,1,nph,Greenhilt Trainee,Near Mint,TRUE,0.15,0,,,
69af734e9a9ce4ef7aed3d3d,398165972,,1,m20,Greenwood Sentinel,NM,FALSE,0.03,1,Bin 6,20,1
69e7ce259ca1ed48e7d9ad72,409769212,,1,aer,Gremlin Infestation,Near Mint,TRUE,0.1,1,Bin 7,2,1
69e7ce259ca1ed48e7d9ad75,409769213,,1,aer,Gremlin Infestation,Near Mint,FALSE,0.03,1,Bin 7,2,1
69e93a277ecc73c161d921a2,410020560,,1,nph,Gremlin Mine,Near Mint,TRUE,0.1,2,Bin 7,10,2
69e541669ca1ed48e7d99ec6,409249327,,1,mkm,Griffnaut Tracker,Near Mint,FALSE,0.05,11,Bin 5,31,4
69e541669ca1ed48e7d99ec6,409249327,,1,mkm,Griffnaut Tracker,Near Mint,FALSE,0.05,11,Bin 5,32,2
69e541669ca1ed48e7d99ec6,409249327,,1,mkm,Griffnaut Tracker,Near Mint,FALSE,0.05,11,Bin 5,33,2
69e541669ca1ed48e7d99ec6,409249327,,1,mkm,Griffnaut Tracker,Near Mint,FALSE,0.05,11,Bin 5,34,3
69e9035d7ecc73c161d86cb6,409953955,,1,mkm,Griffnaut Tracker,Near Mint,FALSE,0.03,7,Bin 1,12,7
69e957cf7ecc73c161d987b8,410039896,,1,mm2,Grim Affliction,Near Mint,TRUE,0.3,1,Bin 7,12,1
69af6d6434ce719e27b744f2,398148461,,1,afr,Grim Bounty,NM,FALSE,0.03,1,Bin 6,18,1
69e95c847ecc73c161d99863,410042464,,1,xln,Grim Captain's Call,Near Mint,FALSE,0.03,3,Bin 7,13,3
69e95c847ecc73c161d99860,410042463,,1,xln,Grim Captain's Call,Near Mint,TRUE,0.1,1,Bin 7,13,1
69e96e5f7ecc73c161d9d788,410048724,,1,jou,Grim Guardian,Near Mint,TRUE,0.5,0,,,
69b04eb19ca1ed48e7d8aebd,398299205,,1,jou,Grim Guardian,Near Mint,FALSE,0.05,0,,,
69b0d7ee9ca1ed48e7d8b963,398406727,,1,thb,Grim Physician,Near Mint,TRUE,0.15,2,Bin 6,36,2
69e7dda39ca1ed48e7d9afb9,409778070,,1,rtr,Grim Roustabout,Near Mint,FALSE,0.05,4,Bin 7,5,4
69e42c2a9ca1ed48e7d9936a,409090868,,1,akh,Grim Strider,Near Mint,FALSE,0.05,4,Bin 5,12,4
69af73489a9ce4ef7aed3cca,398165916,,1,stx,Grinning Ignus,NM,FALSE,0.04,1,Bin 6,20,1
69e432f09ca1ed48e7d994b6,409094961,,1,bfz,Grip of Desolation,Near Mint,FALSE,0.04,2,Bin 5,17,2
69e93a287ecc73c161d921ae,410020566,,1,ogw,Grip of the Roil,Near Mint,FALSE,0.05,1,Bin 7,10,1
69e427c49ca1ed48e7d991ed,409088106,,1,vow,Grisly Ritual,Near Mint,FALSE,0.03,1,Bin 5,9,1
69e7cbdd9ca1ed48e7d9ace3,409768152,,1,hou,Grisly Survivor,Near Mint,FALSE,0.03,1,Bin 7,1,1
69af734f9a9ce4ef7aed3d5a,398165986,,1,bng,Grisly Transformation,NM,FALSE,0.03,6,Bin 6,20,6
69b03d239ca1ed48e7d8aba8,398283203,,1,emn,Grizzled Angler // Grisly Anglerfish,Near Mint,FALSE,0.03,7,Bin 6,24,4
69b03d239ca1ed48e7d8aba8,398283203,,1,emn,Grizzled Angler // Grisly Anglerfish,Near Mint,FALSE,0.03,7,Bin 6,26,2
69b03d239ca1ed48e7d8aba8,398283203,,1,emn,Grizzled Angler // Grisly Anglerfish,Near Mint,FALSE,0.03,7,Bin 5,28,1
69ed59c479f49147a0810258,410864042,,1,khm,Grizzled Outrider,Near Mint,FALSE,0.04,1,Bin 7,16,1
69af6d5c34ce719e27b7446a,398147593,,1,bbd,Grotesque Mutation,NM,FALSE,0.04,1,Bin 6,18,1
69e7ea149ca1ed48e7d9b29e,409784041,,1,soi,Grotesque Mutation,Near Mint,TRUE,0.1,1,Bin 7,8,1
69e7d3c79ca1ed48e7d9aeaf,409772251,,1,bfz,Grove Rumbler,Near Mint,TRUE,0.15,1,Bin 7,3,1
69e918607ecc73c161d8af3d,409994865,,1,m20,Growth Cycle,Near Mint,FALSE,0.05,1,Bin 1,22,1
69e7e4d39ca1ed48e7d9b1a7,409781982,,1,rix,Gruesome Fate,Near Mint,FALSE,0.1,3,Bin 7,7,3
69edbdb12f009c9bc4cde00f,410924472,,1,dgm,Gruul Cluestone,Near Mint,FALSE,0.05,1,Bin 7,18,1
69ed5f1679f49147a0813295,410865320,,1,dgm,Gruul Cluestone,Near Mint,TRUE,0.1,1,Bin 7,17,1
69b0d34a9ca1ed48e7d8b83d,398404107,,1,dgm,Gruul Guildgate,Near Mint,FALSE,0.04,0,,,
69b0d3519ca1ed48e7d8b895,398404129,,1,gtc,Gruul Keyrune,Near Mint,FALSE,0.04,1,Bin 6,35,1
69edbdad2f009c9bc4cddf3e,410924411,,1,dgm,Gruul War Chant,Near Mint,TRUE,0.25,1,Bin 7,18,1
69e427c69ca1ed48e7d99202,409088114,,1,vow,Gryff Rider,Near Mint,FALSE,0.03,1,Bin 5,9,1
699a9e1634ce719e27b6e061,393639365,,1,fin,"Guadosalam, Farplane Gateway",NM,FALSE,0.05,1,Bin 6,6,1
699a9e1f34ce719e27b6e100,393639413,,1,fin,"Guadosalam, Farplane Gateway",NM,TRUE,0.15,1,Bin 6,6,1
69ed59c579f49147a081025e,410864044,,1,khm,Guardian Gladewalker,Near Mint,FALSE,0.04,1,Bin 7,16,1
69b08a9b9ca1ed48e7d8b122,398343070,,1,dft,Guidelight Matrix,Near Mint,FALSE,0.03,1,Bin 6,28,1
69e91b407ecc73c161d8b8a0,409999572,,1,uma,Gurmag Angler,Near Mint,FALSE,0.31,2,Bin 1,23,2
69efe9384ff24d3a84876e55,411358534,,1,dtk,Gurmag Drowner,Near Mint,TRUE,0.1,1,Bin 7,20,1
69e429429ca1ed48e7d99295,409089695,,1,akh,Gust Walker,Near Mint,FALSE,0.05,5,Bin 5,10,5
69af542134ce719e27b74171,397764518,,1,iko,Gust of Wind,NM,FALSE,0.03,1,Bin 6,15,1
69af6d5c34ce719e27b7446d,398147608,,1,m19,Guttersnipe,NM,FALSE,0.37,1,Bin 6,18,1
69b04eaf9ca1ed48e7d8ae9b,398299193,,1,otc,Guttersnipe,Near Mint,FALSE,0.36,1,Bin 6,27,1
699bb5bf34ce719e27b6ea2e,393882014,,1,spm,Guy in the Chair,NM,FALSE,0.03,2,Bin 6,8,2
699a9e1a34ce719e27b6e0a1,393639385,,1,fin,Gysahl Greens,NM,FALSE,0.04,2,Bin 6,6,1
699a9e1a34ce719e27b6e0a1,393639385,,1,fin,Gysahl Greens,NM,FALSE,0.04,2,Bin 6,3,1
69edbdb02f009c9bc4cddfd0,410924455,,1,dgm,Haazda Snare Squad,Near Mint,FALSE,0.05,1,Bin 7,18,1
69e9035d7ecc73c161d86cb3,409953953,,1,mkm,Haazda Vigilante,Near Mint,FALSE,0.03,4,Bin 1,12,4
69e6fc4f9ca1ed48e7d9a6f1,409612193,,1,mkm,Haazda Vigilante,Near Mint,FALSE,0.05,4,Bin 5,33,3
69e6fc4f9ca1ed48e7d9a6f1,409612193,,1,mkm,Haazda Vigilante,Near Mint,FALSE,0.05,4,Bin 5,35,1
69ed59c779f49147a0810281,410864056,,1,khm,Hagi Mob,Near Mint,FALSE,0.02,1,Bin 7,16,1
69e433fa9ca1ed48e7d994fc,409095208,,1,bfz,Hagra Sharpshooter,Near Mint,FALSE,0.03,2,Bin 5,18,1
69e433fa9ca1ed48e7d994fc,409095208,,1,bfz,Hagra Sharpshooter,Near Mint,FALSE,0.03,2,Bin 7,3,1
69e93a2d7ecc73c161d9220c,410020614,,1,bfz,Hagra Sharpshooter,Near Mint,FALSE,0.03,1,Bin 7,10,1
69af68b134ce719e27b743b8,398052931,,1,cmr,"Halana, Kessig Ranger",NM,FALSE,0.14,1,Bin 6,17,1
69e91b417ecc73c161d8b8c4,409999607,,1,afr,Half-Elf Monk,Near Mint,FALSE,0.05,3,Bin 1,23,3
69af91899ca1ed48e7d8a81b,398187800,,1,wwk,Halimar Depths,Near Mint,FALSE,0.47,0,,,
69b08a929ca1ed48e7d8b085,398342966,,1,wwk,Halimar Depths,Near Mint,FALSE,0.51,0,,,
69e432f29ca1ed48e7d994d4,409094973,,1,bfz,Halimar Tidecaller,Near Mint,FALSE,0.04,1,Bin 5,17,1
69b08a959ca1ed48e7d8b0b3,398342993,,1,bfz,Halimar Tidecaller,Near Mint,TRUE,0.15,2,Bin 6,28,2
69e7d3c09ca1ed48e7d9ae37,409772210,,1,bfz,Halimar Tidecaller,Near Mint,TRUE,0.1,1,Bin 7,3,1
69af848e9ca1ed48e7d8a6b1,398179361,,1,dom,"Hallar, the Firefletcher",Near Mint,FALSE,0.03,1,Bin 6,21,1
69b0cca19ca1ed48e7d8b75f,398401800,,1,emn,Hamlet Captain,Near Mint,FALSE,0.03,1,Bin 6,34,1
69b0a9da9ca1ed48e7d8b1f0,398363659,,1,woe,Hamlet Glutton,Near Mint,FALSE,0.04,1,Bin 6,29,1
69af68ab34ce719e27b7434f,398052887,,1,cmr,"Hamza, Guardian of Arashin",NM,FALSE,0.18,1,Bin 6,17,1
69e933e87ecc73c161d90c0f,410017338,,1,dsk,Hand That Feeds,Near Mint,FALSE,0.03,12,Bin 1,35,12
69e7e4d89ca1ed48e7d9b1fe,409782017,,1,inr,Hanweir Watchkeep // Bane of Hanweir,Near Mint,TRUE,0.15,1,Bin 7,7,1
69e42ea19ca1ed48e7d993d0,409092698,,1,akh,Hapatra's Mark,Near Mint,FALSE,0.18,0,,,
69e965b97ecc73c161d9b952,410045365,,1,ltr,Haradrim Spearmaster,Near Mint,FALSE,0.04,3,Bin 7,14,3
69e9083d7ecc73c161d87bd4,409965711,,1,otj,Hardbristle Bandit,Near Mint,FALSE,0.05,16,Bin 1,17,16
69e934c17ecc73c161d90f30,410017667,,1,dsk,Hardened Escort,Near Mint,FALSE,0.03,13,Bin 1,36,2
69e934c17ecc73c161d90f30,410017667,,1,dsk,Hardened Escort,Near Mint,FALSE,0.03,13,Bin 1,37,11
69e7e4d49ca1ed48e7d9b1c1,409781995,,1,rix,Hardy Veteran,Near Mint,FALSE,0.05,1,Bin 7,7,1
69b0dd029ca1ed48e7d8ba5e,398420432,,1,rix,Hardy Veteran,Near Mint,FALSE,0.04,1,Bin 6,37,1
69e4201b9ca1ed48e7d99076,409080696,,1,kld,Harnessed Lightning,Near Mint,FALSE,0.05,10,Bin 5,4,4
69e4201b9ca1ed48e7d99076,409080696,,1,kld,Harnessed Lightning,Near Mint,FALSE,0.05,10,Bin 7,4,6
69e535ba9ca1ed48e7d99c8d,409244307,,1,mkm,Harried Dronesmith,Near Mint,FALSE,0.05,2,Bin 5,8,1
69e535ba9ca1ed48e7d99c8d,409244307,,1,mkm,Harried Dronesmith,Near Mint,FALSE,0.05,2,Bin 5,36,1
69b0dd029ca1ed48e7d8ba61,398420433,,1,hou,Harrier Naga,Near Mint,FALSE,0.03,2,Bin 6,37,2
69e4201c9ca1ed48e7d9908b,409080706,,1,kld,Harsh Scrutiny,Near Mint,FALSE,0.03,5,Bin 5,4,4
69e4201c9ca1ed48e7d9908b,409080706,,1,kld,Harsh Scrutiny,Near Mint,FALSE,0.03,5,Bin 7,4,1
699bb5c334ce719e27b6ea79,393882040,,1,tla,"Haru, Hidden Talent",NM,TRUE,0.15,1,Bin 6,8,1
699bb5cc34ce719e27b6eb17,393882078,,1,tla,"Haru, Hidden Talent",NM,FALSE,0.03,1,Bin 6,8,1
69e7ea109ca1ed48e7d9b250,409783995,,1,soi,Harvest Hand // Scrounged Scythe,Near Mint,TRUE,0.1,2,Bin 7,8,2
69e96e577ecc73c161d9d6f2,410048681,,1,jou,Harvestguard Alseids,Near Mint,TRUE,0.15,5,Bin 7,15,5
69af6d6a34ce719e27b74561,398149101,,1,mid,Harvesttide Sentry,NM,FALSE,0.03,1,Bin 6,18,1
699bb19734ce719e27b6e95e,393880601,,1,fin,Haste Magic,NM,TRUE,0.15,1,Bin 6,7,1
699a9e1d34ce719e27b6e0e4,393639405,,1,fin,Haste Magic,NM,FALSE,0.04,3,Bin 6,6,1
699a9e1d34ce719e27b6e0e4,393639405,,1,fin,Haste Magic,NM,FALSE,0.04,3,Bin 6,8,1
699a9e1d34ce719e27b6e0e4,393639405,,1,fin,Haste Magic,NM,FALSE,0.04,3,Bin 6,11,1
69b04eab9ca1ed48e7d8ae49,398299142,,1,dft,Haunt the Network,Near Mint,FALSE,0.03,1,Bin 6,27,1
69e539359ca1ed48e7d99cff,409246137,,1,emn,Haunted Dead,Near Mint,FALSE,0.05,2,Bin 5,28,2
699bbb7d34ce719e27b6ec61,393884984,,1,c18,Haunted Fengraf,NM,FALSE,0.25,1,Bin 6,10,1
69b0d3479ca1ed48e7d8b80e,398404094,,1,dka,Haunted Fengraf,Near Mint,FALSE,0.14,6,Bin 6,35,6
69b0dd049ca1ed48e7d8ba77,398420439,,1,avr,Haunted Guardian,Near Mint,FALSE,0.04,1,Bin 6,37,1
69e9546d7ecc73c161d97bb6,410037352,,1,ema,Havoc Demon,Near Mint,FALSE,0.05,2,Bin 7,11,2
69eea6d32f009c9bc4d748ab,411068536,,1,dft,Hazard of the Dunes,Near Mint,FALSE,0.04,2,Bin 7,19,2
69e4218e9ca1ed48e7d990da,409081263,,1,kld,Hazardous Conditions,Near Mint,FALSE,0.05,4,Bin 5,5,4
69e42ea19ca1ed48e7d993cd,409092697,,1,akh,Haze of Pollen,Near Mint,FALSE,0.05,6,Bin 5,14,6
69e9243a7ecc73c161d8d70d,410006137,,1,blb,Head of the Homestead,Near Mint,FALSE,0.03,9,Bin 1,28,9
69c3156f9ca1ed48e7d90879,402033842,,1,xln,Headstrong Brute,Near Mint,FALSE,0.03,1,Bin 6,38,1
69af918d9ca1ed48e7d8a854,398187815,,1,mh2,Healer's Flock,Near Mint,FALSE,0.03,5,Bin 6,23,4
69af918d9ca1ed48e7d8a854,398187815,,1,mh2,Healer's Flock,Near Mint,FALSE,0.03,5,Bin 6,24,1
69e7e09f9ca1ed48e7d9b0a4,409779783,,1,fdn,Healer's Hawk,Near Mint,FALSE,0.03,1,Bin 7,6,1
69e918627ecc73c161d8af55,409994873,,1,m20,Heart-Piercer Bow,Near Mint,FALSE,0.05,2,Bin 1,22,2
69e7e0a09ca1ed48e7d9b0b5,409779788,,1,fdn,Heartfire Immolator,Near Mint,FALSE,0.03,1,Bin 7,6,1
69af6d5e34ce719e27b74494,398147900,,1,tla,Heartless Act,NM,FALSE,0.09,1,Bin 6,18,1
69b0dd069ca1ed48e7d8ba8c,398420443,,1,dka,Heavy Mattock,Near Mint,FALSE,0.04,4,Bin 6,37,4
699b75a934ce719e27b6e554,393858048,,1,fin,Hecteyes,NM,FALSE,0.04,10,Bin 6,4,1
699b75a934ce719e27b6e554,393858048,,1,fin,Hecteyes,NM,FALSE,0.04,10,Bin 6,2,1
699b75a934ce719e27b6e554,393858048,,1,fin,Hecteyes,NM,FALSE,0.04,10,Bin 6,9,8
69e70c309ca1ed48e7d9a8d9,409616268,,1,mkm,Hedge Whisperer,Near Mint,FALSE,0.04,1,Bin 5,36,1
69e534519ca1ed48e7d99b96,409242895,,1,mid,Hedgewitch's Mask,Near Mint,FALSE,0.03,1,Bin 5,27,1
69b08a9b9ca1ed48e7d8b11f,398343068,,1,dcmm,Hedron Archive,Near Mint,FALSE,0.22,1,Bin 6,28,1
69e439ce9ca1ed48e7d995af,409100247,,1,bfz,Hedron Blade,Near Mint,FALSE,0.03,6,Bin 5,21,6
69e7d3c49ca1ed48e7d9ae7a,409772234,,1,bfz,Hedron Blade,Near Mint,TRUE,0.1,1,Bin 7,3,1
69af68b734ce719e27b74413,398052960,,1,tla,"Hei Bai, Spirit of Balance",NM,FALSE,0.03,1,Bin 6,17,1
69ed5f1779f49147a08132b7,410865326,,1,ktk,Heir of the Wilds,Near Mint,FALSE,0.05,1,Bin 7,17,1
69b0cca79ca1ed48e7d8b7b0,398401849,,1,ktk,Heir of the Wilds,Near Mint,FALSE,0.06,3,Bin 6,34,3
699bbb7534ce719e27b6ebcb,393884933,,1,ecl,Heirloom Auntie,NM,FALSE,0.05,2,Bin 6,10,2
69e534559ca1ed48e7d99bcb,409242936,,1,mid,Heirloom Mirror // Inherited Fiend,Near Mint,FALSE,0.04,1,Bin 5,27,1
69b0bb1c9ca1ed48e7d8b46e,398393227,,1,akh,Hekma Sentinels,Near Mint,FALSE,0.03,8,Bin 6,32,2
69b0bb1c9ca1ed48e7d8b46e,398393227,,1,akh,Hekma Sentinels,Near Mint,FALSE,0.03,8,Bin 5,11,5
69b0bb1c9ca1ed48e7d8b46e,398393227,,1,akh,Hekma Sentinels,Near Mint,FALSE,0.03,8,Bin 7,15,1
69e7ea1b9ca1ed48e7d9b31c,409784088,,1,ths,Heliod's Emissary,Near Mint,FALSE,0.05,1,Bin 7,8,1
69e957cd7ecc73c161d98788,410039880,,1,mm2,Helium Squirter,Near Mint,TRUE,0.1,3,Bin 7,12,3
69b0d3519ca1ed48e7d8b89d,398404131,,1,ddg,Henge Guardian,Near Mint,FALSE,0.04,0,,,
699b75ae34ce719e27b6e5b0,393858089,,1,mmq,Henge Guardian,NM,FALSE,0.05,0,,,
69e9185e7ecc73c161d8aec9,409994848,,1,afr,Herald of Hadar,Near Mint,FALSE,0.05,4,Bin 1,22,3
69e9185e7ecc73c161d8aec9,409994848,,1,afr,Herald of Hadar,Near Mint,FALSE,0.05,4,Bin 1,23,1
69c31da19ca1ed48e7d90989,402040051,,1,war,Herald of the Dreadhorde,Near Mint,TRUE,0.1,1,Bin 6,39,1
69e41c869ca1ed48e7d98fbd,409079426,,1,kld,Herald of the Fair,Near Mint,FALSE,0.03,8,Bin 5,1,8
69e534479ca1ed48e7d99b07,409242788,,1,fdn,Heraldic Banner,Near Mint,FALSE,0.14,0,,,
69b03d1f9ca1ed48e7d8ab64,398283181,,1,mh2,Herd Baloth,Near Mint,FALSE,0.22,1,Bin 6,24,1
699b75a934ce719e27b6e557,393858050,,1,fin,Hero // Bird,NM,FALSE,0.05,0,,,
699b75ad34ce719e27b6e59f,393858083,,1,fin,Hero // Elemental,NM,FALSE,0.14,1,Bin 6,4,1
699a9e1934ce719e27b6e09e,393639384,,1,fin,Hero // Frog,NM,FALSE,0.05,0,,,
699a9e1f34ce719e27b6e109,393639418,,1,fin,Hero // Treasure,NM,FALSE,0.05,1,Bin 6,6,1
69af68aa34ce719e27b74338,398052879,,1,thb,Hero of the Pride,NM,FALSE,0.03,2,Bin 6,17,1
69af68aa34ce719e27b74338,398052879,,1,thb,Hero of the Pride,NM,FALSE,0.03,2,Bin 6,20,1
69b0d7e99ca1ed48e7d8b90e,398406669,,1,thb,Hero of the Winds,Near Mint,TRUE,0.15,2,Bin 6,36,2
69af73499a9ce4ef7aed3ce8,398165933,,1,cmr,Hero's Blade,NM,FALSE,0.08,1,Bin 6,20,1
69b0d7f19ca1ed48e7d8b98e,398406753,,1,thb,Heroes of the Revel,Near Mint,TRUE,0.15,1,Bin 6,36,1
69c31d9c9ca1ed48e7d90932,402040025,,1,rtr,Heroes' Reunion,Near Mint,FALSE,0.04,0,,,
69e7ea199ca1ed48e7d9b301,409784078,,1,frf,Hewed Stone Retainers,Near Mint,FALSE,0.05,1,Bin 7,8,1
69c34cd19ca1ed48e7d90c55,402068773,,1,lci,Hidden Cataract,Near Mint,FALSE,0.04,10,Bin 1,7,10
69c34cd19ca1ed48e7d90c52,402068772,,1,lci,Hidden Courtyard,Near Mint,FALSE,0.04,13,Bin 1,7,13
69e7ce279ca1ed48e7d9ad91,409769223,,1,aer,Hidden Herbalists,Near Mint,FALSE,0.03,1,Bin 7,2,1
69e8fe647ecc73c161d85e3d,409950470,,1,lci,Hidden Necropolis,Near Mint,FALSE,0.05,14,Bin 1,8,14
69e8fe637ecc73c161d85e3a,409950469,,1,lci,Hidden Nursery,Near Mint,FALSE,0.05,16,Bin 1,8,16
69e43db89ca1ed48e7d99645,409102119,,1,aer,Hidden Stockpile,Near Mint,FALSE,0.1,4,Bin 5,24,4
69e7cbe59ca1ed48e7d9ad5c,409768188,,1,aer,Hidden Stockpile,Near Mint,FALSE,0.09,3,Bin 7,1,2
69e7cbe59ca1ed48e7d9ad5c,409768188,,1,aer,Hidden Stockpile,Near Mint,FALSE,0.09,3,Bin 7,2,1
69e8fe637ecc73c161d85e37,409950468,,1,lci,Hidden Volcano,Near Mint,FALSE,0.05,11,Bin 1,8,11
69e42aa69ca1ed48e7d992f3,409089983,,1,akh,Hieroglyphic Illumination,Near Mint,FALSE,0.05,7,Bin 5,11,6
69e42aa69ca1ed48e7d992f3,409089983,,1,akh,Hieroglyphic Illumination,Near Mint,FALSE,0.05,7,Bin 5,16,1
69b0bb239ca1ed48e7d8b4c6,398393259,,1,akh,Hieroglyphic Illumination,Near Mint,FALSE,0.04,1,Bin 6,32,1
69af86d99ca1ed48e7d8a71d,398181813,,1,m19,Hieromancer's Cage,Near Mint,FALSE,0.04,1,Bin 6,22,1
69c31da09ca1ed48e7d90977,402040045,,1,xln,Hierophant's Chalice,Near Mint,TRUE,0.1,1,Bin 6,39,1
69b0bf1d9ca1ed48e7d8b560,398394953,,1,xln,Hierophant's Chalice,Near Mint,FALSE,0.03,2,Bin 6,33,2
69af91849ca1ed48e7d8a7c0,398187770,,1,woe,High Fae Negotiator,Near Mint,FALSE,0.03,2,Bin 6,23,1
69af91849ca1ed48e7d8a7c0,398187770,,1,woe,High Fae Negotiator,Near Mint,FALSE,0.03,2,Bin 6,29,1
69e920cb7ecc73c161d8cb4d,410003521,,1,blb,High Stride,Near Mint,FALSE,0.03,6,Bin 1,26,6
69efe9374ff24d3a84876e3b,411358530,,1,snc,High-Rise Sawjack,Near Mint,TRUE,0.05,1,Bin 7,20,1
69e425909ca1ed48e7d991a5,409083532,,1,ktk,Highland Game,Near Mint,FALSE,0.05,6,Bin 5,8,6
69b0bf219ca1ed48e7d8b597,398394974,,1,m19,Highland Game,Near Mint,FALSE,0.03,3,Bin 6,33,1
69b0bf219ca1ed48e7d8b597,398394974,,1,m19,Highland Game,Near Mint,FALSE,0.03,3,Bin 6,37,2
69e7ea109ca1ed48e7d9b24d,409783993,,1,soi,Highland Lake,Near Mint,FALSE,0.09,1,Bin 7,8,1
69b0dd039ca1ed48e7d8ba66,398420434,,1,kld,Highspire Artisan,Near Mint,FALSE,0.03,1,Bin 6,37,1
69b0c7609ca1ed48e7d8b67c,398398101,,1,aer,Highspire Infusion,Near Mint,FALSE,0.03,0,,,
69e41ed49ca1ed48e7d99048,409080154,,1,kld,Hightide Hermit,Near Mint,FALSE,0.05,2,Bin 5,3,2
69e7dda09ca1ed48e7d9af86,409778054,,1,kld,Hijack,Near Mint,FALSE,0.03,1,Bin 7,5,1
69e95c8b7ecc73c161d998e2,410042514,,1,xln,Hijack,Near Mint,FALSE,0.05,1,Bin 7,13,1
69e91b447ecc73c161d8b8fa,409999632,,1,afr,Hill Giant Herdgorger,Near Mint,FALSE,0.05,2,Bin 1,23,2
699bb19734ce719e27b6e961,393880602,,1,fin,Hill Gigas,NM,TRUE,0.15,1,Bin 6,7,1
699a9e1534ce719e27b6e045,393639357,,1,fin,Hill Gigas,NM,FALSE,0.04,3,Bin 6,6,2
699a9e1534ce719e27b6e045,393639357,,1,fin,Hill Gigas,NM,FALSE,0.04,3,Bin 6,3,1
69af4d4534ce719e27b7406f,397707473,,1,fin,Hill Gigas,NM,FALSE,0.03,14,Bin 6,11,14
69b04eab9ca1ed48e7d8ae4c,398299145,,1,otp,Hindering Light,Near Mint,FALSE,0.06,1,Bin 6,27,1
69e43ab29ca1ed48e7d995d1,409100621,,1,aer,Hinterland Drake,Near Mint,FALSE,0.03,9,Bin 5,22,9
69e7e4d69ca1ed48e7d9b1e9,409782009,,1,inr,Hinterland Logger // Timber Shredder,Near Mint,TRUE,0.1,1,Bin 7,7,1
699bb82734ce719e27b6eb75,393883195,,1,tle,Hippo-Cows,NM,TRUE,0.15,1,Bin 6,9,1
69b0bf219ca1ed48e7d8b59a,398394975,,1,m19,Hired Blade,Near Mint,FALSE,0.03,1,Bin 6,33,1
69e91b477ecc73c161d8b939,409999682,,1,afr,Hired Hexblade,Near Mint,FALSE,0.03,4,Bin 1,23,4
69af6d6634ce719e27b7451e,398148708,,1,grn,Hired Poisoner,NM,FALSE,0.04,1,Bin 6,18,1
69edbdad2f009c9bc4cddf51,410924418,,1,dgm,Hired Torturer,Near Mint,FALSE,0.04,2,Bin 7,18,2
69af580a34ce719e27b74298,397801626,,1,m21,Hobblefiend,NM,FALSE,0.03,1,Bin 6,16,1
69e534529ca1ed48e7d99ba2,409242905,,1,mid,Hobbling Zombie,Near Mint,FALSE,0.03,2,Bin 5,27,2
69e91b437ecc73c161d8b8dc,409999618,,1,afr,Hobgoblin Captain,Near Mint,FALSE,0.05,1,Bin 1,23,1
699bb19f34ce719e27b6e9ec,393880651,,1,tla,Hog-Monkey,NM,FALSE,0.05,2,Bin 6,7,2
69af68b834ce719e27b7442a,398052968,,1,tla,Hog-Monkey,Near Mint,FALSE,0.03,4,Bin 6,17,1
69af68b834ce719e27b7442a,398052968,,1,tla,Hog-Monkey,Near Mint,FALSE,0.03,4,Bin 6,30,3
69e93a2f7ecc73c161d92229,410020625,,1,ogw,Holdout Settlement,Near Mint,TRUE,0.5,0,,,
69e53ab59ca1ed48e7d99d5e,409246487,,1,ogw,Holdout Settlement,Near Mint,FALSE,0.36,0,,,
69b03d249ca1ed48e7d8abc2,398283212,,1,woe,Hollow Scavenger // Bakery Raid,Near Mint,FALSE,0.03,1,Bin 6,24,1
69e9133d7ecc73c161d89ea2,409980907,,1,otj,Holy Cow,Near Mint,FALSE,0.05,16,Bin 1,21,16
69e4307b9ca1ed48e7d99416,409093658,,1,akh,Honed Khopesh,Near Mint,FALSE,0.03,10,Bin 5,15,10
69e4307d9ca1ed48e7d9943d,409093671,,1,akh,Honored Crop-Captain,Near Mint,FALSE,0.16,0,,,
69e42ea19ca1ed48e7d993ca,409092696,,1,akh,Hooded Brawler,Near Mint,FALSE,0.05,3,Bin 5,14,3
699b7d3134ce719e27b6e728,393860665,,1,mmq,Hoodwink,MP,FALSE,0.35,0,,,
69e425909ca1ed48e7d991a2,409083531,,1,ktk,Hooting Mandrills,Near Mint,FALSE,0.05,1,Bin 5,8,1
69b0a9db9ca1ed48e7d8b201,398363665,,1,woe,Hopeful Vigil,Near Mint,FALSE,0.03,1,Bin 6,29,1
69c31d9f9ca1ed48e7d9096c,402040042,,1,ths,Horizon Chimera,Near Mint,FALSE,0.03,1,Bin 6,39,1
69b042639ca1ed48e7d8ac84,398289282,,1,ths,Horizon Chimera,Near Mint,TRUE,0.15,1,Bin 6,25,1
69e7dda69ca1ed48e7d9afe8,409778089,,1,rtr,Horncaller's Chant,Near Mint,FALSE,0.03,1,Bin 7,5,1
69e7e4d59ca1ed48e7d9b1ca,409781996,,1,rix,Hornswoggle,Near Mint,FALSE,0.16,1,Bin 7,7,1
69e932307ecc73c161d90649,410016253,,1,dsk,Horrid Vigor,Near Mint,FALSE,0.03,12,Bin 1,33,3
69e932307ecc73c161d90649,410016253,,1,dsk,Horrid Vigor,Near Mint,FALSE,0.03,12,Bin 1,34,9
699b7d3534ce719e27b6e777,393860692,,1,mh3,Horrific Assault,NM,TRUE,0.15,1,Bin 6,2,1
69e42c299ca1ed48e7d99367,409090867,,1,akh,Horror of the Broken Lands,Near Mint,FALSE,0.11,3,Bin 5,12,3
69c321969ca1ed48e7d90a49,402043039,,1,a25,Horseshoe Crab,Near Mint,FALSE,0.04,2,Bin 1,1,2
69c32dbc9ca1ed48e7d90b61,402049689,,1,lci,Hotfoot Gnome,Near Mint,FALSE,0.04,6,Bin 1,5,6
69e5415c9ca1ed48e7d99e48,409249301,,1,mkm,Hotshot Investigators,Near Mint,FALSE,0.02,19,Bin 5,31,3
69e5415c9ca1ed48e7d99e48,409249301,,1,mkm,Hotshot Investigators,Near Mint,FALSE,0.02,19,Bin 5,32,3
69e5415c9ca1ed48e7d99e48,409249301,,1,mkm,Hotshot Investigators,Near Mint,FALSE,0.02,19,Bin 5,33,3
69e5415c9ca1ed48e7d99e48,409249301,,1,mkm,Hotshot Investigators,Near Mint,FALSE,0.02,19,Bin 5,34,2
69e5415c9ca1ed48e7d99e48,409249301,,1,mkm,Hotshot Investigators,Near Mint,FALSE,0.02,19,Bin 5,35,1
69e5415c9ca1ed48e7d99e48,409249301,,1,mkm,Hotshot Investigators,Near Mint,FALSE,0.02,19,Bin 1,10,7
69b0a9d79ca1ed48e7d8b1c4,398363645,,1,jou,Hour of Need,Near Mint,FALSE,0.04,1,Bin 6,29,1
69b04ead9ca1ed48e7d8ae71,398299172,,1,dsk,House Cartographer,Near Mint,FALSE,0.03,1,Bin 6,27,1
69e7dda79ca1ed48e7d9b000,409778097,,1,rtr,Hover Barrier,Near Mint,FALSE,0.16,1,Bin 7,5,1
69e93a287ecc73c161d921a8,410020563,,1,nph,Hovermyr,Near Mint,FALSE,0.09,0,,,
69e93a287ecc73c161d921a5,410020562,,1,nph,Hovermyr,Near Mint,TRUE,0.2,0,,,
699bb19e34ce719e27b6e9e6,393880649,,1,tla,How to Start a Riot,Near Mint,FALSE,0.03,6,Bin 6,7,1
699bb19e34ce719e27b6e9e6,393880649,,1,tla,How to Start a Riot,Near Mint,FALSE,0.03,6,Bin 6,17,1
699bb19e34ce719e27b6e9e6,393880649,,1,tla,How to Start a Riot,Near Mint,FALSE,0.03,6,Bin 6,30,2
699bb19e34ce719e27b6e9e6,393880649,,1,tla,How to Start a Riot,Near Mint,FALSE,0.03,6,Bin 6,33,2
69af580a34ce719e27b74286,397801540,,1,cmr,Howling Golem,NM,FALSE,0.04,1,Bin 6,16,1
69c324fc9ca1ed48e7d90b19,402045341,,1,lci,Huatli's Final Strike,Near Mint,FALSE,0.04,8,Bin 1,4,8
69e96e577ecc73c161d9d6fb,410048684,,1,jou,Hubris,Near Mint,TRUE,0.15,1,Bin 7,15,1
69e7ea119ca1ed48e7d9b262,409784002,,1,soi,Hulking Devil,Near Mint,TRUE,0.1,1,Bin 7,8,1
69b0425e9ca1ed48e7d8ac3a,398289254,,1,ema,Humble,Near Mint,TRUE,0.15,1,Bin 6,25,1
69af542634ce719e27b741c3,397764547,,1,iko,Humble Naturalist,NM,FALSE,0.03,2,Bin 6,15,1
69af542634ce719e27b741c3,397764547,,1,iko,Humble Naturalist,NM,FALSE,0.03,2,Bin 6,17,1
69e957ce7ecc73c161d987a3,410039889,,1,tdm,Humbling Elder,Near Mint,FALSE,0.09,2,Bin 7,12,2
69b08a969ca1ed48e7d8b0d1,398343016,,1,cns,Hunger of the Howlpack,Near Mint,TRUE,0.3,1,Bin 6,28,1
69e43dbb9ca1ed48e7d9966a,409102128,,1,aer,Hungry Flames,Near Mint,FALSE,0.03,8,Bin 5,24,3
69e43dbb9ca1ed48e7d9966a,409102128,,1,aer,Hungry Flames,Near Mint,FALSE,0.03,8,Bin 7,2,5
69e7e0a79ca1ed48e7d9b114,409779821,,1,fdn,Hungry Ghoul,Near Mint,FALSE,0.03,2,Bin 7,6,2
69e7e4d89ca1ed48e7d9b204,409782019,,1,inr,Hungry Ridgewolf,Near Mint,FALSE,0.03,1,Bin 7,7,1
69af580634ce719e27b74240,397801205,,1,stx,Hunt for Specimens,NM,FALSE,0.04,1,Bin 6,16,1
69e7ea179ca1ed48e7d9b2d1,409784061,,1,frf,Hunt the Weak,Near Mint,TRUE,0.1,1,Bin 7,8,1
69b0cc9e9ca1ed48e7d8b724,398401772,,1,kld,Hunt the Weak,Near Mint,FALSE,0.03,4,Bin 6,34,3
69b0cc9e9ca1ed48e7d8b724,398401772,,1,kld,Hunt the Weak,Near Mint,FALSE,0.03,4,Bin 7,3,1
69b0cca49ca1ed48e7d8b782,398401821,,1,rix,Hunt the Weak,Near Mint,FALSE,0.04,5,Bin 6,34,4
69b0cca49ca1ed48e7d8b782,398401821,,1,rix,Hunt the Weak,Near Mint,FALSE,0.04,5,Bin 6,37,1
69e7ddab9ca1ed48e7d9b03e,409778121,,1,rtr,Hussar Patrol,Near Mint,FALSE,0.03,1,Bin 7,5,1
69e70c369ca1ed48e7d9a93f,409616296,,1,mkm,Hustle // Bustle,Near Mint,FALSE,0.05,2,Bin 5,36,2
69c31d9e9ca1ed48e7d90950,402040033,,1,gtc,Hydroform,Near Mint,FALSE,0.03,2,Bin 6,39,2
69e42d5f9ca1ed48e7d993a2,409091246,,1,akh,Hyena Pack,Near Mint,FALSE,0.03,13,Bin 5,13,12
69e42d5f9ca1ed48e7d993a2,409091246,,1,akh,Hyena Pack,Near Mint,FALSE,0.03,13,Bin 7,15,1
69af918c9ca1ed48e7d8a844,398187811,,1,celd,Hypnotic Sprite // Mesmeric Glare,Near Mint,FALSE,0.14,3,Bin 6,23,1
69af918c9ca1ed48e7d8a844,398187811,,1,celd,Hypnotic Sprite // Mesmeric Glare,Near Mint,FALSE,0.14,3,Bin 6,27,2
69af4d4434ce719e27b74065,397707420,,1,fin,Ice Flan,NM,FALSE,0.03,1,Bin 6,11,1
699b72ed34ce719e27b6e4f3,393856653,,1,fin,Ice Flan,NM,FALSE,0.04,12,Bin 6,5,1
699b72ed34ce719e27b6e4f3,393856653,,1,fin,Ice Flan,NM,FALSE,0.04,12,Bin 6,4,10
699b72ed34ce719e27b6e4f3,393856653,,1,fin,Ice Flan,NM,FALSE,0.04,12,Bin 6,3,1
699a9e1a34ce719e27b6e0a8,393639386,,1,fin,Ice Magic,NM,FALSE,0.03,13,Bin 6,6,1
699a9e1a34ce719e27b6e0a8,393639386,,1,fin,Ice Magic,NM,FALSE,0.03,13,Bin 6,5,11
699a9e1a34ce719e27b6e0a8,393639386,,1,fin,Ice Magic,NM,FALSE,0.03,13,Bin 6,4,1
69b0b7a39ca1ed48e7d8b3a2,398391701,,1,aer,Ice Over,Near Mint,FALSE,0.03,12,Bin 6,31,1
69b0b7a39ca1ed48e7d8b3a2,398391701,,1,aer,Ice Over,Near Mint,FALSE,0.03,12,Bin 5,22,11
69ed59c479f49147a0810255,410864041,,1,khm,Icehide Troll,Near Mint,FALSE,0.03,3,Bin 7,16,3
69e7e0a49ca1ed48e7d9b0e2,409779801,,1,fdn,Icewind Elemental,Near Mint,FALSE,0.03,3,Bin 7,6,3
69b03d289ca1ed48e7d8abf4,398283222,,1,woe,Icewrought Sentry,Near Mint,FALSE,0.06,1,Bin 6,24,1
69e954757ecc73c161d97c3f,410037398,,1,nph,Ichor Explosion,Near Mint,TRUE,0.1,0,,,
699bbb7b34ce719e27b6ec3d,393884971,,1,som,Ichorclaw Myr,NM,FALSE,0.82,0,,,
69b0d7ea9ca1ed48e7d8b92c,398406691,,1,thb,Ichthyomorphosis,Near Mint,TRUE,0.15,2,Bin 6,36,2
69c32dbc9ca1ed48e7d90b5e,402049688,,1,lci,Idol of the Deep King // Sovereign's Macuahuitl,Near Mint,FALSE,0.04,8,Bin 1,5,2
69c32dbc9ca1ed48e7d90b5e,402049688,,1,lci,Idol of the Deep King // Sovereign's Macuahuitl,Near Mint,FALSE,0.04,8,Bin 1,6,6
69af68b834ce719e27b74422,398052966,,1,tla,Iguana Parrot,Near Mint,FALSE,0.03,2,Bin 6,17,1
69af68b834ce719e27b74422,398052966,,1,tla,Iguana Parrot,Near Mint,FALSE,0.03,2,Bin 6,30,1
69b03d229ca1ed48e7d8ab94,398283196,,1,rna,Ill-Gotten Inheritance,Near Mint,FALSE,0.03,1,Bin 6,24,1
69e7ce269ca1ed48e7d9ad8e,409769222,,1,aer,Illusionist's Stratagem,Near Mint,FALSE,0.27,2,Bin 7,2,2
69e96e5a7ecc73c161d9d720,410048695,,1,akh,Illusory Wrappings,Near Mint,TRUE,0.1,1,Bin 7,15,1
69b0b7a39ca1ed48e7d8b3a5,398391702,,1,akh,Illusory Wrappings,Near Mint,FALSE,0.03,6,Bin 6,31,2
69b0b7a39ca1ed48e7d8b3a5,398391702,,1,akh,Illusory Wrappings,Near Mint,FALSE,0.03,6,Bin 5,11,3
69b0b7a39ca1ed48e7d8b3a5,398391702,,1,akh,Illusory Wrappings,Near Mint,FALSE,0.03,6,Bin 5,16,1
69af6d6434ce719e27b744fa,398148508,,1,stx,Illustrious Historian,NM,FALSE,0.03,1,Bin 6,18,1
69e93a2b7ecc73c161d921de,410020595,,1,ogw,Immolating Glare,Near Mint,FALSE,0.03,2,Bin 7,10,2
69b08a959ca1ed48e7d8b0b6,398342995,,1,ogw,Immolating Glare,Near Mint,FALSE,0.04,2,Bin 6,28,2
69e93a277ecc73c161d9219c,410020557,,1,nph,Immolating Souleater,Near Mint,TRUE,0.25,0,,,
69e534539ca1ed48e7d99bb1,409242917,,1,mid,Immolation,Near Mint,FALSE,0.03,0,,,
69e965b67ecc73c161d9b8d2,410045339,,1,akh,Impeccable Timing,Near Mint,FALSE,0.03,1,Bin 7,14,1
69e429419ca1ed48e7d99292,409089693,,1,akh,Impeccable Timing,Near Mint,FALSE,0.05,4,Bin 5,10,4
69b0bf189ca1ed48e7d8b51c,398394927,,1,kld,Impeccable Timing,Near Mint,FALSE,0.03,14,Bin 6,33,2
69b0bf189ca1ed48e7d8b51c,398394927,,1,kld,Impeccable Timing,Near Mint,FALSE,0.03,14,Bin 5,1,8
69b0bf189ca1ed48e7d8b51c,398394927,,1,kld,Impeccable Timing,Near Mint,FALSE,0.03,14,Bin 7,3,1
69b0bf189ca1ed48e7d8b51c,398394927,,1,kld,Impeccable Timing,Near Mint,FALSE,0.03,14,Bin 7,4,3
69e7dda19ca1ed48e7d9af96,409778058,,1,kld,Impeccable Timing,Near Mint,TRUE,0.1,1,Bin 7,5,1
69b0d7f59ca1ed48e7d8b9d5,398406790,,1,thb,Impending Doom,Near Mint,TRUE,0.15,1,Bin 6,36,1
69af68af34ce719e27b74388,398052909,,1,thb,Impending Doom,NM,FALSE,0.03,1,Bin 6,17,1
69e7e4d29ca1ed48e7d9b190,409781974,,1,rix,Imperial Ceratops,Near Mint,FALSE,0.05,1,Bin 7,7,1
69e95c877ecc73c161d9989b,410042482,,1,xln,Imperial Lancer,Near Mint,FALSE,0.05,2,Bin 7,13,2
69efe9344ff24d3a84876dd0,411358512,,1,mma,Imperiosaur,Near Mint,TRUE,0.1,1,Bin 7,20,1
69af4fdc34ce719e27b740c4,397758038,,1,bng,Impetuous Sunchaser,NM,FALSE,0.04,5,Bin 6,13,5
69e43ed49ca1ed48e7d99680,409102774,,1,aer,Implement of Combustion,Near Mint,FALSE,0.16,0,,,
69e43ed49ca1ed48e7d9967d,409102773,,1,aer,Implement of Examination,Near Mint,FALSE,0.03,13,Bin 5,25,13
69e43ed49ca1ed48e7d9967a,409102772,,1,aer,Implement of Ferocity,Near Mint,FALSE,0.05,11,Bin 5,25,9
69e43ed49ca1ed48e7d9967a,409102772,,1,aer,Implement of Ferocity,Near Mint,FALSE,0.05,11,Bin 7,2,2
69e7ce2b9ca1ed48e7d9add5,409769250,,1,aer,Implement of Ferocity,Near Mint,TRUE,0.15,0,,,
69e7ce2a9ca1ed48e7d9adce,409769248,,1,aer,Implement of Improvement,Near Mint,FALSE,0.05,2,Bin 7,2,2
69e43ed49ca1ed48e7d99677,409102771,,1,aer,Implement of Improvement,Near Mint,FALSE,0.03,11,Bin 5,25,11
69e43ed49ca1ed48e7d99674,409102770,,1,aer,Implement of Malice,Near Mint,FALSE,0.03,16,Bin 5,25,6
69e43ed49ca1ed48e7d99674,409102770,,1,aer,Implement of Malice,Near Mint,FALSE,0.03,16,Bin 5,26,10
69e933e87ecc73c161d90c0c,410017337,,1,dsk,Impossible Inferno,Near Mint,FALSE,0.03,16,Bin 1,35,16
69e91b437ecc73c161d8b8d9,409999617,,1,afr,Improvised Weaponry,Near Mint,FALSE,0.05,1,Bin 1,23,1
69e965b57ecc73c161d9b86c,410045331,,1,akh,In Oketra's Name,Near Mint,FALSE,0.03,2,Bin 7,14,2
69e429419ca1ed48e7d9928f,409089692,,1,akh,In Oketra's Name,Near Mint,FALSE,0.05,4,Bin 5,10,4
69c324fc9ca1ed48e7d90b16,402045340,,1,lci,In the Presence of Ages,Near Mint,FALSE,0.04,5,Bin 1,4,5
69e7dda79ca1ed48e7d9affd,409778096,,1,rtr,Inaction Injunction,Near Mint,FALSE,0.05,2,Bin 7,5,2
69e7dda79ca1ed48e7d9affa,409778095,,1,rtr,Inaction Injunction,Near Mint,TRUE,0.15,2,Bin 7,5,2
69e957cc7ecc73c161d9877c,410039876,,1,emn,Incendiary Flow,Near Mint,FALSE,0.06,1,Bin 7,12,1
69e4201a9ca1ed48e7d99073,409080695,,1,kld,Incendiary Sabotage,Near Mint,FALSE,0.05,2,Bin 5,4,2
69e7e0a09ca1ed48e7d9b0b0,409779787,,1,fdn,Incinerating Blast,Near Mint,FALSE,0.03,2,Bin 7,6,2
69b0d7f79ca1ed48e7d8b9ea,398406800,,1,soi,Incorrigible Youths,Near Mint,FALSE,0.04,1,Bin 6,36,1
69b0cca59ca1ed48e7d8b78e,398401830,,1,ktk,Incremental Growth,Near Mint,FALSE,0.03,1,Bin 6,34,1
69b0cca49ca1ed48e7d8b78b,398401828,,1,w16,Incremental Growth,Near Mint,FALSE,0.1,1,Bin 6,34,1
69e7d3c19ca1ed48e7d9ae48,409772215,,1,bfz,Incubator Drone,Near Mint,TRUE,0.1,1,Bin 7,3,1
69af580834ce719e27b74271,397801442,,1,thb,Indomitable Will,NM,FALSE,0.03,1,Bin 6,16,1
69b0d7e89ca1ed48e7d8b902,398406660,,1,thb,Indomitable Will,Near Mint,TRUE,0.1,1,Bin 6,36,1
69af848c9ca1ed48e7d8a688,398179348,,1,m21,Indulging Patrician,Near Mint,FALSE,0.19,1,Bin 6,21,1
69af848c9ca1ed48e7d8a694,398179352,,1,grn,Inescapable Blaze,Near Mint,FALSE,0.03,1,Bin 6,21,1
69b0d7eb9ca1ed48e7d8b937,398406698,,1,thb,Inevitable End,Near Mint,TRUE,0.15,1,Bin 6,36,1
699b796334ce719e27b6e6a1,393859678,,1,mh3,Infernal Captor,NM,FALSE,0.05,1,Bin 6,3,1
69ed59c379f49147a081023a,410864032,,1,khm,Infernal Pet,Near Mint,FALSE,0.03,1,Bin 7,16,1
69b0bf229ca1ed48e7d8b5af,398394988,,1,m19,Inferno Hellion,Near Mint,FALSE,0.04,1,Bin 6,33,1
69e7cbdf9ca1ed48e7d9ad05,409768162,,1,hou,Inferno Jet,Near Mint,FALSE,0.05,1,Bin 7,1,1
699b796234ce719e27b6e680,393859667,,1,ckhm,Inga Rune-Eyes,NM,FALSE,0.03,1,Bin 6,3,1
69b08a9b9ca1ed48e7d8b11c,398343066,,1,cmr,Ingenuity Engine,Near Mint,FALSE,0.08,1,Bin 6,28,1
69e95c837ecc73c161d99845,410042454,,1,ltr,Inherited Envelope,Near Mint,FALSE,0.04,0,,,
69e965ba7ecc73c161d9b95b,410045368,,1,ltr,Inherited Envelope,Near Mint,TRUE,0.1,1,Bin 7,14,1
69e42ea19ca1ed48e7d993c7,409092695,,1,akh,Initiate's Companion,Near Mint,FALSE,0.05,8,Bin 5,14,8
69b04eab9ca1ed48e7d8ae46,398299139,,1,ncc,Inkfathom Witch,Near Mint,FALSE,0.12,1,Bin 6,27,1
69af580834ce719e27b74268,397801406,,1,stx,Inkling Summoning,NM,FALSE,0.04,1,Bin 6,16,1
69af518534ce719e27b7412d,397759302,,1,neo,Inkrise Infiltrator,NM,FALSE,0.03,1,Bin 6,14,1
69e957cb7ecc73c161d9876a,410039870,,1,mm2,Inner-Flame Igniter,Near Mint,TRUE,0.1,2,Bin 7,12,2
69e902597ecc73c161d869bb,409953024,,1,mkm,Innocent Bystander,Near Mint,FALSE,0.03,7,Bin 1,11,7
69e53d259ca1ed48e7d99dbe,409247549,,1,mkm,Innocent Bystander,Near Mint,FALSE,0.05,8,Bin 5,30,2
69e53d259ca1ed48e7d99dbe,409247549,,1,mkm,Innocent Bystander,Near Mint,FALSE,0.05,8,Bin 5,31,2
69e53d259ca1ed48e7d99dbe,409247549,,1,mkm,Innocent Bystander,Near Mint,FALSE,0.05,8,Bin 5,32,2
69e53d259ca1ed48e7d99dbe,409247549,,1,mkm,Innocent Bystander,Near Mint,FALSE,0.05,8,Bin 5,33,1
69e53d259ca1ed48e7d99dbe,409247549,,1,mkm,Innocent Bystander,Near Mint,FALSE,0.05,8,Bin 5,34,1
69e930747ecc73c161d8fff2,410015022,,1,dsk,Innocuous Rat,Near Mint,FALSE,0.03,11,Bin 1,31,11
69e93a257ecc73c161d92176,410020543,,1,nph,Inquisitor Exarch,Near Mint,FALSE,0.12,0,,,
69c3156b9ca1ed48e7d90838,402033812,,1,eld,Insatiable Appetite,Near Mint,TRUE,0.15,2,Bin 6,38,2
69e539339ca1ed48e7d99ce3,409246128,,1,emn,Insatiable Gorgers,Near Mint,FALSE,0.03,4,Bin 5,28,4
69e7ea1c9ca1ed48e7d9b334,409784097,,1,ths,Insatiable Harpy,Near Mint,FALSE,0.03,1,Bin 7,8,1
69e93a277ecc73c161d9219f,410020559,,1,nph,Insatiable Souleater,Near Mint,TRUE,0.1,1,Bin 7,10,1
69e9035d7ecc73c161d86cb0,409953951,,1,mkm,Inside Source,Near Mint,FALSE,0.03,5,Bin 1,12,5
69e541679ca1ed48e7d99ed2,409249331,,1,mkm,Inside Source,Near Mint,FALSE,0.05,7,Bin 5,31,1
69e541679ca1ed48e7d99ed2,409249331,,1,mkm,Inside Source,Near Mint,FALSE,0.05,7,Bin 5,32,1
69e541679ca1ed48e7d99ed2,409249331,,1,mkm,Inside Source,Near Mint,FALSE,0.05,7,Bin 5,33,2
69e541679ca1ed48e7d99ed2,409249331,,1,mkm,Inside Source,Near Mint,FALSE,0.05,7,Bin 5,34,2
69e541679ca1ed48e7d99ed2,409249331,,1,mkm,Inside Source,Near Mint,FALSE,0.05,7,Bin 5,35,1
699a9e1734ce719e27b6e06a,393639368,,1,fin,"Insomnia, Crown City",NM,FALSE,0.04,2,Bin 6,6,1
699a9e1734ce719e27b6e06a,393639368,,1,fin,"Insomnia, Crown City",NM,FALSE,0.04,2,Bin 6,4,1
69b0d7f49ca1ed48e7d8b9bb,398406779,,1,thb,Inspire Awe,Near Mint,TRUE,0.15,1,Bin 6,36,1
69e431da9ca1ed48e7d9949c,409094095,,1,bfz,Inspired Charge,Near Mint,FALSE,0.03,12,Bin 5,16,12
69b0bf1a9ca1ed48e7d8b534,398394937,,1,kld,Inspired Charge,Near Mint,FALSE,0.03,11,Bin 6,33,2
69b0bf1a9ca1ed48e7d8b534,398394937,,1,kld,Inspired Charge,Near Mint,FALSE,0.03,11,Bin 5,1,8
69b0bf1a9ca1ed48e7d8b534,398394937,,1,kld,Inspired Charge,Near Mint,FALSE,0.03,11,Bin 7,3,1
699bb5c434ce719e27b6ea88,393882043,,1,tle,Inspired Insurgent,NM,FALSE,0.11,1,Bin 6,8,1
699b7d3834ce719e27b6e7b4,393860708,,1,mh3,Inspired Inventor,NM,FALSE,0.05,1,Bin 6,2,1
69e91b447ecc73c161d8b8f7,409999630,,1,afr,Inspiring Bard,Near Mint,FALSE,0.05,2,Bin 1,23,2
69b0bf1c9ca1ed48e7d8b54f,398394946,,1,aer,Inspiring Roar,Near Mint,FALSE,0.03,2,Bin 6,33,2
69af4d4234ce719e27b7403b,397707228,,1,fin,Instant Ramen,NM,FALSE,0.04,7,Bin 6,11,7
699b796734ce719e27b6e6d9,393859696,,1,fin,Instant Ramen,NM,TRUE,0.15,1,Bin 6,3,1
69af68ae34ce719e27b74376,398052902,,1,cmr,Intangible Virtue,NM,FALSE,0.09,1,Bin 6,17,1
69e954707ecc73c161d97be6,410037369,,1,ema,Intangible Virtue,Near Mint,TRUE,0.2,1,Bin 7,11,1
69b04eb79ca1ed48e7d8af20,398299285,,1,wot,Intangible Virtue,Near Mint,FALSE,0.09,1,Bin 6,27,1
69c315669ca1ed48e7d907ec,402033623,,1,eld,Into the Story,Near Mint,TRUE,0.25,1,Bin 6,38,1
69c3156e9ca1ed48e7d90867,402033833,,1,eld,Into the Story,Near Mint,TRUE,0.2,1,Bin 6,38,1
69e9243c7ecc73c161d8d72e,410006149,,1,blb,Intrepid Rabbit,Near Mint,FALSE,0.03,8,Bin 1,28,8
69b04ead9ca1ed48e7d8ae6e,398299170,,1,otj,Intrepid Stablemaster,Near Mint,FALSE,0.07,1,Bin 6,27,1
69af580b34ce719e27b742a1,397801670,,1,stx,Introduction to Annihilation,NM,FALSE,0.07,0,,,
69af6d6b34ce719e27b7456a,398149147,,1,grn,Intrusive Packbeast,NM,FALSE,0.03,1,Bin 6,18,1
69efe9344ff24d3a84876db8,411358508,,1,war,Invade the City,Near Mint,FALSE,0.05,1,Bin 7,20,1
69e954747ecc73c161d97c2a,410037391,,1,nph,Invader Parasite,Near Mint,TRUE,0.15,0,,,
69af68b634ce719e27b74401,398052953,,1,tla,Invasion Reinforcements,NM,FALSE,0.03,2,Bin 6,17,2
699bb19c34ce719e27b6e9c2,393880635,,1,tla,Invasion Submersible,NM,FALSE,0.05,1,Bin 6,7,1
69b0425f9ca1ed48e7d8ac4f,398289263,,1,m15,Invasive Species,Near Mint,FALSE,0.1,1,Bin 6,25,1
69e9133d7ecc73c161d89e9f,409980905,,1,otj,Inventive Wingsmith,Near Mint,FALSE,0.03,14,Bin 1,21,14
69e4201a9ca1ed48e7d99070,409080694,,1,kld,Inventor's Apprentice,Near Mint,FALSE,0.05,6,Bin 5,4,4
69e4201a9ca1ed48e7d99070,409080694,,1,kld,Inventor's Apprentice,Near Mint,FALSE,0.05,6,Bin 7,4,1
69e4201a9ca1ed48e7d99070,409080694,,1,kld,Inventor's Apprentice,Near Mint,FALSE,0.05,6,Bin 7,5,1
69c323dc9ca1ed48e7d90ae3,402044757,,1,lci,Inverted Iceberg // Iceberg Titan,Near Mint,FALSE,0.04,9,Bin 1,3,9
69e43dbb9ca1ed48e7d99667,409102127,,1,aer,Invigorated Rampage,Near Mint,FALSE,0.17,10,Bin 5,24,4
69e43dbb9ca1ed48e7d99667,409102127,,1,aer,Invigorated Rampage,Near Mint,FALSE,0.17,10,Bin 7,1,5
69e43dbb9ca1ed48e7d99667,409102127,,1,aer,Invigorated Rampage,Near Mint,FALSE,0.17,10,Bin 7,2,1
69b0425d9ca1ed48e7d8ac22,398289245,,1,aer,Invigorated Rampage,Near Mint,FALSE,0.26,1,Bin 6,25,1
69b0bf1a9ca1ed48e7d8b537,398394938,,1,m19,Invoke the Divine,Near Mint,FALSE,0.03,0,,,
69af68ae34ce719e27b74382,398052906,,1,snc,Involuntary Employment,NM,FALSE,0.03,1,Bin 6,17,1
69af734d9a9ce4ef7aed3d2b,398165963,,1,cmr,Iona's Judgment,NM,FALSE,0.04,1,Bin 6,20,1
69e9098a7ecc73c161d87f86,409966250,,1,otj,Irascible Wolverine,Near Mint,FALSE,0.05,16,Bin 1,19,16
69b0d7ed9ca1ed48e7d8b952,398406716,,1,thb,Iroas's Blessing,Near Mint,TRUE,0.15,2,Bin 6,36,2
699a9e1534ce719e27b6e03c,393639354,,1,fin,Iron Giant,NM,FALSE,0.04,3,Bin 6,6,2
699a9e1534ce719e27b6e03c,393639354,,1,fin,Iron Giant,NM,FALSE,0.04,3,Bin 6,8,1
69af4d4234ce719e27b74038,397707212,,1,fin,Iron Giant,NM,FALSE,0.03,8,Bin 6,11,8
69e4218c9ca1ed48e7d990bf,409081254,,1,kld,Iron League Steed,Near Mint,FALSE,0.05,9,Bin 5,5,6
69e4218c9ca1ed48e7d990bf,409081254,,1,kld,Iron League Steed,Near Mint,FALSE,0.05,9,Bin 7,4,3
69e9098a7ecc73c161d87f83,409966249,,1,otj,Iron-Fist Pulverizer,Near Mint,FALSE,0.05,15,Bin 1,19,15
69e43bdc9ca1ed48e7d9960d,409101635,,1,aer,Ironclad Revolutionary,Near Mint,FALSE,0.03,4,Bin 5,23,4
69c34bfa9ca1ed48e7d90c1a,402068372,,1,lci,Ironpaw Aspirant,Near Mint,FALSE,0.04,4,Bin 1,6,4
69e43fc19ca1ed48e7d996c9,409103260,,1,aer,Irontread Crusher,Near Mint,FALSE,0.03,16,Bin 5,26,16
69b0d7ec9ca1ed48e7d8b946,398406708,,1,thb,Irreverent Revelers,Near Mint,TRUE,0.15,1,Bin 6,36,1
69e7dda89ca1ed48e7d9b00f,409778102,,1,rtr,Isperia's Skywatch,Near Mint,FALSE,0.05,1,Bin 7,5,1
69b046bd9ca1ed48e7d8ad46,398291983,,1,emn,It of the Horrid Swarm,Near Mint,FALSE,0.03,11,Bin 6,26,11
69e7e4da9ca1ed48e7d9b228,409782032,,1,inr,It of the Horrid Swarm,Near Mint,TRUE,0.15,1,Bin 7,7,1
69b0addc9ca1ed48e7d8b2e8,398366925,,1,tla,It'll Quench Ya!,Near Mint,FALSE,0.03,4,Bin 6,30,4
699bb19934ce719e27b6e985,393880613,,1,tla,It'll Quench Ya!,NM,FALSE,0.06,3,Bin 6,7,1
699bb19934ce719e27b6e985,393880613,,1,tla,It'll Quench Ya!,NM,FALSE,0.06,3,Bin 6,8,1
699bb19934ce719e27b6e985,393880613,,1,tla,It'll Quench Ya!,NM,FALSE,0.06,3,Bin 6,9,1
699a9e1c34ce719e27b6e0ca,393639397,,1,fin,Item Shopkeep,NM,FALSE,0.03,10,Bin 6,6,1
699a9e1c34ce719e27b6e0ca,393639397,,1,fin,Item Shopkeep,NM,FALSE,0.03,10,Bin 6,11,9
69e965bc7ecc73c161d9b991,410045393,,1,ltr,Ithilien Kingfisher,Near Mint,FALSE,0.03,1,Bin 7,14,1
69af73489a9ce4ef7aed3cd3,398165921,,1,iko,Ivy Elemental,NM,FALSE,0.04,1,Bin 6,20,1
69b046c29ca1ed48e7d8ad92,398292000,,1,xln,Ixalan's Binding,Near Mint,FALSE,0.03,2,Bin 6,26,1
69b046c29ca1ed48e7d8ad92,398292000,,1,xln,Ixalan's Binding,Near Mint,FALSE,0.03,2,Bin 6,33,1
69b0cca99ca1ed48e7d8b7cb,398401862,,1,xln,Ixalli's Diviner,Near Mint,FALSE,0.04,1,Bin 6,34,1
69e95c897ecc73c161d998c1,410042498,,1,xln,Ixalli's Keeper,Near Mint,FALSE,0.04,2,Bin 7,13,2
69b0cca99ca1ed48e7d8b7ce,398401863,,1,xln,Ixalli's Keeper,Near Mint,FALSE,0.03,2,Bin 6,34,2
69edbdb22f009c9bc4cde024,410924478,,1,dgm,Izzet Cluestone,Near Mint,FALSE,0.03,5,Bin 7,18,5
69edbdb32f009c9bc4cde066,410924497,,1,dgm,Izzet Guildgate,Near Mint,FALSE,0.08,1,Bin 7,18,1
69b0d3489ca1ed48e7d8b819,398404097,,1,rtr,Izzet Guildgate,Near Mint,FALSE,0.04,1,Bin 6,35,1
69e7dd9e9ca1ed48e7d9af60,409778042,,1,rtr,Izzet Guildgate,Near Mint,FALSE,0.06,1,Bin 7,5,1
69b0d3529ca1ed48e7d8b8a6,398404134,,1,rtr,Izzet Keyrune,Near Mint,FALSE,0.04,1,Bin 6,35,1
69af848e9ca1ed48e7d8a6ab,398179359,,1,grn,Izzet Locket,Near Mint,FALSE,0.03,12,Bin 6,21,12
69b08a9b9ca1ed48e7d8b119,398343064,,1,tdc,Izzet Signet,Near Mint,FALSE,0.49,0,,,
69e7cbe09ca1ed48e7d9ad16,409768169,,1,hou,Jace's Defeat,Near Mint,FALSE,0.05,2,Bin 7,1,2
69e7d3c29ca1ed48e7d9ae5a,409772224,,1,bfz,Jaddi Offshoot,Near Mint,TRUE,0.15,0,,,
69b0dd029ca1ed48e7d8ba52,398420428,,1,xln,Jade Guardian,Near Mint,FALSE,0.04,2,Bin 6,37,2
69b0cc9c9ca1ed48e7d8b705,398401751,,1,rix,Jadecraft Artisan,Near Mint,FALSE,0.04,1,Bin 6,34,1
69e53d269ca1ed48e7d99dd9,409247558,,1,mkm,Jaded Analyst,Near Mint,FALSE,0.02,17,Bin 5,30,1
69e53d269ca1ed48e7d99dd9,409247558,,1,mkm,Jaded Analyst,Near Mint,FALSE,0.02,17,Bin 5,31,1
69e53d269ca1ed48e7d99dd9,409247558,,1,mkm,Jaded Analyst,Near Mint,FALSE,0.02,17,Bin 5,32,4
69e53d269ca1ed48e7d99dd9,409247558,,1,mkm,Jaded Analyst,Near Mint,FALSE,0.02,17,Bin 5,34,1
69e53d269ca1ed48e7d99dd9,409247558,,1,mkm,Jaded Analyst,Near Mint,FALSE,0.02,17,Bin 5,35,1
69e53d269ca1ed48e7d99dd9,409247558,,1,mkm,Jaded Analyst,Near Mint,FALSE,0.02,17,Bin 1,10,9
69e91b427ecc73c161d8b8d6,409999615,,1,afr,Jaded Sell-Sword,Near Mint,FALSE,0.05,1,Bin 1,23,1
69e906427ecc73c161d87560,409963654,,1,otj,Jailbreak Scheme,Near Mint,FALSE,0.05,14,Bin 1,15,14
69e41ed49ca1ed48e7d99045,409080153,,1,kld,Janjeet Sentry,Near Mint,FALSE,0.03,3,Bin 5,3,2
69e41ed49ca1ed48e7d99045,409080153,,1,kld,Janjeet Sentry,Near Mint,FALSE,0.03,3,Bin 7,4,1
69b0dd039ca1ed48e7d8ba6e,398420436,,1,dka,Jar of Eyeballs,Near Mint,FALSE,0.1,1,Bin 6,37,1
69ed59c279f49147a081022b,410864027,,1,khm,Jarl of the Forsaken,Near Mint,FALSE,0.03,1,Bin 7,16,1
69e7ede99ca1ed48e7d9b3e1,409786043,,1,eve,Jawbone Skulkin,Near Mint,TRUE,0.15,2,Bin 7,9,2
69ed59be79f49147a08101df,410864003,,1,dgm,Jelenn Sphinx,Near Mint,FALSE,0.05,1,Bin 7,16,1
699a9e2134ce719e27b6e124,393639427,,1,tla,Jeong Jeong's Deserters,NM,FALSE,0.05,2,Bin 6,6,1
699a9e2134ce719e27b6e124,393639427,,1,tla,Jeong Jeong's Deserters,NM,FALSE,0.05,2,Bin 6,8,1
69b0adde9ca1ed48e7d8b30b,398366932,,1,tla,Jeong Jeong's Deserters,Near Mint,FALSE,0.03,2,Bin 6,30,2
69e427c99ca1ed48e7d9922d,409088127,,1,ktk,Jeskai Banner,Near Mint,FALSE,0.05,3,Bin 5,9,3
69b0bf1d9ca1ed48e7d8b55a,398394950,,1,ktk,Jeskai Banner,Near Mint,FALSE,0.03,2,Bin 6,33,1
69b0bf1d9ca1ed48e7d8b55a,398394950,,1,ktk,Jeskai Banner,Near Mint,FALSE,0.03,2,Bin 6,35,1
69e422ca9ca1ed48e7d9913b,409082118,,1,ktk,Jeskai Student,Near Mint,FALSE,0.05,7,Bin 5,6,7
69e422c79ca1ed48e7d9910e,409082103,,1,ktk,Jeskai Windscout,Near Mint,FALSE,0.03,3,Bin 5,6,3
699bb19834ce719e27b6e976,393880608,,1,tla,Jet's Brainwashing,NM,FALSE,0.03,1,Bin 6,7,1
69af542634ce719e27b741c6,397764548,,1,snc,Jetmir's Fixer,Near Mint,FALSE,0.03,2,Bin 6,15,1
69af542634ce719e27b741c6,397764548,,1,snc,Jetmir's Fixer,Near Mint,FALSE,0.03,2,Bin 7,20,1
69b0b7a29ca1ed48e7d8b393,398391696,,1,cns,Jetting Glasskite,Near Mint,FALSE,0.04,2,Bin 6,31,2
69c322e79ca1ed48e7d90a97,402044510,,1,lci,Join the Dead,Near Mint,FALSE,0.04,7,Bin 1,2,7
699a9e1f34ce719e27b6e10c,393639419,,1,tla,"Joo Dee, One of Many",NM,TRUE,0.15,1,Bin 6,6,1
69af68ad34ce719e27b74370,398052900,,1,mom,Joyful Stormsculptor,NM,FALSE,0.03,1,Bin 6,17,1
69e534489ca1ed48e7d99b10,409242798,,1,fdn,Juggernaut,Near Mint,FALSE,0.05,3,Bin 5,27,2
69e534489ca1ed48e7d99b10,409242798,,1,fdn,Juggernaut,Near Mint,FALSE,0.05,3,Bin 7,6,1
69e9359b7ecc73c161d911c6,410018274,,1,dsk,Jump Scare,Near Mint,FALSE,0.03,14,Bin 1,37,14
69b0cca09ca1ed48e7d8b74a,398401789,,1,rix,Jungle Creeper,Near Mint,FALSE,0.03,2,Bin 6,34,1
69b0cca09ca1ed48e7d8b74a,398401789,,1,rix,Jungle Creeper,Near Mint,FALSE,0.03,2,Bin 7,7,1
69e95c897ecc73c161d998c4,410042499,,1,xln,Jungle Delver,Near Mint,FALSE,0.03,1,Bin 7,13,1
69b0cca99ca1ed48e7d8b7d1,398401865,,1,xln,Jungle Delver,Near Mint,FALSE,0.04,1,Bin 6,34,1
699bbb7e34ce719e27b6ec6a,393884990,,1,c18,Jungle Hollow,NM,FALSE,0.11,1,Bin 6,10,1
69e534489ca1ed48e7d99b13,409242800,,1,fdn,Jungle Hollow,Near Mint,FALSE,0.05,1,Bin 5,27,1
69b0d3499ca1ed48e7d8b82a,398404102,,1,ktk,Jungle Hollow,Near Mint,FALSE,0.03,2,Bin 6,35,2
69b0cc9c9ca1ed48e7d8b708,398401753,,1,rix,Jungleborn Pioneer,Near Mint,FALSE,0.03,1,Bin 6,34,1
69b0426c9ca1ed48e7d8ad08,398289330,,1,mh2,Junk Winder,Near Mint,FALSE,0.1,5,Bin 6,25,5
69e9243a7ecc73c161d8d70a,410006136,,1,blb,Junkblade Bruiser,Near Mint,FALSE,0.03,8,Bin 1,28,8
69e91b3f7ecc73c161d8b89a,409999567,,1,uma,Just the Wind,Near Mint,FALSE,0.03,1,Bin 1,23,1
69af68ab34ce719e27b74341,398052883,,1,rna,Justiciar's Portal,NM,FALSE,0.03,0,,,
69af918a9ca1ed48e7d8a82d,398187806,,1,zen,Jwar Isle Refuge,Near Mint,FALSE,0.06,2,Bin 6,28,1
69af918a9ca1ed48e7d8a82d,398187806,,1,zen,Jwar Isle Refuge,Near Mint,FALSE,0.06,2,Bin 6,23,1
69e7d3c59ca1ed48e7d9ae8c,409772240,,1,bfz,Kalastria Healer,Near Mint,TRUE,0.15,2,Bin 7,3,2
69e433fa9ca1ed48e7d994f9,409095207,,1,bfz,Kalastria Healer,Near Mint,FALSE,0.03,10,Bin 5,18,10
69e433fa9ca1ed48e7d994f6,409095206,,1,bfz,Kalastria Nightwatch,Near Mint,FALSE,0.03,12,Bin 5,18,12
69af6d6934ce719e27b74547,398148942,,1,neo,Kami of Industry,NM,FALSE,0.03,1,Bin 6,18,1
69af6d6934ce719e27b7454a,398148962,,1,neo,Kami's Flare,NM,FALSE,0.03,1,Bin 6,18,1
699bb5cb34ce719e27b6eb0d,393882076,,1,spm,Kapow!,NM,FALSE,0.03,2,Bin 6,8,1
699bb5cb34ce719e27b6eb0d,393882076,,1,spm,Kapow!,NM,FALSE,0.03,2,Bin 6,17,1
699bb5cb34ce719e27b6eafd,393882072,,1,spm,Kapow!,NM,TRUE,0.15,1,Bin 6,8,1
69af4ea234ce719e27b7408d,397738571,,1,bng,Karametra's Favor,NM,FALSE,0.03,7,Bin 6,12,7
69ed59c879f49147a081029f,410864066,,1,khm,Karfell Harbinger,Near Mint,FALSE,0.03,2,Bin 7,16,2
69ed59c379f49147a081023d,410864033,,1,khm,Karfell Kennel-Master,Near Mint,FALSE,0.02,1,Bin 7,16,1
69c324fc9ca1ed48e7d90b13,402045339,,1,lci,Kaslem's Stonetree // Kaslem's Strider,Near Mint,FALSE,0.04,9,Bin 1,4,9
69efe9394ff24d3a84876e8a,411358542,,1,war,Kasmina's Transmutation,Near Mint,FALSE,0.03,1,Bin 7,20,1
69c321959ca1ed48e7d90a2e,402043030,,1,a25,Kavu Climber,Near Mint,FALSE,0.04,2,Bin 1,1,2
69e957d37ecc73c161d987f9,410039917,,1,mm2,Kavu Primarch,Near Mint,TRUE,0.1,1,Bin 7,12,1
69b03d1e9ca1ed48e7d8ab55,398283171,,1,tsr,Kavu Primarch,Slightly Played,TRUE,0.15,1,Bin 6,24,1
699bbb7e34ce719e27b6ec70,393884996,,1,c18,Kazandu Refuge,NM,FALSE,0.18,0,,,
69b0d34a9ca1ed48e7d8b838,398404106,,1,ddh,Kazandu Refuge,Near Mint,FALSE,0.12,1,Bin 6,35,1
69b08a909ca1ed48e7d8b066,398342944,,1,zen,Kazandu Refuge,Near Mint,FALSE,0.04,0,,,
69b0ccaa9ca1ed48e7d8b7d6,398401866,,1,znr,Kazandu Stomper,Near Mint,FALSE,0.03,1,Bin 6,34,1
69e7dda29ca1ed48e7d9afa1,409778061,,1,rtr,Keening Apparition,Near Mint,FALSE,0.05,1,Bin 7,5,1
69af580934ce719e27b7427d,397801498,,1,iko,Keep Safe,NM,FALSE,0.09,0,,,
69b03d1d9ca1ed48e7d8ab49,398283166,,1,tsr,Keldon Halberdier,Near Mint,TRUE,0.15,1,Bin 6,24,1
69b046c49ca1ed48e7d8adb9,398292012,,1,fut,Keldon Megaliths,Near Mint,FALSE,0.04,1,Bin 6,26,1
69af734a9a9ce4ef7aed3cf4,398165939,,1,stx,Kelpie Guide,NM,FALSE,0.11,0,,,
69c315699ca1ed48e7d90821,402033804,,1,eld,Kenrith's Transformation,Near Mint,TRUE,2,1,Bin 6,38,1
69af68af34ce719e27b74391,398052913,,1,cmr,"Keskit, the Flesh Sculptor",NM,FALSE,0.04,1,Bin 6,17,1
69af68b134ce719e27b743b5,398052928,,1,emn,Kessig Prowler // Sinuous Predator,NM,FALSE,0.07,1,Bin 6,17,1
69af734b9a9ce4ef7aed3d00,398165945,,1,iko,Ketria Crystal,NM,FALSE,0.06,1,Bin 6,20,1
69e4307d9ca1ed48e7d9943a,409093670,,1,akh,Khenra Charioteer,Near Mint,FALSE,0.11,1,Bin 5,15,1
69e4244d9ca1ed48e7d99179,409082833,,1,ktk,Kheru Dreadmaw,Near Mint,FALSE,0.03,7,Bin 5,7,7
69eea6d22f009c9bc4d74899,411068530,,1,dft,Kickoff Celebrations,Near Mint,FALSE,0.04,1,Bin 7,19,1
69e422ca9ca1ed48e7d99138,409082117,,1,ktk,Kill Shot,Near Mint,FALSE,0.05,3,Bin 5,6,3
69e7e09f9ca1ed48e7d9b098,409779778,,1,snc,Kill Shot,Near Mint,FALSE,0.03,1,Bin 7,6,1
69e425909ca1ed48e7d9919f,409083528,,1,ktk,Kin-Tree Warden,Near Mint,FALSE,0.05,8,Bin 5,8,8
69e923457ecc73c161d8d3df,410005635,,1,blb,Kindlespark Duo,Near Mint,FALSE,0.05,9,Bin 1,27,9
69b0dd079ca1ed48e7d8baa3,398420449,,1,vow,Kindly Ancestor // Ancestor's Embrace,Near Mint,TRUE,0.1,1,Bin 6,37,1
69e7ea149ca1ed48e7d9b2a4,409784043,,1,soi,Kindly Stranger // Demon-Possessed Witch,Near Mint,TRUE,0.15,1,Bin 7,8,1
69af86da9ca1ed48e7d8a728,398181816,,1,khm,King Harald's Revenge,Near Mint,TRUE,0.15,1,Bin 6,22,1
69ed59c479f49147a081025b,410864043,,1,khm,King Harald's Revenge,Near Mint,FALSE,0.03,3,Bin 7,16,3
69af734e9a9ce4ef7aed3d45,398165976,,1,cmr,Kinsbaile Courier,NM,FALSE,0.04,1,Bin 6,20,1
69b0bf279ca1ed48e7d8b5f2,398395009,,1,rix,Kitesail Corsair,Near Mint,FALSE,0.03,3,Bin 6,33,1
69b0bf279ca1ed48e7d8b5f2,398395009,,1,rix,Kitesail Corsair,Near Mint,FALSE,0.03,3,Bin 6,38,1
69b0bf279ca1ed48e7d8b5f2,398395009,,1,rix,Kitesail Corsair,Near Mint,FALSE,0.03,3,Bin 7,7,1
69e431da9ca1ed48e7d99499,409094094,,1,bfz,Kitesail Scout,Near Mint,FALSE,0.03,8,Bin 5,16,8
69af6d6934ce719e27b74552,398149006,,1,cmr,Kitesail Skirmisher,NM,FALSE,0.04,1,Bin 6,18,1
69e70c319ca1ed48e7d9a8f1,409616275,,1,mkm,Knife,Near Mint,FALSE,0.05,1,Bin 5,36,1
69af91849ca1ed48e7d8a7b0,398187766,,1,woe,Knight of Doves,Near Mint,FALSE,0.04,2,Bin 6,23,2
69c321929ca1ed48e7d909f2,402043009,,1,a25,Knight of the Skyward Eye,Near Mint,FALSE,0.04,1,Bin 1,1,1
69e965bc7ecc73c161d9b988,410045389,,1,cltr,Knights of Dol Amroth,Near Mint,FALSE,0.03,1,Bin 7,14,1
699bb19334ce719e27b6e91c,393880578,,1,tla,Knowledge Seeker,NM,FALSE,0.03,1,Bin 6,7,1
69af68ba34ce719e27b7443c,398052972,,1,tle,Koala-Sheep,NM,FALSE,0.04,1,Bin 6,17,1
69ed5f1c79f49147a081337c,410865356,,1,dtk,Kolaghan Aspirant,Near Mint,TRUE,0.1,1,Bin 7,17,1
69e431da9ca1ed48e7d99496,409094093,,1,bfz,Kor Bladewhirl,Near Mint,FALSE,0.03,4,Bin 5,16,4
69e7d3c39ca1ed48e7d9ae6e,409772230,,1,bfz,Kor Bladewhirl,Near Mint,TRUE,0.1,3,Bin 7,3,3
69e431da9ca1ed48e7d99493,409094092,,1,bfz,Kor Castigator,Near Mint,FALSE,0.03,13,Bin 5,16,13
69e431d99ca1ed48e7d99490,409094091,,1,bfz,Kor Entanglers,Near Mint,FALSE,0.03,0,,,
69ed59be79f49147a08101dc,410864002,,1,dgm,Korozda Gorgon,Near Mint,FALSE,0.05,1,Bin 7,16,1
69e93a2e7ecc73c161d9221d,410020621,,1,ogw,Kozilek's Pathfinder,Near Mint,TRUE,0.1,1,Bin 7,10,1
69e7d3bf9ca1ed48e7d9ae2c,409772207,,1,bfz,Kozilek's Sentinel,Near Mint,TRUE,0.15,1,Bin 7,3,1
69e4375e9ca1ed48e7d99549,409099415,,1,bfz,Kozilek's Sentinel,Near Mint,FALSE,0.05,9,Bin 5,19,9
69b08a979ca1ed48e7d8b0d7,398343018,,1,ogw,Kozilek's Translator,Near Mint,TRUE,0.15,1,Bin 6,28,1
69af4fdc34ce719e27b740c7,397758039,,1,bng,Kragma Butcher,NM,FALSE,0.02,11,Bin 6,13,11
69efe9374ff24d3a84876e2f,411358527,,1,war,Kraul Stinger,Near Mint,FALSE,0.03,1,Bin 7,20,1
69edbdaf2f009c9bc4cddfaa,410924444,,1,dgm,Kraul Warrior,Near Mint,FALSE,0.03,1,Bin 7,18,1
699bb5cb34ce719e27b6eb07,393882074,,1,spm,Kraven's Cats,NM,FALSE,0.03,1,Bin 6,8,1
699b7d3134ce719e27b6e731,393860668,,1,tor,Krosan Restorer,LP,FALSE,0.09,0,,,
69e70c329ca1ed48e7d9a8ff,409616279,,1,mkm,Krovod Haunch,Near Mint,FALSE,0.05,2,Bin 5,36,2
69e7e4d89ca1ed48e7d9b20d,409782022,,1,inr,Kruin Outlaw // Terror of Kruin Pass,Near Mint,TRUE,0.35,1,Bin 7,7,1
69e4244d9ca1ed48e7d99176,409082832,,1,ktk,Krumar Bond-Kin,Near Mint,FALSE,0.05,2,Bin 5,7,2
69e96e617ecc73c161d9d7e4,410048733,,1,jou,Kruphix's Insight,Near Mint,TRUE,0.2,3,Bin 7,15,3
69e7dda59ca1ed48e7d9afdf,409778086,,1,kld,Kujar Seedsculptor,Near Mint,FALSE,0.05,1,Bin 7,5,1
69b046c29ca1ed48e7d8ad98,398292002,,1,xln,Kumena's Speaker,Near Mint,FALSE,0.04,2,Bin 6,26,1
69b046c29ca1ed48e7d8ad98,398292002,,1,xln,Kumena's Speaker,Near Mint,FALSE,0.04,2,Bin 6,39,1
699bb1a034ce719e27b6ea02,393880655,,1,tla,Kyoshi Battle Fan,Near Mint,FALSE,0.03,5,Bin 6,7,1
699bb1a034ce719e27b6ea02,393880655,,1,tla,Kyoshi Battle Fan,Near Mint,FALSE,0.03,5,Bin 6,8,1
699bb1a034ce719e27b6ea02,393880655,,1,tla,Kyoshi Battle Fan,Near Mint,FALSE,0.03,5,Bin 6,17,1
699bb1a034ce719e27b6ea02,393880655,,1,tla,Kyoshi Battle Fan,Near Mint,FALSE,0.03,5,Bin 6,29,2
699bb19b34ce719e27b6e9a8,393880625,,1,tla,Kyoshi Village,NM,FALSE,0.05,0,,,
69af68b434ce719e27b743e9,398052945,,1,tla,Kyoshi Village,NM,FALSE,0.06,0,,,
69af70129a9ce4ef7aed3c83,398161637,,1,tle,Kyoshi Warrior Guard,NM,FALSE,0.04,1,Bin 6,19,1
699bb1a134ce719e27b6ea0a,393880657,,1,tla,Kyoshi Warriors,Near Mint,FALSE,0.03,6,Bin 6,7,1
699bb1a134ce719e27b6ea0a,393880657,,1,tla,Kyoshi Warriors,Near Mint,FALSE,0.03,6,Bin 6,17,1
699bb1a134ce719e27b6ea0a,393880657,,1,tla,Kyoshi Warriors,Near Mint,FALSE,0.03,6,Bin 6,30,4
69e42aa69ca1ed48e7d992ee,409089981,,1,akh,Labyrinth Guardian,Near Mint,FALSE,0.05,2,Bin 5,11,2
69b0dd089ca1ed48e7d8bab2,398420454,,1,vow,Lacerate Flesh,Near Mint,TRUE,0.1,1,Bin 6,37,1
69e96e577ecc73c161d9d6ec,410048679,,1,jou,Lagonna-Band Trailblazer,Near Mint,TRUE,0.4,0,,,
69e534549ca1ed48e7d99bc5,409242931,,1,mid,Lambholt Harrier,Near Mint,FALSE,0.03,1,Bin 5,27,1
69b08a999ca1ed48e7d8b0f5,398343040,,1,mh1,Lancer Sliver,Near Mint,FALSE,0.03,1,Bin 6,28,1
69b0cc9e9ca1ed48e7d8b727,398401773,,1,kld,Larger Than Life,Near Mint,FALSE,0.03,2,Bin 6,34,2
69e965bb7ecc73c161d9b976,410045382,,1,cltr,Lash of the Balrog,Near Mint,FALSE,0.03,2,Bin 7,14,2
69b046be9ca1ed48e7d8ad5a,398291990,,1,emn,Lashweed Lurker,Near Mint,FALSE,0.03,2,Bin 6,26,1
69b046be9ca1ed48e7d8ad5a,398291990,,1,emn,Lashweed Lurker,Near Mint,FALSE,0.03,2,Bin 5,28,1
69e7cbdf9ca1ed48e7d9acff,409768160,,1,aer,Lathnu Sailback,Near Mint,TRUE,0.1,1,Bin 7,1,1
699a9e1634ce719e27b6e056,393639362,,1,fin,Laughing Mad,NM,FALSE,0.04,0,,,
699bbb7c34ce719e27b6ec49,393884975,,1,grn,Lava Coil,NM,FALSE,0.05,1,Bin 6,10,1
69e4375d9ca1ed48e7d99531,409099407,,1,bfz,Lavastep Raider,Near Mint,FALSE,0.03,9,Bin 5,19,9
69e4201c9ca1ed48e7d99088,409080705,,1,kld,Lawless Broker,Near Mint,FALSE,0.03,9,Bin 5,4,8
69e4201c9ca1ed48e7d99088,409080705,,1,kld,Lawless Broker,Near Mint,FALSE,0.03,9,Bin 7,4,1
69e96e5d7ecc73c161d9d75e,410048713,,1,akh,Lay Bare the Heart,Near Mint,FALSE,0.04,3,Bin 7,15,3
69e42c299ca1ed48e7d99364,409090866,,1,akh,Lay Bare the Heart,Near Mint,FALSE,0.05,2,Bin 5,12,2
69e42aa69ca1ed48e7d992eb,409089980,,1,akh,Lay Claim,Near Mint,FALSE,0.05,1,Bin 5,11,1
69e70c379ca1ed48e7d9a960,409616305,,1,mkm,Lead Pipe,Near Mint,FALSE,0.05,1,Bin 5,36,1
69b08a9b9ca1ed48e7d8b116,398343060,,1,som,Leaden Myr,Near Mint,FALSE,0.38,1,Bin 6,28,1
69e7ea1a9ca1ed48e7d9b304,409784079,,1,ths,Leafcrown Dryad,Near Mint,TRUE,0.1,1,Bin 7,8,1
69b0bb1c9ca1ed48e7d8b471,398393228,,1,grn,Leapfrog,Near Mint,FALSE,0.03,1,Bin 6,32,1
69e425939ca1ed48e7d991c9,409083542,,1,ktk,Leaping Master,Near Mint,FALSE,0.03,5,Bin 5,8,5
69b0bb239ca1ed48e7d8b4c9,398393261,,1,aer,Leave in the Dust,Near Mint,FALSE,0.03,12,Bin 6,32,1
69b0bb239ca1ed48e7d8b4c9,398393261,,1,aer,Leave in the Dust,Near Mint,FALSE,0.03,12,Bin 5,22,11
69e954727ecc73c161d97c0c,410037381,,1,nph,Leeching Bite,Near Mint,TRUE,0.15,0,,,
69e535b99ca1ed48e7d99c7f,409244298,,1,mkm,Leering Onlooker,Near Mint,FALSE,0.05,3,Bin 5,8,1
69e535b99ca1ed48e7d99c7f,409244298,,1,mkm,Leering Onlooker,Near Mint,FALSE,0.05,3,Bin 5,36,2
69e95c867ecc73c161d9988a,410042477,,1,xln,Legion Conquistador,Near Mint,FALSE,0.03,7,Bin 7,13,7
69b0b7a69ca1ed48e7d8b3df,398391720,,1,xln,Legion Conquistador,Near Mint,FALSE,0.03,2,Bin 6,31,2
69e427c89ca1ed48e7d9922a,409088126,,1,ktk,Lens of Clarity,Near Mint,FALSE,0.05,2,Bin 5,9,2
699bbb8034ce719e27b6ec91,393885012,,1,c17,Leonin Relic-Warder,NM,FALSE,0.23,1,Bin 6,10,1
69b08a919ca1ed48e7d8b07a,398342960,,1,mbs,Leonin Relic-Warder,Near Mint,FALSE,0.04,1,Bin 6,28,1
69af86d99ca1ed48e7d8a717,398181811,,1,m19,Leonin Vanguard,Near Mint,FALSE,0.1,1,Bin 6,22,1
69b0d7f19ca1ed48e7d8b997,398406759,,1,thb,Leonin of the Lost Pride,Near Mint,TRUE,0.1,1,Bin 6,36,1
69af542234ce719e27b74188,397764526,,1,thb,Leonin of the Lost Pride,NM,FALSE,0.03,1,Bin 6,15,1
69b042659ca1ed48e7d8aca4,398289297,,1,stx,Letter of Acceptance,Near Mint,FALSE,0.03,0,,,
69af542434ce719e27b7419c,397764532,,1,m21,Library Larcenist,NM,FALSE,0.04,1,Bin 6,15,1
69e7ce289ca1ed48e7d9ada6,409769232,,1,aer,Lifecraft Cavalry,Near Mint,FALSE,0.03,3,Bin 7,2,3
69e43db99ca1ed48e7d99648,409102120,,1,aer,Lifecrafter's Gift,Near Mint,FALSE,0.05,6,Bin 5,24,4
69e43db99ca1ed48e7d99648,409102120,,1,aer,Lifecrafter's Gift,Near Mint,FALSE,0.05,6,Bin 7,2,2
69af542234ce719e27b7417c,397764521,,1,cmr,Lifecrafter's Gift,NM,FALSE,0.03,1,Bin 6,15,1
69e9243c7ecc73c161d8d72b,410006148,,1,blb,Lifecreed Duo,Near Mint,FALSE,0.04,5,Bin 1,28,5
69e438609ca1ed48e7d99567,409099696,,1,bfz,Lifespring Druid,Near Mint,FALSE,0.03,9,Bin 5,20,9
69af4ea334ce719e27b740a0,397738698,,1,fin,Light of Judgment,NM,FALSE,0.03,9,Bin 6,12,9
69e9546b7ecc73c161d97b89,410037339,,1,tdm,Lightfoot Technique,Near Mint,TRUE,0.15,1,Bin 7,11,1
69b0c7639ca1ed48e7d8b6a5,398398112,,1,jou,Lightning Diadem,Near Mint,FALSE,0.04,1,Bin 6,33,1
69af84909ca1ed48e7d8a6d8,398179375,,1,m19,Lightning Mare,Near Mint,FALSE,0.03,4,Bin 6,21,2
69af84909ca1ed48e7d8a6d8,398179375,,1,m19,Lightning Mare,Near Mint,FALSE,0.03,4,Bin 6,24,1
69af84909ca1ed48e7d8a6d8,398179375,,1,m19,Lightning Mare,Near Mint,FALSE,0.03,4,Bin 6,26,1
69af6d5d34ce719e27b74482,398147727,,1,tla,Lightning Strike,Near Mint,FALSE,0.03,3,Bin 6,18,1
69af6d5d34ce719e27b74482,398147727,,1,tla,Lightning Strike,Near Mint,FALSE,0.03,3,Bin 6,30,2
69e91e317ecc73c161d8c2bf,410002356,,1,blb,Lightshell Duo,Near Mint,FALSE,0.03,8,Bin 1,25,8
69af70119a9ce4ef7aed3c66,398161626,,1,blb,Lightshell Duo,NM,FALSE,0.03,3,Bin 6,19,3
69e7cbdd9ca1ed48e7d9acdd,409768149,,1,hou,Liliana's Defeat,Near Mint,TRUE,0.15,1,Bin 7,1,1
69e957d07ecc73c161d987c7,410039901,,1,emn,Liliana's Elite,Near Mint,FALSE,0.03,1,Bin 7,12,1
69e539359ca1ed48e7d99cfc,409246136,,1,emn,Liliana's Elite,Near Mint,FALSE,0.05,2,Bin 5,28,2
699b7d3b34ce719e27b6e7e4,393860720,,1,mh3,Lion Umbra,NM,TRUE,0.15,1,Bin 6,2,1
69e431d99ca1ed48e7d9948d,409094090,,1,bfz,Lithomancer's Focus,Near Mint,FALSE,0.03,10,Bin 5,16,10
69e9359b7ecc73c161d911c3,410018271,,1,dsk,Living Phone,Near Mint,FALSE,0.03,10,Bin 1,37,10
69e534459ca1ed48e7d99aec,409242762,,1,fdn,Llanowar Elves,Near Mint,FALSE,0.05,0,,,
699bb19f34ce719e27b6e9f3,393880652,,1,tla,"Lo and Li, Twin Tutors",NM,FALSE,0.05,1,Bin 6,7,1
69e7ea109ca1ed48e7d9b259,409783998,,1,soi,Loam Dryad,Near Mint,TRUE,0.1,1,Bin 7,8,1
69e93a2c7ecc73c161d921f2,410020602,,1,ogw,Loam Larva,Near Mint,TRUE,0.1,3,Bin 7,10,3
69e906427ecc73c161d8755d,409963653,,1,otj,Loan Shark,Near Mint,FALSE,0.05,12,Bin 1,15,3
69e906427ecc73c161d8755d,409963653,,1,otj,Loan Shark,Near Mint,FALSE,0.05,12,Bin 1,16,9
69b0d7f29ca1ed48e7d8b9a9,398406771,,1,thb,Loathsome Chimera,Near Mint,TRUE,0.1,1,Bin 6,36,1
69af734c9a9ce4ef7aed3d1f,398165957,,1,eld,Locthwain Gargoyle,NM,FALSE,0.03,1,Bin 6,20,1
69c3156b9ca1ed48e7d90841,402033815,,1,eld,Locthwain Paladin,Near Mint,TRUE,0.15,1,Bin 6,38,1
699bbb7a34ce719e27b6ec21,393884962,,1,ecl,Lofty Dreams,NM,FALSE,0.05,1,Bin 6,10,1
69b042689ca1ed48e7d8acd3,398289312,,1,celd,Lonesome Unicorn // Rider in Need,Near Mint,FALSE,0.09,3,Bin 6,25,2
69b042689ca1ed48e7d8acd3,398289312,,1,celd,Lonesome Unicorn // Rider in Need,Near Mint,FALSE,0.09,3,Bin 6,26,1
69e539319ca1ed48e7d99cbf,409246116,,1,emn,Long Road Home,Near Mint,FALSE,0.14,2,Bin 5,28,2
69e41ed39ca1ed48e7d99042,409080152,,1,kld,Long-Finned Skywhale,Near Mint,FALSE,0.03,2,Bin 5,3,2
69e425909ca1ed48e7d9919c,409083527,,1,ktk,Longshot Squad,Near Mint,FALSE,0.05,5,Bin 5,8,5
69e920ca7ecc73c161d8cb4a,410003520,,1,blb,Longstalk Brawl,Near Mint,FALSE,0.05,8,Bin 1,26,8
69e4218f9ca1ed48e7d990ef,409081298,,1,kld,Longtusk Cub,Near Mint,FALSE,0.05,10,Bin 7,4,7
69e4218f9ca1ed48e7d990ef,409081298,,1,kld,Longtusk Cub,Near Mint,FALSE,0.05,10,Bin 5,5,3
69b046c59ca1ed48e7d8adcd,398292018,,1,kld,Longtusk Cub,Near Mint,FALSE,0.04,0,,,
69e7d7859ca1ed48e7d9aeec,409773407,,1,kld,Longtusk Cub,Near Mint,TRUE,0.15,1,Bin 7,4,1
69b046c59ca1ed48e7d8add0,398292019,,1,xln,Lookout's Dispersal,Near Mint,TRUE,0.35,1,Bin 6,26,1
69e95c887ecc73c161d998ac,410042487,,1,xln,Lookout's Dispersal,Near Mint,TRUE,0.3,2,Bin 7,13,2
69b0b7a69ca1ed48e7d8b3e2,398391721,,1,xln,Looming Altisaur,Near Mint,FALSE,0.03,1,Bin 6,31,1
69b0425f9ca1ed48e7d8ac49,398289261,,1,bfz,Looming Spires,Near Mint,FALSE,0.1,1,Bin 6,25,1
69e439ce9ca1ed48e7d995a6,409100244,,1,bfz,Looming Spires,Near Mint,FALSE,0.03,6,Bin 5,21,6
69b04eb59ca1ed48e7d8aeff,398299273,,1,ncc,Looter il-Kor,Near Mint,FALSE,0.1,1,Bin 6,27,1
699b796734ce719e27b6e6e7,393859700,,1,fin,Loporrit Scout,NM,TRUE,0.15,1,Bin 6,3,1
699b795d34ce719e27b6e63c,393859656,,1,fin,Loporrit Scout,NM,FALSE,0.04,1,Bin 6,3,1
69e42c299ca1ed48e7d99361,409090865,,1,akh,Lord of the Accursed,Near Mint,FALSE,0.13,1,Bin 5,12,1
69af6d6634ce719e27b74515,398148657,,1,mh2,Lose Focus,NM,FALSE,0.2,0,,,
69af70139a9ce4ef7aed3c95,398161641,,1,tla,Lost Days,Near Mint,FALSE,0.03,3,Bin 6,19,1
69af70139a9ce4ef7aed3c95,398161641,,1,tla,Lost Days,Near Mint,FALSE,0.03,3,Bin 6,30,2
699bb19334ce719e27b6e913,393880575,,1,tle,Lost in the Spirit World,NM,FALSE,0.1,1,Bin 6,7,1
69e965b77ecc73c161d9b911,410045347,,1,ltr,Lothlórien Lookout,Near Mint,FALSE,0.03,2,Bin 7,14,2
69e91cfb7ecc73c161d8bebc,410001549,,1,uma,Lotus-Eye Mystics,Near Mint,FALSE,0.03,2,Bin 1,24,2
69e9546b7ecc73c161d97b8c,410037340,,1,tdm,Loxodon Battle Priest,Near Mint,FALSE,0.05,1,Bin 7,11,1
69e93a267ecc73c161d92182,410020548,,1,nph,Loxodon Convert,Near Mint,TRUE,0.1,0,,,
69e53d259ca1ed48e7d99dc1,409247550,,1,mkm,Loxodon Eavesdropper,Near Mint,FALSE,0.03,9,Bin 5,30,1
69e53d259ca1ed48e7d99dc1,409247550,,1,mkm,Loxodon Eavesdropper,Near Mint,FALSE,0.03,9,Bin 5,31,1
69e53d259ca1ed48e7d99dc1,409247550,,1,mkm,Loxodon Eavesdropper,Near Mint,FALSE,0.03,9,Bin 5,32,3
69e53d259ca1ed48e7d99dc1,409247550,,1,mkm,Loxodon Eavesdropper,Near Mint,FALSE,0.03,9,Bin 5,34,3
69e53d259ca1ed48e7d99dc1,409247550,,1,mkm,Loxodon Eavesdropper,Near Mint,FALSE,0.03,9,Bin 5,35,1
69e900677ecc73c161d863a0,409951404,,1,mkm,Loxodon Eavesdropper,Near Mint,FALSE,0.02,0,,,
69b0bf219ca1ed48e7d8b5a0,398394978,,1,m19,Loxodon Line Breaker,Near Mint,FALSE,0.03,1,Bin 6,33,1
69efe93e4ff24d3a84876f59,411358576,,1,war,Loxodon Sergeant,Near Mint,FALSE,0.04,1,Bin 7,20,1
69c321919ca1ed48e7d909ef,402043008,,1,a25,Loyal Sentry,Near Mint,FALSE,0.03,0,,,
699bbb7e34ce719e27b6ec73,393884997,,1,c18,Loyal Subordinate,NM,FALSE,0.35,1,Bin 6,10,1
69b03d1f9ca1ed48e7d8ab61,398283175,,1,mh2,Lucid Dreams,Near Mint,FALSE,0.03,6,Bin 6,24,1
69b03d1f9ca1ed48e7d8ab61,398283175,,1,mh2,Lucid Dreams,Near Mint,FALSE,0.03,6,Bin 6,25,5
69af734c9a9ce4ef7aed3d25,398165960,,1,neo,Lucky Offering,NM,FALSE,0.03,1,Bin 6,20,1
69c321959ca1ed48e7d90a2b,402043029,,1,a25,Lull,Near Mint,FALSE,0.06,1,Bin 1,1,1
69e70c389ca1ed48e7d9a971,409616310,,1,mkm,Lumbering Laundry,Near Mint,FALSE,0.03,2,Bin 5,36,2
69af6d5e34ce719e27b74491,398147880,,1,mid,Lunar Frenzy,NM,FALSE,0.03,1,Bin 6,18,1
69b0dd099ca1ed48e7d8babb,398420457,,1,vow,Lunar Rejection,Near Mint,TRUE,0.1,1,Bin 6,37,1
69c321919ca1ed48e7d909ec,402043007,,1,a25,Lunarch Mantle,Near Mint,FALSE,0.03,2,Bin 1,1,2
69af4d4234ce719e27b74035,397707199,,1,fin,Lunatic Pandora,NM,FALSE,0.03,6,Bin 6,11,6
69e965ba7ecc73c161d9b961,410045371,,1,akh,Luxa River Shrine,Near Mint,TRUE,0.1,1,Bin 7,14,1
69e4307b9ca1ed48e7d99413,409093656,,1,akh,Luxa River Shrine,Near Mint,FALSE,0.05,4,Bin 5,15,4
69ed59c079f49147a0810205,410864015,,1,dgm,Lyev Decree,Near Mint,FALSE,0.04,2,Bin 7,16,1
69ed59c079f49147a0810205,410864015,,1,dgm,Lyev Decree,Near Mint,FALSE,0.04,2,Bin 7,17,1
69edbdb02f009c9bc4cddfc9,410924453,,1,dgm,Lyev Decree,Near Mint,FALSE,0.03,2,Bin 7,18,2
69af86db9ca1ed48e7d8a73f,398181823,,1,tsr,Lymph Sliver,Near Mint,TRUE,0.15,1,Bin 6,22,1
69e54d439ca1ed48e7d99f94,409255068,,1,mkm,Macabre Reconstruction,Near Mint,FALSE,0.02,15,Bin 5,32,2
69e54d439ca1ed48e7d99f94,409255068,,1,mkm,Macabre Reconstruction,Near Mint,FALSE,0.02,15,Bin 5,33,1
69e54d439ca1ed48e7d99f94,409255068,,1,mkm,Macabre Reconstruction,Near Mint,FALSE,0.02,15,Bin 5,34,2
69e54d439ca1ed48e7d99f94,409255068,,1,mkm,Macabre Reconstruction,Near Mint,FALSE,0.02,15,Bin 5,35,2
69e54d439ca1ed48e7d99f94,409255068,,1,mkm,Macabre Reconstruction,Near Mint,FALSE,0.02,15,Bin 1,9,8
69e7e0a59ca1ed48e7d9b0fc,409779811,,1,fdn,Macabre Waltz,Near Mint,TRUE,0.1,1,Bin 7,6,1
69e7e0a59ca1ed48e7d9b0ff,409779813,,1,fdn,Macabre Waltz,Near Mint,FALSE,0.03,3,Bin 7,6,3
69b0bf269ca1ed48e7d8b5e0,398395003,,1,m19,Macabre Waltz,Near Mint,FALSE,0.04,1,Bin 6,33,1
69e91cfb7ecc73c161d8becb,410001554,,1,uma,Mad Prophet,Near Mint,FALSE,0.03,2,Bin 1,24,2
69b08a9a9ca1ed48e7d8b113,398343059,,1,cmr,Maelstrom Colossus,Near Mint,FALSE,0.23,0,,,
69af68af34ce719e27b74397,398052915,,1,snc,Maestros Charm,NM,FALSE,0.05,1,Bin 6,17,1
69efe93d4ff24d3a84876f2d,411358569,,1,snc,Mage's Attendant,Near Mint,TRUE,0.15,1,Bin 7,20,1
69af4d4334ce719e27b74050,397707325,,1,fin,Magic Damper,NM,FALSE,0.06,1,Bin 6,11,1
699a9e1e34ce719e27b6e0ef,393639408,,1,fin,Magic Damper,NM,FALSE,0.04,11,Bin 6,6,1
699a9e1e34ce719e27b6e0ef,393639408,,1,fin,Magic Damper,NM,FALSE,0.04,11,Bin 6,5,10
699b75a734ce719e27b6e535,393857989,,1,fin,Magic Pot,NM,FALSE,0.04,2,Bin 6,4,1
699b75a734ce719e27b6e535,393857989,,1,fin,Magic Pot,NM,FALSE,0.04,2,Bin 6,3,1
699a9e1f34ce719e27b6e106,393639417,,1,fin,Magic Pot,NM,TRUE,0.15,1,Bin 6,6,1
69af4d4234ce719e27b74032,397707185,,1,fin,Magic Pot,NM,FALSE,0.03,14,Bin 6,11,14
69eea6d62f009c9bc4d748e7,411068552,,1,fin,Magic Pot,Near Mint,FALSE,0.03,4,Bin 7,19,4
69eea6d52f009c9bc4d748ce,411068547,,1,fin,Magitek Armor,Near Mint,FALSE,0.04,2,Bin 7,19,2
699b75ab34ce719e27b6e57a,393858073,,1,fin,Magitek Armor,NM,FALSE,0.05,2,Bin 6,4,2
699a9e1f34ce719e27b6e0fd,393639412,,1,fin,Magitek Armor,NM,TRUE,0.15,1,Bin 6,6,1
699a9e1734ce719e27b6e073,393639371,,1,fin,Magitek Infantry,NM,FALSE,0.04,3,Bin 6,6,1
699a9e1734ce719e27b6e073,393639371,,1,fin,Magitek Infantry,NM,FALSE,0.04,3,Bin 6,4,2
69eea6d42f009c9bc4d748bf,411068542,,1,fin,Magitek Infantry,Near Mint,FALSE,0.03,7,Bin 7,19,7
69eea6d42f009c9bc4d748bc,411068541,,1,fin,Magitek Infantry,Near Mint,TRUE,0.1,2,Bin 7,19,2
69af4fde34ce719e27b740dd,397758051,,1,fin,Magitek Infantry,NM,FALSE,0.03,5,Bin 6,13,5
69e7ede49ca1ed48e7d9b37d,409785998,,1,mm3,Magma Jet,Near Mint,FALSE,0.05,2,Bin 7,9,2
69e7ea1b9ca1ed48e7d9b328,409784092,,1,ths,Magma Jet,Near Mint,TRUE,0.15,1,Bin 7,8,1
69e7ea1c9ca1ed48e7d9b32b,409784093,,1,ths,Magma Jet,Near Mint,FALSE,0.05,2,Bin 7,8,2
69e42d5f9ca1ed48e7d9939f,409091245,,1,akh,Magma Spray,Near Mint,FALSE,0.03,7,Bin 5,13,7
69e96e5a7ecc73c161d9d726,410048697,,1,akh,Magma Spray,Near Mint,FALSE,0.03,5,Bin 7,15,5
69e96e5b7ecc73c161d9d73b,410048702,,1,jou,Magma Spray,Near Mint,TRUE,0.15,3,Bin 7,15,3
69b0dcff9ca1ed48e7d8ba30,398420420,,1,hou,Magmaroth,Near Mint,FALSE,0.03,1,Bin 6,37,1
69e7ea119ca1ed48e7d9b25f,409784001,,1,soi,Magmatic Chasm,Near Mint,TRUE,0.1,1,Bin 7,8,1
69e7e4cd9ca1ed48e7d9b13f,409781943,,1,ori,Magmatic Insight,Near Mint,FALSE,0.16,1,Bin 7,7,1
69e535b79ca1ed48e7d99c55,409244268,,1,cmkm,Magnetic Snuffler,Near Mint,FALSE,0.05,1,Bin 5,8,1
69e535b59ca1ed48e7d99c40,409244250,,1,mkm,Magnetic Snuffler,Near Mint,FALSE,0.05,2,Bin 5,8,1
69e535b59ca1ed48e7d99c40,409244250,,1,mkm,Magnetic Snuffler,Near Mint,FALSE,0.05,2,Bin 5,36,1
69e53d219ca1ed48e7d99d89,409247531,,1,mkm,Magnifying Glass,Near Mint,FALSE,0.02,15,Bin 5,30,1
69e53d219ca1ed48e7d99d89,409247531,,1,mkm,Magnifying Glass,Near Mint,FALSE,0.02,15,Bin 5,32,2
69e53d219ca1ed48e7d99d89,409247531,,1,mkm,Magnifying Glass,Near Mint,FALSE,0.02,15,Bin 5,34,1
69e53d219ca1ed48e7d99d89,409247531,,1,mkm,Magnifying Glass,Near Mint,FALSE,0.02,15,Bin 5,35,2
69e53d219ca1ed48e7d99d89,409247531,,1,mkm,Magnifying Glass,Near Mint,FALSE,0.02,15,Bin 1,8,9
699b796234ce719e27b6e689,393859670,,1,uma,Mahamoti Djinn,NM,FALSE,0.03,1,Bin 6,3,1
699bb5c234ce719e27b6ea5e,393882031,,1,tla,"Mai, Jaded Edge",NM,FALSE,0.03,1,Bin 6,8,1
69af73489a9ce4ef7aed3cc7,398165914,,1,iko,Majestic Auricorn,NM,FALSE,0.04,1,Bin 6,20,1
69e7e4d19ca1ed48e7d9b18d,409781973,,1,rix,Majestic Heliopterus,Near Mint,FALSE,0.11,2,Bin 7,7,2
69e539389ca1ed48e7d99d26,409246150,,1,emn,Make Mischief,Near Mint,FALSE,0.05,4,Bin 5,28,4
69e4201c9ca1ed48e7d99085,409080704,,1,kld,Make Obsolete,Near Mint,FALSE,0.03,4,Bin 5,4,4
69e541669ca1ed48e7d99ecc,409249329,,1,mkm,Make Your Move,Near Mint,FALSE,0.05,11,Bin 5,31,3
69e541669ca1ed48e7d99ecc,409249329,,1,mkm,Make Your Move,Near Mint,FALSE,0.05,11,Bin 5,32,2
69e541669ca1ed48e7d99ecc,409249329,,1,mkm,Make Your Move,Near Mint,FALSE,0.05,11,Bin 5,33,2
69e541669ca1ed48e7d99ecc,409249329,,1,mkm,Make Your Move,Near Mint,FALSE,0.05,11,Bin 5,34,3
69e541669ca1ed48e7d99ecc,409249329,,1,mkm,Make Your Move,Near Mint,FALSE,0.05,11,Bin 5,35,1
69e9035d7ecc73c161d86cad,409953949,,1,mkm,Make Your Move,Near Mint,FALSE,0.03,9,Bin 1,12,9
69af86d89ca1ed48e7d8a712,398181810,,1,m19,Make a Stand,Near Mint,FALSE,0.16,1,Bin 6,22,1
69efe93e4ff24d3a84876f53,411358575,,1,war,Makeshift Battalion,Near Mint,FALSE,0.03,1,Bin 7,20,1
69e54d409ca1ed48e7d99f6f,409255065,,1,cmkm,Makeshift Binding,Near Mint,FALSE,0.03,3,Bin 5,32,1
69e54d409ca1ed48e7d99f6f,409255065,,1,cmkm,Makeshift Binding,Near Mint,FALSE,0.03,3,Bin 5,33,1
69e54d409ca1ed48e7d99f6f,409255065,,1,cmkm,Makeshift Binding,Near Mint,FALSE,0.03,3,Bin 5,34,1
69e541679ca1ed48e7d99ed5,409249335,,1,mkm,Makeshift Binding,Near Mint,FALSE,0.05,7,Bin 5,31,2
69e541679ca1ed48e7d99ed5,409249335,,1,mkm,Makeshift Binding,Near Mint,FALSE,0.05,7,Bin 5,32,2
69e541679ca1ed48e7d99ed5,409249335,,1,mkm,Makeshift Binding,Near Mint,FALSE,0.05,7,Bin 5,33,1
69e541679ca1ed48e7d99ed5,409249335,,1,mkm,Makeshift Binding,Near Mint,FALSE,0.05,7,Bin 5,34,1
69e541679ca1ed48e7d99ed5,409249335,,1,mkm,Makeshift Binding,Near Mint,FALSE,0.05,7,Bin 5,35,1
69e9035d7ecc73c161d86caa,409953947,,1,mkm,Makeshift Binding,Near Mint,FALSE,0.03,5,Bin 1,12,5
69af542434ce719e27b741ab,397764537,,1,cmr,Makeshift Munitions,NM,FALSE,0.19,0,,,
69e93a2b7ecc73c161d921d8,410020592,,1,ogw,Makindi Aeronaut,Near Mint,FALSE,0.03,1,Bin 7,10,1
69e431d99ca1ed48e7d9948a,409094089,,1,bfz,Makindi Patrol,Near Mint,FALSE,0.03,5,Bin 5,16,5
69e53ab69ca1ed48e7d99d6f,409246492,,1,ogw,Malakir Soothsayer,Near Mint,FALSE,0.05,5,Bin 5,29,5
69c324fc9ca1ed48e7d90b10,402045338,,1,lci,Malamet Brawler,Near Mint,FALSE,0.04,6,Bin 1,4,6
69c324fc9ca1ed48e7d90b0d,402045337,,1,lci,Malamet Scythe,Near Mint,FALSE,0.04,5,Bin 1,4,5
69c324fc9ca1ed48e7d90b0a,402045336,,1,lci,Malamet Veteran,Near Mint,FALSE,0.04,4,Bin 1,4,4
699a9e1334ce719e27b6e027,393639347,,1,fin,Malboro,NM,FALSE,0.04,11,Bin 6,6,3
699a9e1334ce719e27b6e027,393639347,,1,fin,Malboro,NM,FALSE,0.04,11,Bin 6,4,1
699a9e1334ce719e27b6e027,393639347,,1,fin,Malboro,NM,FALSE,0.04,11,Bin 6,9,7
69e92ebc7ecc73c161d8fa34,410013580,,1,dsk,Malevolent Chandelier,Near Mint,FALSE,0.03,13,Bin 1,29,13
69c31da49ca1ed48e7d909bf,402040059,,1,eld,Malevolent Noble,Near Mint,TRUE,0.1,1,Bin 6,39,1
69b0b7a39ca1ed48e7d8b3a8,398391703,,1,kld,Malfunction,Near Mint,FALSE,0.03,9,Bin 6,31,2
69b0b7a39ca1ed48e7d8b3a8,398391703,,1,kld,Malfunction,Near Mint,FALSE,0.03,9,Bin 5,3,7
69ed59c479f49147a0810252,410864040,,1,khm,Mammoth Growth,Near Mint,FALSE,0.03,1,Bin 7,16,1
69e7ede89ca1ed48e7d9b3c6,409786032,,1,uma,Mammoth Umbra,Near Mint,TRUE,0.15,1,Bin 7,9,1
699b7d3a34ce719e27b6e7d6,393860717,,1,mh3,Mandibular Kite,NM,FALSE,0.05,1,Bin 6,2,1
69b04eb49ca1ed48e7d8aefc,398299272,,1,soi,Manic Scribe,Near Mint,FALSE,0.25,1,Bin 6,27,1
69e932f87ecc73c161d908d6,410016884,,1,dsk,Manifest Dread,Near Mint,FALSE,0.03,12,Bin 1,34,12
69e91b477ecc73c161d8b936,409999681,,1,afr,Manticore,Near Mint,FALSE,0.05,3,Bin 1,23,3
69e42d5f9ca1ed48e7d9939c,409091244,,1,akh,Manticore of the Gauntlet,Near Mint,FALSE,0.05,8,Bin 5,13,8
69c3156a9ca1ed48e7d90832,402033809,,1,eld,Mantle of Tides,Near Mint,TRUE,0.15,1,Bin 6,38,1
69b0bf209ca1ed48e7d8b58e,398394971,,1,m19,Marauder's Axe,Near Mint,FALSE,0.03,2,Bin 6,33,2
69c323db9ca1ed48e7d90ae0,402044756,,1,lci,Marauding Brinefang,Near Mint,FALSE,0.03,2,Bin 1,3,2
69b0bb179ca1ed48e7d8b41e,398393198,,1,xln,Marauding Looter,Near Mint,FALSE,0.04,1,Bin 6,32,1
69c31da09ca1ed48e7d9097d,402040047,,1,xln,March of the Drowned,Near Mint,TRUE,0.1,1,Bin 6,39,1
69e95c857ecc73c161d99875,410042470,,1,xln,March of the Drowned,Near Mint,TRUE,0.1,1,Bin 7,13,1
69b0b7a29ca1ed48e7d8b390,398391695,,1,cns,Marchesa's Infiltrator,Near Mint,FALSE,0.03,1,Bin 6,31,1
69e427c89ca1ed48e7d99227,409088125,,1,ktk,Mardu Banner,Near Mint,FALSE,0.05,7,Bin 5,9,7
69ed5f1179f49147a08131d8,410865267,,1,ktk,Mardu Charm,Near Mint,FALSE,0.05,3,Bin 7,17,3
69e9546b7ecc73c161d97b8f,410037341,,1,tdm,Mardu Devotee,Near Mint,FALSE,0.08,2,Bin 7,11,2
69ed5f1479f49147a081325c,410865311,,1,ktk,Mardu Hateblade,Near Mint,TRUE,0.05,1,Bin 7,17,1
69e422c99ca1ed48e7d99135,409082116,,1,ktk,Mardu Hateblade,Near Mint,FALSE,0.03,8,Bin 5,6,8
69ed5f1b79f49147a0813358,410865352,,1,ktk,Mardu Heart-Piercer,Near Mint,TRUE,0.1,1,Bin 7,17,1
69e422c99ca1ed48e7d99132,409082115,,1,ktk,Mardu Hordechief,Near Mint,FALSE,0.03,2,Bin 5,6,2
69ed5f1179f49147a08131df,410865274,,1,ktk,Mardu Roughrider,Near Mint,TRUE,0.1,1,Bin 7,17,1
69e4244c9ca1ed48e7d99173,409082831,,1,ktk,Mardu Skullhunter,Near Mint,FALSE,0.05,4,Bin 5,7,4
69e425929ca1ed48e7d991c6,409083541,,1,ktk,Mardu Warshrieker,Near Mint,FALSE,0.03,4,Bin 5,8,4
69e7ea169ca1ed48e7d9b2c8,409784056,,1,frf,Mardu Woe-Reaper,Near Mint,FALSE,0.05,0,,,
69e7e4cf9ca1ed48e7d9b163,409781956,,1,ori,Maritime Guard,Near Mint,TRUE,0.1,1,Bin 7,7,1
69e9035c7ecc73c161d86ca7,409953944,,1,mkm,Marketwatch Phantom,Near Mint,FALSE,0.03,6,Bin 1,12,6
69e53d249ca1ed48e7d99db8,409247547,,1,mkm,Marketwatch Phantom,Near Mint,FALSE,0.03,10,Bin 5,30,1
69e53d249ca1ed48e7d99db8,409247547,,1,mkm,Marketwatch Phantom,Near Mint,FALSE,0.03,10,Bin 5,31,1
69e53d249ca1ed48e7d99db8,409247547,,1,mkm,Marketwatch Phantom,Near Mint,FALSE,0.03,10,Bin 5,32,3
69e53d249ca1ed48e7d99db8,409247547,,1,mkm,Marketwatch Phantom,Near Mint,FALSE,0.03,10,Bin 5,33,1
69e53d249ca1ed48e7d99db8,409247547,,1,mkm,Marketwatch Phantom,Near Mint,FALSE,0.03,10,Bin 5,34,3
69e53d249ca1ed48e7d99db8,409247547,,1,mkm,Marketwatch Phantom,Near Mint,FALSE,0.03,10,Bin 5,35,1
69e539349ca1ed48e7d99cf9,409246135,,1,emn,Markov Crusader,Near Mint,FALSE,0.03,1,Bin 5,28,1
69efe93f4ff24d3a84876f6c,411358579,,1,dtk,Marsh Hulk,Near Mint,TRUE,0.1,1,Bin 7,20,1
69eea6d02f009c9bc4d74878,411068521,,1,dft,Marshals' Pathcruiser,Near Mint,FALSE,0.03,2,Bin 7,19,2
69af73509a9ce4ef7aed3d5d,398165989,,1,bng,Marshmist Titan,NM,FALSE,0.04,9,Bin 6,20,9
69c31d9e9ca1ed48e7d90953,402040034,,1,gtc,Martial Glory,Near Mint,FALSE,0.04,1,Bin 6,39,1
69b04eab9ca1ed48e7d8ae43,398299137,,1,ncc,Mask of Riddles,Near Mint,FALSE,0.67,1,Bin 6,27,1
699bbb7c34ce719e27b6ec55,393884980,,1,mma,Masked Admirers,NM,FALSE,0.05,2,Bin 6,10,2
69efe9344ff24d3a84876dbf,411358509,,1,snc,Masked Bandits,Near Mint,FALSE,0.03,1,Bin 7,20,1
699bb5bf34ce719e27b6ea25,393882011,,1,spm,Masked Meower,NM,FALSE,0.05,1,Bin 6,8,1
69b0c7619ca1ed48e7d8b693,398398106,,1,gtc,Massive Raid,Near Mint,FALSE,0.08,1,Bin 6,33,1
699b75af34ce719e27b6e5c4,393858095,,1,tla,Master Piandao,NM,FALSE,0.03,2,Bin 6,4,2
69e4201a9ca1ed48e7d9906d,409080693,,1,kld,Maulfist Doorbuster,Near Mint,FALSE,0.05,2,Bin 5,4,2
69e43dba9ca1ed48e7d99657,409102123,,1,aer,Maulfist Revolutionary,Near Mint,FALSE,0.05,5,Bin 5,24,4
69e43dba9ca1ed48e7d99657,409102123,,1,aer,Maulfist Revolutionary,Near Mint,FALSE,0.05,5,Bin 7,1,1
69e7e4d29ca1ed48e7d9b198,409781976,,1,rix,Mausoleum Harpy,Near Mint,TRUE,0.1,1,Bin 7,7,1
69e7e4d29ca1ed48e7d9b19e,409781978,,1,rix,Mausoleum Harpy,Near Mint,FALSE,0.03,1,Bin 7,7,1
69e43db89ca1ed48e7d99642,409102118,,1,aer,Maverick Thopterist,Near Mint,FALSE,0.03,4,Bin 5,24,4
69e53ab29ca1ed48e7d99d37,409246473,,1,ogw,Maw of Kozilek,Near Mint,FALSE,0.03,6,Bin 5,29,6
69edbdad2f009c9bc4cddf44,410924413,,1,dgm,Maw of the Obzedat,Near Mint,FALSE,0.05,1,Bin 7,18,1
69edbdad2f009c9bc4cddf57,410924420,,1,dgm,Maze Abomination,Near Mint,FALSE,0.03,3,Bin 7,18,3
69edbdae2f009c9bc4cddf6b,410924425,,1,dgm,Maze Abomination,Near Mint,TRUE,0.1,1,Bin 7,18,1
69ed59c279f49147a0810228,410864026,,1,dgm,Maze Abomination,Near Mint,FALSE,0.04,1,Bin 7,16,1
69edbdae2f009c9bc4cddf8e,410924436,,1,dgm,Maze Behemoth,Near Mint,FALSE,0.03,3,Bin 7,18,3
69ed59c479f49147a081024c,410864038,,1,dgm,Maze Behemoth,Near Mint,FALSE,0.04,1,Bin 7,16,1
69edbdb22f009c9bc4cde03d,410924484,,1,dgm,Maze Glider,Near Mint,FALSE,0.04,3,Bin 7,18,3
69edbdb02f009c9bc4cddfe4,410924461,,1,dgm,Maze Rusher,Near Mint,FALSE,0.04,3,Bin 7,18,3
69edbdb02f009c9bc4cddfbc,410924449,,1,dgm,Maze Sentinel,Near Mint,FALSE,0.04,2,Bin 7,18,2
69e93a307ecc73c161d92232,410020629,,1,ogw,Meandering River,Near Mint,TRUE,0.1,1,Bin 7,10,1
69e931577ecc73c161d90322,410015752,,1,dsk,Meat Locker // Drowned Diner,Near Mint,FALSE,0.03,13,Bin 1,32,13
69af70129a9ce4ef7aed3c86,398161638,,1,tle,Mechanical Glider,NM,FALSE,0.06,1,Bin 6,19,1
69e70c369ca1ed48e7d9a944,409616297,,1,cmkm,Meddling Youths,Near Mint,FALSE,0.05,2,Bin 5,36,2
69af580c34ce719e27b742b4,397801757,,1,iko,Memory Leak,NM,FALSE,0.03,1,Bin 6,16,1
69c3156f9ca1ed48e7d90871,402033837,,1,eld,Memory Theft,Near Mint,TRUE,0.15,1,Bin 6,38,1
69edbdaf2f009c9bc4cddfb0,410924446,,1,dgm,Mending Touch,Near Mint,FALSE,0.05,1,Bin 7,18,1
69ed5f1679f49147a08132ae,410865324,,1,dgm,Mending Touch,Near Mint,TRUE,0.1,1,Bin 7,17,1
69b0add99ca1ed48e7d8b2c5,398366921,,1,tla,Merchant of Many Hats,Near Mint,TRUE,0.15,1,Bin 6,30,1
699bb19e34ce719e27b6e9dc,393880647,,1,tla,Merchant of Many Hats,NM,FALSE,0.05,3,Bin 6,7,1
699bb19e34ce719e27b6e9dc,393880647,,1,tla,Merchant of Many Hats,NM,FALSE,0.05,3,Bin 6,9,2
69b0add99ca1ed48e7d8b2c2,398366920,,1,tla,Merchant of Many Hats,Near Mint,FALSE,0.03,2,Bin 6,30,2
699bb5be34ce719e27b6ea22,393882010,,1,spm,Merciless Enforcers,NM,FALSE,0.03,2,Bin 6,8,2
69e4307d9ca1ed48e7d99437,409093669,,1,akh,Merciless Javelineer,Near Mint,FALSE,0.05,3,Bin 5,15,3
69e539329ca1ed48e7d99cd1,409246122,,1,emn,Mercurial Geists,Near Mint,FALSE,0.03,3,Bin 5,28,3
69af91889ca1ed48e7d8a803,398187792,,1,xln,Merfolk Branchwalker,Near Mint,FALSE,0.04,3,Bin 6,23,2
69af91889ca1ed48e7d8a803,398187792,,1,xln,Merfolk Branchwalker,Near Mint,FALSE,0.04,3,Bin 6,26,1
69e95c897ecc73c161d998be,410042495,,1,xln,Merfolk Branchwalker,Near Mint,FALSE,0.04,3,Bin 7,13,3
699b7d3334ce719e27b6e751,393860679,,1,tor,Mesmeric Fiend,LP,FALSE,4,0,,,
699bb19334ce719e27b6e916,393880576,,1,tla,Messenger Hawk,Near Mint,FALSE,0.03,5,Bin 6,7,1
699bb19334ce719e27b6e916,393880576,,1,tla,Messenger Hawk,Near Mint,FALSE,0.03,5,Bin 6,9,1
699bb19334ce719e27b6e916,393880576,,1,tla,Messenger Hawk,Near Mint,FALSE,0.03,5,Bin 6,18,1
699bb19334ce719e27b6e916,393880576,,1,tla,Messenger Hawk,Near Mint,FALSE,0.03,5,Bin 6,29,1
699bb19334ce719e27b6e916,393880576,,1,tla,Messenger Hawk,Near Mint,FALSE,0.03,5,Bin 6,33,1
69b0c7639ca1ed48e7d8b6a8,398398113,,1,ths,Messenger's Speed,Near Mint,FALSE,0.03,2,Bin 6,33,1
69b0c7639ca1ed48e7d8b6a8,398398113,,1,ths,Messenger's Speed,Near Mint,FALSE,0.03,2,Bin 6,35,1
699b7d3334ce719e27b6e74e,393860677,,1,tmp,Metallic Sliver,MP,FALSE,0.1,1,Bin 6,2,1
69e534469ca1ed48e7d99afb,409242774,,1,fdn,Meteor Golem,Near Mint,FALSE,0.06,2,Bin 5,27,2
699bb5c734ce719e27b6eac9,393882060,,1,tla,Meteor Sword,NM,FALSE,0.06,1,Bin 6,8,1
69e957cc7ecc73c161d98776,410039874,,1,tdm,Meticulous Artisan,Near Mint,FALSE,0.05,1,Bin 7,12,1
69af68ae34ce719e27b7437f,398052905,,1,snc,Metropolis Angel,NM,FALSE,0.03,1,Bin 6,17,1
69e918617ecc73c161d8af43,409994867,,1,m20,Metropolis Sprite,Near Mint,FALSE,0.03,1,Bin 1,22,1
69e42c299ca1ed48e7d9935e,409090864,,1,akh,Miasmic Mummy,Near Mint,FALSE,0.05,4,Bin 5,12,4
69af68ac34ce719e27b74358,398052890,,1,neo,Michiko's Reign of Truth // Portrait of Michiko,NM,FALSE,0.13,1,Bin 6,17,1
69e429419ca1ed48e7d9928c,409089690,,1,akh,Mighty Leap,Near Mint,FALSE,0.03,5,Bin 5,10,5
69e957d67ecc73c161d9882c,410039937,,1,mm2,Mighty Leap,Near Mint,TRUE,0.1,1,Bin 7,12,1
69e427c69ca1ed48e7d991ff,409088113,,1,vow,Militia Rallier,Near Mint,FALSE,0.03,1,Bin 5,9,1
69af580b34ce719e27b7429e,397801653,,1,afr,Mimic,NM,FALSE,0.03,1,Bin 6,16,1
69e9243a7ecc73c161d8d707,410006135,,1,blb,Mind Drill Assailant,Near Mint,FALSE,0.03,4,Bin 1,28,4
69e432f09ca1ed48e7d994b3,409094960,,1,bfz,Mind Raker,Near Mint,FALSE,0.03,9,Bin 5,17,9
69e91e317ecc73c161d8c2bc,410002355,,1,blb,Mind Spiral,Near Mint,FALSE,0.03,10,Bin 1,25,10
69e93a2e7ecc73c161d92217,410020618,,1,ogw,Mindmelter,Near Mint,TRUE,0.1,1,Bin 7,10,1
69edbdb32f009c9bc4cde058,410924494,,1,dgm,Mindstatic,Near Mint,FALSE,0.04,2,Bin 7,18,2
69e9098a7ecc73c161d87f80,409966248,,1,otj,Mine Raider,Near Mint,FALSE,0.03,15,Bin 1,19,15
69b0a9dc9ca1ed48e7d8b219,398363671,,1,woe,Minecart Daredevil // Ride the Rails,Near Mint,FALSE,0.03,1,Bin 6,29,1
69c34cd29ca1ed48e7d90c74,402068784,,1,lci,Miner's Guidewing,Near Mint,FALSE,0.04,9,Bin 1,7,9
69c324fb9ca1ed48e7d90b07,402045335,,1,lci,Mineshaft Spider,Near Mint,FALSE,0.03,7,Bin 1,4,4
69c324fb9ca1ed48e7d90b07,402045335,,1,lci,Mineshaft Spider,Near Mint,FALSE,0.03,7,Bin 1,5,3
69e91b417ecc73c161d8b8c1,409999606,,1,afr,Minimus Containment,Near Mint,FALSE,0.06,2,Bin 1,23,2
69e41ed39ca1ed48e7d9903d,409080150,,1,kld,Minister of Inquiries,Near Mint,FALSE,0.03,3,Bin 5,3,2
69e41ed39ca1ed48e7d9903d,409080150,,1,kld,Minister of Inquiries,Near Mint,FALSE,0.03,3,Bin 7,4,1
69e7dd9e9ca1ed48e7d9af66,409778045,,1,rtr,Minotaur Aggressor,Near Mint,FALSE,0.05,1,Bin 7,5,1
69e42d5f9ca1ed48e7d99399,409091243,,1,akh,Minotaur Sureshot,Near Mint,FALSE,0.03,5,Bin 5,13,5
69b0a9da9ca1ed48e7d8b1f6,398363661,,1,woe,Mintstrosity,Near Mint,FALSE,0.03,1,Bin 6,29,1
69e918627ecc73c161d8af5b,409994875,,1,otj,Mirage Mesa,Near Mint,FALSE,0.05,10,Bin 1,22,10
69e7d3c69ca1ed48e7d9aea3,409772247,,1,bfz,Mire's Malice,Near Mint,TRUE,0.1,1,Bin 7,3,1
69e433fa9ca1ed48e7d994f3,409095205,,1,bfz,Mire's Malice,Near Mint,FALSE,0.03,7,Bin 5,18,7
69e95c827ecc73c161d99839,410042450,,1,ltr,Mirkwood Spider,Near Mint,FALSE,0.05,3,Bin 7,13,1
69e95c827ecc73c161d99839,410042450,,1,ltr,Mirkwood Spider,Near Mint,FALSE,0.05,3,Bin 7,14,2
69e95c837ecc73c161d99848,410042455,,1,ltr,Mirror of Galadriel,Near Mint,FALSE,0.05,1,Bin 7,13,1
69b04eb49ca1ed48e7d8aef9,398299270,,1,neo,Mirrorshell Crab,Near Mint,FALSE,0.03,0,,,
69af91859ca1ed48e7d8a7cf,398187775,,1,woe,Misleading Motes,Near Mint,FALSE,0.03,1,Bin 6,23,1
69b042609ca1ed48e7d8ac55,398289265,,1,bfz,Mist Intruder,Near Mint,TRUE,0.15,1,Bin 6,25,1
69e7d3c19ca1ed48e7d9ae3f,409772212,,1,bfz,Mist Intruder,Near Mint,TRUE,0.1,2,Bin 7,3,2
69b046c59ca1ed48e7d8adc5,398292016,,1,bok,Mistblade Shinobi,Near Mint,FALSE,1.06,0,,,
69ed5f1779f49147a08132c9,410865330,,1,ktk,Mistfire Weaver,Near Mint,FALSE,0.06,2,Bin 7,17,2
699bbb7634ce719e27b6ebd4,393884936,,1,ecl,Mistmeadow Council,NM,FALSE,0.05,2,Bin 6,10,2
69ed59c979f49147a08102ab,410864070,,1,khm,Mists of Littjara,Near Mint,FALSE,0.02,2,Bin 7,16,2
69b0d34d9ca1ed48e7d8b868,398404120,,1,shm,Mistveil Plains,Near Mint,FALSE,0.77,3,Bin 6,35,3
69ed59c879f49147a08102a2,410864067,,1,khm,Mistwalker,Near Mint,FALSE,0.03,2,Bin 7,16,2
69e7cbdd9ca1ed48e7d9ace0,409768150,,1,hou,Moaning Wall,Near Mint,FALSE,0.05,1,Bin 7,1,1
699bb5c834ce719e27b6ead6,393882063,,1,spm,Mob Lookout,NM,FALSE,0.03,1,Bin 6,8,1
69e43fc19ca1ed48e7d996c6,409103259,,1,aer,Mobile Garrison,Near Mint,FALSE,0.03,12,Bin 5,26,11
69e43fc19ca1ed48e7d996c6,409103259,,1,aer,Mobile Garrison,Near Mint,FALSE,0.03,12,Bin 7,2,1
69e5392f9ca1ed48e7d99cab,409246110,,1,emn,Mockery of Nature,Near Mint,FALSE,0.07,3,Bin 5,28,3
69b046bd9ca1ed48e7d8ad49,398291984,,1,emn,Mockery of Nature,Near Mint,FALSE,0.03,2,Bin 6,26,2
69e7e0a59ca1ed48e7d9b0ed,409779804,,1,fdn,Mocking Sprite,Near Mint,FALSE,0.03,2,Bin 7,6,2
69c321939ca1ed48e7d90a13,402043021,,1,a25,Mogg Flunkies,Near Mint,FALSE,0.04,1,Bin 1,1,1
69b0d7ea9ca1ed48e7d8b920,398406680,,1,thb,Mogis's Favor,Near Mint,TRUE,0.15,2,Bin 6,36,2
69e932f77ecc73c161d908d3,410016882,,1,dsk,Moldering Gym // Weight Room,Near Mint,FALSE,0.03,15,Bin 1,34,15
69e91cfb7ecc73c161d8bec8,410001553,,1,uma,Molten Birth,Near Mint,FALSE,0.05,1,Bin 1,24,1
699bb5c234ce719e27b6ea67,393882034,,1,tdm,Molten Exhale,NM,FALSE,0.05,1,Bin 6,8,1
69e954687ecc73c161d97b62,410037326,,1,tdm,Molten Exhale,Near Mint,FALSE,0.03,1,Bin 7,11,1
699b796434ce719e27b6e6ad,393859682,,1,mh3,Molten Gatekeeper,NM,FALSE,0.05,0,,,
69af91899ca1ed48e7d8a815,398187798,,1,cma,Molten Slagheap,Near Mint,FALSE,0.1,1,Bin 6,23,1
69e4244c9ca1ed48e7d99170,409082830,,1,ktk,Molting Snakeskin,Near Mint,FALSE,0.05,8,Bin 5,7,8
69ed5f1979f49147a081331c,410865343,,1,ktk,Molting Snakeskin,Near Mint,TRUE,0.1,1,Bin 7,17,1
69e9185f7ecc73c161d8af0d,409994855,,1,m20,Moment of Heroism,Near Mint,FALSE,0.03,1,Bin 1,22,1
69b0bf1a9ca1ed48e7d8b53a,398394939,,1,rix,Moment of Triumph,Near Mint,FALSE,0.03,2,Bin 6,33,2
699b75af34ce719e27b6e5c7,393858096,,1,tla,"Momo, Playful Pet",NM,FALSE,0.03,1,Bin 6,7,1
69af68b934ce719e27b74437,398052971,,1,tle,"Momo, Rambunctious Rascal",NM,FALSE,0.16,1,Bin 6,17,1
69af6d5f34ce719e27b7449f,398147964,,1,tle,"Momo, Rambunctious Rascal",NM,TRUE,0.35,1,Bin 6,18,1
69e422c79ca1ed48e7d9910b,409082102,,1,ktk,Monastery Flock,Near Mint,FALSE,0.03,7,Bin 5,6,7
699bb82934ce719e27b6eb90,393883201,,1,tla,Mongoose Lizard,NM,FALSE,0.05,1,Bin 6,9,1
69b0add79ca1ed48e7d8b2a4,398366915,,1,tla,Mongoose Lizard,Near Mint,FALSE,0.03,1,Bin 6,30,1
699b75aa34ce719e27b6e563,393858058,,1,fin,Monk's Fist,NM,FALSE,0.04,2,Bin 6,4,1
699b75aa34ce719e27b6e563,393858058,,1,fin,Monk's Fist,NM,FALSE,0.04,2,Bin 6,3,1
69af4d4134ce719e27b7402f,397707171,,1,fin,Monk's Fist,NM,FALSE,0.03,11,Bin 6,11,11
69e7ce279ca1ed48e7d9ada1,409769230,,1,aer,Monstrous Onslaught,Near Mint,FALSE,0.05,1,Bin 7,2,1
699b7d3934ce719e27b6e7c8,393860713,,1,mh3,Monstrous Vortex,NM,FALSE,0.03,0,,,
699bbb7834ce719e27b6ec01,393884952,,1,ecl,Moonlit Lamenter,NM,FALSE,0.05,1,Bin 6,10,1
69e957d57ecc73c161d9881d,410039932,,1,mm2,Moonlit Strider,Near Mint,TRUE,0.1,1,Bin 7,12,1
69e924397ecc73c161d8d704,410006134,,1,blb,Moonrise Cleric,Near Mint,FALSE,0.03,12,Bin 1,28,12
69b0dd039ca1ed48e7d8ba69,398420435,,1,avr,Moonsilver Spear,Near Mint,FALSE,0.29,0,,,
69af518534ce719e27b74127,397759298,,1,cneo,Moonsnare Specialist,NM,FALSE,0.04,1,Bin 6,14,1
69e91b467ecc73c161d8b91e,409999644,,1,afr,Mordenkainen's Polymorph,Near Mint,FALSE,0.05,3,Bin 1,23,3
69edbdab2f009c9bc4cddf09,410924395,,1,dgm,Morgue Burst,Near Mint,FALSE,0.03,4,Bin 7,18,4
69c31d9f9ca1ed48e7d90964,402040040,,1,dgm,Morgue Burst,Near Mint,FALSE,0.04,1,Bin 6,39,1
69b0b7a19ca1ed48e7d8b387,398391692,,1,cns,Morkrut Banshee,Near Mint,FALSE,0.04,1,Bin 6,31,1
69e5345a9ca1ed48e7d99c12,409242993,,1,mid,Morkrut Behemoth,Near Mint,FALSE,0.03,1,Bin 5,27,1
69af4ea234ce719e27b74090,397738592,,1,bng,Mortal's Resolve,NM,FALSE,0.05,8,Bin 6,12,1
69af4ea234ce719e27b74090,397738592,,1,bng,Mortal's Resolve,NM,FALSE,0.05,8,Bin 6,14,1
69af4ea234ce719e27b74090,397738592,,1,bng,Mortal's Resolve,NM,FALSE,0.05,8,Bin 6,15,6
69efe9364ff24d3a84876e00,411358520,,1,bng,Mortal's Resolve,Near Mint,FALSE,0.04,1,Bin 7,20,1
69e954757ecc73c161d97c39,410037396,,1,nph,Mortis Dogs,Near Mint,TRUE,0.1,0,,,
69b042619ca1ed48e7d8ac63,398289269,,1,bfz,Mortuary Mire,Near Mint,TRUE,0.5,0,,,
69e439ce9ca1ed48e7d995a3,409100243,,1,bfz,Mortuary Mire,Near Mint,FALSE,0.24,4,Bin 5,21,4
69c31d9a9ca1ed48e7d90915,402040018,,1,gtc,Mortus Strider,Near Mint,FALSE,0.03,2,Bin 6,39,2
69b0d7f09ca1ed48e7d8b98b,398406751,,1,thb,Moss Viper,Near Mint,TRUE,0.15,0,,,
69af6d6534ce719e27b74506,398148583,,1,iko,Mosscoat Goriak,NM,FALSE,0.03,1,Bin 6,18,1
69e933e87ecc73c161d90c09,410017336,,1,dsk,Most Valuable Slayer,Near Mint,FALSE,0.03,13,Bin 1,35,13
69e534589ca1ed48e7d99bf6,409242969,,1,mid,Mounted Dreadknight,Near Mint,FALSE,0.03,1,Bin 5,27,1
69e905377ecc73c161d8727f,409963105,,1,otj,Mourner's Surprise,Near Mint,FALSE,0.05,16,Bin 1,14,16
69e534519ca1ed48e7d99b90,409242891,,1,mid,Mourning Patrol // Morning Apparition,Near Mint,FALSE,0.03,2,Bin 5,27,2
69e539329ca1ed48e7d99cce,409246121,,1,emn,Mournwillow,Near Mint,FALSE,0.03,1,Bin 5,28,1
69e7ede39ca1ed48e7d9b37a,409785997,,1,mm3,Mudbutton Torchrunner,Near Mint,FALSE,0.05,1,Bin 7,9,1
69b04eaa9ca1ed48e7d8ae40,398299135,,1,blb,Mudflat Village,Near Mint,FALSE,0.14,1,Bin 6,27,1
69b0c7649ca1ed48e7d8b6bd,398398120,,1,gtc,Mugging,Near Mint,FALSE,0.03,2,Bin 6,33,2
69e7cbe29ca1ed48e7d9ad35,409768179,,1,hou,Mummy Paramount,Near Mint,FALSE,0.05,1,Bin 7,1,1
69c321989ca1ed48e7d90a6d,402043051,,1,a25,Murder,Near Mint,FALSE,0.04,2,Bin 1,1,2
69e541669ca1ed48e7d99ec1,409249326,,1,cmkm,Murder,Near Mint,FALSE,0.05,3,Bin 5,31,1
69e541669ca1ed48e7d99ec1,409249326,,1,cmkm,Murder,Near Mint,FALSE,0.05,3,Bin 5,32,1
69e541669ca1ed48e7d99ec1,409249326,,1,cmkm,Murder,Near Mint,FALSE,0.05,3,Bin 5,33,1
69b04eb19ca1ed48e7d8aeba,398299204,,1,cmkm,Murder,Near Mint,FALSE,0.03,1,Bin 6,27,1
69af580734ce719e27b74251,397801291,,1,cmr,Murder,NM,FALSE,0.03,1,Bin 6,16,1
69e930747ecc73c161d8ffef,410015020,,1,dsk,Murder,Near Mint,FALSE,0.03,11,Bin 1,31,11
69e539319ca1ed48e7d99cc2,409246117,,1,emn,Murder,Near Mint,FALSE,0.05,1,Bin 5,28,1
69b08a929ca1ed48e7d8b080,398342964,,1,m13,Murder,Near Mint,FALSE,0.03,4,Bin 6,28,4
69af86db9ca1ed48e7d8a73c,398181822,,1,m20,Murder,Near Mint,FALSE,0.03,1,Bin 6,22,1
69e54d449ca1ed48e7d99f97,409255069,,1,mkm,Murder,Near Mint,FALSE,0.03,3,Bin 5,32,2
69e54d449ca1ed48e7d99f97,409255069,,1,mkm,Murder,Near Mint,FALSE,0.03,3,Bin 5,33,1
69e541649ca1ed48e7d99eaf,409249320,,1,mkm,Murder,Near Mint,FALSE,0.02,6,Bin 5,31,2
69e541649ca1ed48e7d99eaf,409249320,,1,mkm,Murder,Near Mint,FALSE,0.02,6,Bin 1,9,4
69e7e4d79ca1ed48e7d9b1f8,409782015,,1,inr,Murderous Compulsion,Near Mint,TRUE,0.15,2,Bin 7,7,2
69e7ea139ca1ed48e7d9b292,409784019,,1,soi,Murderous Compulsion,Near Mint,TRUE,0.1,1,Bin 7,8,1
69e431d79ca1ed48e7d99473,409094084,,1,bfz,Murk Strider,Near Mint,FALSE,0.03,10,Bin 5,16,10
69e9035c7ecc73c161d86ca4,409953942,,1,mkm,Museum Nightwatch,Near Mint,FALSE,0.03,9,Bin 1,12,9
69e541679ca1ed48e7d99ed8,409249336,,1,mkm,Museum Nightwatch,Near Mint,FALSE,0.03,8,Bin 5,31,3
69e541679ca1ed48e7d99ed8,409249336,,1,mkm,Museum Nightwatch,Near Mint,FALSE,0.03,8,Bin 5,32,1
69e541679ca1ed48e7d99ed8,409249336,,1,mkm,Museum Nightwatch,Near Mint,FALSE,0.03,8,Bin 5,34,1
69e541679ca1ed48e7d99ed8,409249336,,1,mkm,Museum Nightwatch,Near Mint,FALSE,0.03,8,Bin 5,35,3
69e965b77ecc73c161d9b929,410045350,,1,ltr,Mushroom Watchdogs,Near Mint,FALSE,0.03,1,Bin 7,14,1
69eea6d32f009c9bc4d748b1,411068538,,1,dft,Mutant Surveyor,Near Mint,FALSE,0.03,1,Bin 7,19,1
69b0cca39ca1ed48e7d8b773,398401812,,1,dgm,Mutant's Prey,Near Mint,FALSE,0.03,4,Bin 6,34,2
69b0cca39ca1ed48e7d8b773,398401812,,1,dgm,Mutant's Prey,Near Mint,FALSE,0.03,4,Bin 7,18,2
699a9e1f34ce719e27b6e103,393639415,,1,fin,Mysidian Elder,NM,FALSE,0.04,0,,,
699bb19734ce719e27b6e964,393880603,,1,fin,Mysidian Elder,NM,TRUE,0.15,0,,,
699bb5c134ce719e27b6ea52,393882027,,1,spm,Mysterio's Phantasm,NM,FALSE,0.03,3,Bin 6,8,3
69c315649ca1ed48e7d907c1,402033109,,1,eld,Mysterious Pathlighter,Near Mint,TRUE,0.15,1,Bin 6,38,1
69b03d1f9ca1ed48e7d8ab70,398283185,,1,mh2,Mystic Redaction,Near Mint,FALSE,0.04,5,Bin 6,24,2
69b03d1f9ca1ed48e7d8ab70,398283185,,1,mh2,Mystic Redaction,Near Mint,FALSE,0.04,5,Bin 6,25,3
69e422c79ca1ed48e7d99108,409082101,,1,ktk,Mystic of the Hidden Way,Near Mint,FALSE,0.03,7,Bin 5,6,6
69e422c79ca1ed48e7d99108,409082101,,1,ktk,Mystic of the Hidden Way,Near Mint,FALSE,0.03,7,Bin 7,17,1
69e9133d7ecc73c161d89e9c,409980904,,1,otj,Mystical Tether,Near Mint,FALSE,0.03,14,Bin 1,21,14
69e42aa69ca1ed48e7d992e8,409089979,,1,akh,Naga Oracle,Near Mint,FALSE,0.05,3,Bin 5,11,3
69b0bb1a9ca1ed48e7d8b453,398393217,,1,akh,Naga Oracle,Near Mint,FALSE,0.03,3,Bin 6,32,2
69b0bb1a9ca1ed48e7d8b453,398393217,,1,akh,Naga Oracle,Near Mint,FALSE,0.03,3,Bin 6,37,1
69e96e5a7ecc73c161d9d723,410048696,,1,akh,Naga Oracle,Near Mint,TRUE,0.1,2,Bin 7,15,2
69e965b37ecc73c161d9b818,410045319,,1,akh,Naga Vitalist,Near Mint,TRUE,0.1,1,Bin 7,14,1
69e965b37ecc73c161d9b815,410045318,,1,akh,Naga Vitalist,Near Mint,FALSE,0.03,1,Bin 7,14,1
69e42ea09ca1ed48e7d993c4,409092694,,1,akh,Naga Vitalist,Near Mint,FALSE,0.05,6,Bin 5,14,6
69b0c75b9ca1ed48e7d8b62d,398398076,,1,akh,Naga Vitalist,Near Mint,FALSE,0.04,1,Bin 6,33,1
699a9e1434ce719e27b6e02a,393639348,,1,fin,Namazu Trader,NM,FALSE,0.04,11,Bin 6,6,10
699a9e1434ce719e27b6e02a,393639348,,1,fin,Namazu Trader,NM,FALSE,0.04,11,Bin 6,3,1
699bb19634ce719e27b6e955,393880598,,1,fin,Namazu Trader,NM,TRUE,0.15,1,Bin 6,7,1
69b0cca29ca1ed48e7d8b762,398401802,,1,aer,Narnam Renegade,Near Mint,FALSE,0.21,2,Bin 6,34,2
69e7cbe39ca1ed48e7d9ad46,409768184,,1,aer,Narnam Renegade,Near Mint,FALSE,0.22,2,Bin 7,1,2
69e7ce279ca1ed48e7d9ad99,409769227,,1,aer,Narnam Renegade,Near Mint,FALSE,0.03,1,Bin 7,2,1
69b0dd069ca1ed48e7d8ba8f,398420444,,1,avr,Narstad Scrapper,Near Mint,FALSE,0.03,1,Bin 6,37,1
69e438609ca1ed48e7d99564,409099695,,1,bfz,Natural Connection,Near Mint,FALSE,0.03,5,Bin 5,20,4
69e438609ca1ed48e7d99564,409099695,,1,bfz,Natural Connection,Near Mint,FALSE,0.03,5,Bin 7,3,1
69e918607ecc73c161d8af3a,409994863,,1,m20,Natural End,Near Mint,FALSE,0.05,1,Bin 1,22,1
69b0c7609ca1ed48e7d8b67f,398398102,,1,aer,Natural Obsolescence,Near Mint,FALSE,0.03,2,Bin 6,33,1
69b0c7609ca1ed48e7d8b67f,398398102,,1,aer,Natural Obsolescence,Near Mint,FALSE,0.03,2,Bin 6,34,1
69e43dba9ca1ed48e7d99654,409102122,,1,aer,Natural Obsolescence,Near Mint,FALSE,0.04,2,Bin 5,24,2
69af580d34ce719e27b742c0,397801806,,1,cmr,Natural Reclamation,Near Mint,FALSE,0.04,0,,,
69b0cca39ca1ed48e7d8b776,398401815,,1,ktk,Naturalize,Near Mint,FALSE,0.03,2,Bin 6,34,1
69b0cca39ca1ed48e7d8b776,398401815,,1,ktk,Naturalize,Near Mint,FALSE,0.03,2,Bin 5,8,1
69b0cca69ca1ed48e7d8b79e,398401839,,1,rix,Naturalize,Near Mint,FALSE,0.03,2,Bin 6,34,1
69b0cca69ca1ed48e7d8b79e,398401839,,1,rix,Naturalize,Near Mint,FALSE,0.03,2,Bin 7,7,1
69e96e627ecc73c161d9d7f4,410048735,,1,jou,Nature's Panoply,Near Mint,FALSE,0.05,1,Bin 7,15,1
69b0dcff9ca1ed48e7d8ba36,398420422,,1,dom,Nature's Spiral,Near Mint,FALSE,0.04,1,Bin 6,37,1
69af68ad34ce719e27b74367,398052896,,1,jmp,Nature's Way,NM,FALSE,0.09,1,Bin 6,17,1
69e4218f9ca1ed48e7d990ec,409081297,,1,kld,Nature's Way,Near Mint,FALSE,0.11,5,Bin 5,5,4
69e4218f9ca1ed48e7d990ec,409081297,,1,kld,Nature's Way,Near Mint,FALSE,0.11,5,Bin 7,4,1
69e7ea139ca1ed48e7d9b289,409784016,,1,soi,Nearheath Chaplain,Near Mint,FALSE,0.03,1,Bin 7,8,1
69e427c59ca1ed48e7d991fc,409088112,,1,vow,Nebelgast Beguiler,Near Mint,FALSE,0.03,2,Bin 5,9,2
69e539349ca1ed48e7d99cf3,409246133,,1,emn,Nebelgast Herald,Near Mint,FALSE,0.03,1,Bin 5,28,1
69e7e4d99ca1ed48e7d9b216,409782025,,1,inr,Nebelgast Herald,Near Mint,FALSE,0.05,1,Bin 7,7,1
69af700f9a9ce4ef7aed3c45,398161611,,1,bng,Necrobite,NM,FALSE,0.03,13,Bin 6,19,5
69af700f9a9ce4ef7aed3c45,398161611,,1,bng,Necrobite,NM,FALSE,0.03,13,Bin 6,20,8
69b0a9d89ca1ed48e7d8b1d2,398363649,,1,ala,Necrogenesis,Near Mint,FALSE,0.06,1,Bin 6,29,1
69e7e4ce9ca1ed48e7d9b154,409781950,,1,ori,Necromantic Summons,Near Mint,TRUE,0.15,1,Bin 7,7,1
69e93a277ecc73c161d92196,410020555,,1,nph,Necropouncer,Near Mint,TRUE,0.15,0,,,
69e534579ca1ed48e7d99bea,409242960,,1,mid,Necrosynthesis,Near Mint,FALSE,0.05,1,Bin 5,27,1
69af68ac34ce719e27b7435e,398052892,,1,stx,Necrotic Fumes,NM,FALSE,0.04,1,Bin 6,17,1
69e7e4d49ca1ed48e7d9b1b5,409781991,,1,rix,Needletooth Raptor,Near Mint,FALSE,0.17,1,Bin 7,7,1
69e42d5e9ca1ed48e7d99396,409091242,,1,akh,Nef-Crop Entangler,Near Mint,FALSE,0.03,8,Bin 5,13,8
69b0bb239ca1ed48e7d8b4cc,398393262,,1,aer,Negate,Near Mint,FALSE,0.05,0,,,
69e43ab29ca1ed48e7d995ca,409100620,,1,aer,Negate,Near Mint,FALSE,0.06,0,,,
69b04eb49ca1ed48e7d8aef6,398299269,,1,cn2,Negate,Near Mint,FALSE,0.1,0,,,
69e7e4d59ca1ed48e7d9b1d5,409782001,,1,rix,Negate,Near Mint,FALSE,0.11,0,,,
69e70c339ca1ed48e7d9a910,409616282,,1,mkm,Neighborhood Guardian,Near Mint,FALSE,0.05,2,Bin 5,36,2
69e7ea1a9ca1ed48e7d9b307,409784080,,1,ths,Nemesis of Mortals,Near Mint,TRUE,0.1,1,Bin 7,8,1
69e7ea1a9ca1ed48e7d9b30a,409784082,,1,ths,Nemesis of Mortals,Near Mint,FALSE,0.03,1,Bin 7,8,1
69e534579ca1ed48e7d99bed,409242962,,1,mid,Neonate's Rush,Near Mint,FALSE,0.03,1,Bin 5,27,1
69e957d37ecc73c161d987f0,410039914,,1,emn,Nephalia Academy,Near Mint,FALSE,0.08,1,Bin 7,12,1
69e900677ecc73c161d8639d,409951403,,1,mkm,Nervous Gardener,Near Mint,FALSE,0.03,10,Bin 1,10,10
69e53d229ca1ed48e7d99d92,409247534,,1,mkm,Nervous Gardener,Near Mint,FALSE,0.05,8,Bin 5,30,1
69e53d229ca1ed48e7d99d92,409247534,,1,mkm,Nervous Gardener,Near Mint,FALSE,0.05,8,Bin 5,32,3
69e53d229ca1ed48e7d99d92,409247534,,1,mkm,Nervous Gardener,Near Mint,FALSE,0.05,8,Bin 5,33,1
69e53d229ca1ed48e7d99d92,409247534,,1,mkm,Nervous Gardener,Near Mint,FALSE,0.05,8,Bin 5,34,2
69e53d229ca1ed48e7d99d92,409247534,,1,mkm,Nervous Gardener,Near Mint,FALSE,0.05,8,Bin 5,35,1
69af542834ce719e27b741e9,397764562,,1,bng,Nessian Demolok,NM,FALSE,0.04,2,Bin 6,15,2
69e95c8a7ecc73c161d998d3,410042509,,1,xln,Nest Robber,Near Mint,TRUE,0.15,1,Bin 7,13,1
69e95c8a7ecc73c161d998d6,410042510,,1,xln,Nest Robber,Near Mint,FALSE,0.05,6,Bin 7,13,6
69e93a2c7ecc73c161d921f8,410020604,,1,ogw,Netcaster Spider,Near Mint,TRUE,0.1,2,Bin 7,10,2
69b042609ca1ed48e7d8ac52,398289264,,1,bfz,Nettle Drone,Near Mint,TRUE,0.1,2,Bin 6,25,1
69b042609ca1ed48e7d8ac52,398289264,,1,bfz,Nettle Drone,Near Mint,TRUE,0.1,2,Bin 7,3,1
69e4375e9ca1ed48e7d99546,409099414,,1,bfz,Nettle Drone,Near Mint,FALSE,0.03,5,Bin 5,19,5
69e9243b7ecc73c161d8d728,410006147,,1,blb,Nettle Guard,Near Mint,FALSE,0.03,3,Bin 1,28,3
69e91b447ecc73c161d8b8f4,409999629,,1,cafr,Neverwinter Dryad,Near Mint,FALSE,0.05,2,Bin 1,23,2
69efe9364ff24d3a84876e21,411358525,,1,war,New Horizons,Near Mint,FALSE,0.03,1,Bin 7,20,1
69b0cca59ca1ed48e7d8b791,398401832,,1,xln,New Horizons,Near Mint,FALSE,0.04,1,Bin 6,34,1
69c31d9d9ca1ed48e7d9094a,402040031,,1,rtr,New Prahv Guildmage,Near Mint,FALSE,0.04,1,Bin 6,39,1
69af542134ce719e27b74165,397764514,,1,thb,Nexus Wardens,NM,FALSE,0.03,1,Bin 6,15,1
69c321989ca1ed48e7d90a6a,402043050,,1,a25,Nezumi Cutthroat,Near Mint,FALSE,0.04,3,Bin 1,1,3
69e905377ecc73c161d8727c,409963101,,1,otj,Nezumi Linkbreaker,Near Mint,FALSE,0.1,0,,,
69e43bdc9ca1ed48e7d9960a,409101634,,1,aer,Night Market Aeronaut,Near Mint,FALSE,0.03,8,Bin 5,23,7
69e43bdc9ca1ed48e7d9960a,409101634,,1,aer,Night Market Aeronaut,Near Mint,FALSE,0.03,8,Bin 7,2,1
69e43fc19ca1ed48e7d996c3,409103258,,1,aer,Night Market Guard,Near Mint,FALSE,0.03,15,Bin 5,26,13
69e43fc19ca1ed48e7d996c3,409103258,,1,aer,Night Market Guard,Near Mint,FALSE,0.03,15,Bin 7,2,2
69e7ce289ca1ed48e7d9adae,409769236,,1,kld,Night Market Lookout,Near Mint,FALSE,0.05,4,Bin 7,2,2
69e7ce289ca1ed48e7d9adae,409769236,,1,kld,Night Market Lookout,Near Mint,FALSE,0.05,4,Bin 7,4,2
69e7ede59ca1ed48e7d9b393,409786008,,1,isd,Night Revelers,Near Mint,TRUE,0.15,1,Bin 7,9,1
69e7ede49ca1ed48e7d9b383,409786001,,1,uma,Nightbird's Clutches,Near Mint,TRUE,0.1,1,Bin 7,9,1
69e957d17ecc73c161d987d6,410039906,,1,tdm,Nightblade Brigade,Near Mint,FALSE,0.05,2,Bin 7,12,2
69e70c369ca1ed48e7d9a94d,409616300,,1,mkm,Nightdrinker Moroii,Near Mint,FALSE,0.05,2,Bin 5,36,2
699b7d3434ce719e27b6e76c,393860689,,1,mh3,Nightshade Dryad,NM,FALSE,0.05,1,Bin 6,2,1
69af518334ce719e27b74109,397759287,,1,iko,Nightsquad Commando,NM,FALSE,0.03,1,Bin 6,14,1
69af848d9ca1ed48e7d8a69d,398179355,,1,grn,Nightveil Predator,Near Mint,FALSE,0.04,0,,,
69e91e317ecc73c161d8c2b9,410002353,,1,blb,Nightwhorl Hermit,Near Mint,FALSE,0.03,6,Bin 1,25,6
69af70119a9ce4ef7aed3c69,398161628,,1,blb,Nightwhorl Hermit,NM,FALSE,0.03,2,Bin 6,19,2
69eea6d42f009c9bc4d748c8,411068545,,1,ltr,Nimble Hobbit,Near Mint,FALSE,0.03,1,Bin 7,19,1
69e41ed39ca1ed48e7d9903a,409080149,,1,kld,Nimble Innovator,Near Mint,FALSE,0.05,12,Bin 5,3,12
69e42d5e9ca1ed48e7d99393,409091240,,1,akh,Nimble-Blade Khenra,Near Mint,FALSE,0.03,4,Bin 5,13,4
69e965bc7ecc73c161d9b97f,410045385,,1,ltr,Nimrodel Watcher,Near Mint,FALSE,0.03,1,Bin 7,14,1
69af542134ce719e27b74168,397764515,,1,cmr,Ninth Bridge Patrol,NM,FALSE,0.03,1,Bin 6,15,1
69e41c869ca1ed48e7d98fb6,409079425,,1,kld,Ninth Bridge Patrol,Near Mint,FALSE,0.05,8,Bin 5,1,8
69e433f99ca1ed48e7d994f0,409095204,,1,bfz,Nirkana Assassin,Near Mint,FALSE,0.03,7,Bin 5,18,7
69af91889ca1ed48e7d8a7fd,398187790,,1,hou,Nissa's Defeat,Near Mint,FALSE,0.04,1,Bin 6,23,1
69edbdab2f009c9bc4cddef6,410924389,,1,dgm,Nivix Cyclops,Near Mint,FALSE,0.05,2,Bin 7,18,2
69ed5f1279f49147a08131f1,410865296,,1,dgm,Nivix Cyclops,Near Mint,TRUE,0.1,1,Bin 7,17,1
69efe9394ff24d3a84876e7e,411358540,,1,war,No Escape,Near Mint,FALSE,0.03,1,Bin 7,20,1
69e5345b9ca1ed48e7d99c1d,409243003,,1,mid,No Way Out,Near Mint,FALSE,0.03,1,Bin 5,27,1
69c321919ca1ed48e7d909e9,402043006,,1,a25,Noble Templar,Near Mint,FALSE,0.03,1,Bin 1,1,1
69b0b79e9ca1ed48e7d8b34e,398391673,,1,cns,Noble Templar,Near Mint,FALSE,0.03,1,Bin 6,31,1
69e91cf97ecc73c161d8be95,410001536,,1,blb,Nocturnal Hunger,Near Mint,FALSE,0.03,5,Bin 1,24,5
69af6d6034ce719e27b744b0,398148061,,1,ktk,Nomad Outpost,NM,FALSE,0.25,1,Bin 6,18,1
699bb1a034ce719e27b6e9ff,393880654,,1,tla,North Pole Gates,NM,FALSE,0.05,0,,,
69e70c329ca1ed48e7d9a8fc,409616278,,1,cmkm,Not on My Watch,Near Mint,FALSE,0.08,1,Bin 5,36,1
69e70c329ca1ed48e7d9a8f9,409616277,,1,mkm,Not on My Watch,Near Mint,FALSE,0.06,2,Bin 5,36,2
69e5345a9ca1ed48e7d99c0d,409242988,,1,mid,Novice Occultist,Near Mint,FALSE,0.04,0,,,
69af68ac34ce719e27b74361,398052893,,1,cmr,"Numa, Joraga Chieftain",NM,FALSE,0.04,0,,,
69e93a247ecc73c161d9215e,410020533,,1,nph,Numbing Dose,Near Mint,TRUE,0.15,0,,,
69c32dbf9ca1ed48e7d90b91,402049710,,1,lci,Nurturing Bristleback,Near Mint,FALSE,0.04,5,Bin 1,5,5
69e427c59ca1ed48e7d991f9,409088111,,1,vow,Nurturing Presence,Near Mint,FALSE,0.03,2,Bin 5,9,2
69e7ea1a9ca1ed48e7d9b30d,409784083,,1,ths,Nylea's Disciple,Near Mint,TRUE,0.15,0,,,
69b0d7e99ca1ed48e7d8b914,398406673,,1,thb,Nylea's Huntmaster,Near Mint,TRUE,0.15,1,Bin 6,36,1
699b796134ce719e27b6e67a,393859665,,1,jou,Nyx Weaver,NM,FALSE,0.16,1,Bin 6,3,1
69b0d7ef9ca1ed48e7d8b974,398406736,,1,thb,Nyxborn Brute,Near Mint,TRUE,0.1,2,Bin 6,36,2
69b0d7f29ca1ed48e7d8b9a0,398406765,,1,thb,Nyxborn Colossus,Near Mint,TRUE,0.1,1,Bin 6,36,1
69b0d7ec9ca1ed48e7d8b943,398406706,,1,thb,Nyxborn Courser,Near Mint,TRUE,0.15,1,Bin 6,36,1
69af700f9a9ce4ef7aed3c48,398161612,,1,bng,Nyxborn Eidolon,NM,FALSE,0.03,13,Bin 6,19,13
699b796534ce719e27b6e6b6,393859685,,1,mh3,Nyxborn Hydra,NM,FALSE,0.05,0,,,
69b042619ca1ed48e7d8ac69,398289271,,1,bng,Nyxborn Rollicker,Near Mint,TRUE,0.15,0,,,
69efe93c4ff24d3a84876eee,411358560,,1,bng,Nyxborn Rollicker,Near Mint,FALSE,0.04,1,Bin 7,20,1
69b0d7f09ca1ed48e7d8b980,398406745,,1,thb,Nyxborn Seaguard,Near Mint,TRUE,0.15,1,Bin 6,36,1
699b7d3934ce719e27b6e7bd,393860709,,1,mh3,Nyxborn Unicorn,NM,FALSE,0.05,1,Bin 6,2,1
69af542834ce719e27b741ec,397764563,,1,bng,Nyxborn Wolf,NM,FALSE,0.03,11,Bin 6,15,11
69c323db9ca1ed48e7d90add,402044755,,1,lci,Oaken Siren,Near Mint,FALSE,0.03,10,Bin 1,3,10
69af84909ca1ed48e7d8a6d5,398179374,,1,celd,Oakhame Ranger // Bring Back,Near Mint,FALSE,0.07,2,Bin 6,21,2
69e42ea09ca1ed48e7d993c1,409092693,,1,akh,Oashra Cultivator,Near Mint,FALSE,0.05,6,Bin 5,14,6
69e904517ecc73c161d86f8e,409961733,,1,otj,Oasis Gardener,Near Mint,FALSE,0.05,13,Bin 1,13,13
69e7cbe49ca1ed48e7d9ad4d,409768185,,1,hou,Oasis Ritualist,Near Mint,FALSE,0.05,4,Bin 7,1,4
69b0a9d79ca1ed48e7d8b1be,398363643,,1,ala,Obelisk of Bant,Near Mint,FALSE,0.04,1,Bin 6,29,1
69b0a9d89ca1ed48e7d8b1d5,398363650,,1,ala,Obelisk of Grixis,Near Mint,FALSE,0.04,4,Bin 6,29,4
69b0a9d99ca1ed48e7d8b1d8,398363651,,1,ala,Obelisk of Jund,Near Mint,FALSE,0.04,2,Bin 6,29,2
69b0a9d99ca1ed48e7d8b1de,398363653,,1,ala,Obelisk of Naya,Near Mint,FALSE,0.04,1,Bin 6,29,1
69b04eaa9ca1ed48e7d8ae3d,398299133,,1,snc,Obscura Charm,Near Mint,FALSE,0.03,0,,,
69e7cbdb9ca1ed48e7d9acbd,409768139,,1,2ed,Obsianus Golem,Slightly Played,FALSE,0.55,0,,,
699b7d3734ce719e27b6e7a6,393860704,,1,mh3,Obstinate Gargoyle,NM,FALSE,0.05,1,Bin 6,2,1
69af6d5d34ce719e27b74488,398147762,,1,tla,Octopus Form,Near Mint,FALSE,0.03,0,,,
69b0addc9ca1ed48e7d8b2e3,398366923,,1,tla,Octopus Form,Near Mint,TRUE,0.1,0,,,
69e7ede29ca1ed48e7d9b35f,409785985,,1,eve,Odious Trow,Near Mint,TRUE,0.15,2,Bin 7,9,2
69e53d219ca1ed48e7d99d8f,409247533,,1,mkm,Offender at Large,Near Mint,FALSE,0.03,14,Bin 5,30,1
69e53d219ca1ed48e7d99d8f,409247533,,1,mkm,Offender at Large,Near Mint,FALSE,0.03,14,Bin 5,31,1
69e53d219ca1ed48e7d99d8f,409247533,,1,mkm,Offender at Large,Near Mint,FALSE,0.03,14,Bin 5,33,1
69e53d219ca1ed48e7d99d8f,409247533,,1,mkm,Offender at Large,Near Mint,FALSE,0.03,14,Bin 5,34,2
69e53d219ca1ed48e7d99d8f,409247533,,1,mkm,Offender at Large,Near Mint,FALSE,0.03,14,Bin 5,35,2
69e53d219ca1ed48e7d99d8f,409247533,,1,mkm,Offender at Large,Near Mint,FALSE,0.03,14,Bin 1,11,7
69e7dda49ca1ed48e7d9afc1,409778073,,1,rtr,Ogre Jailbreaker,Near Mint,TRUE,0.1,1,Bin 7,5,1
69e7dda49ca1ed48e7d9afc4,409778075,,1,rtr,Ogre Jailbreaker,Near Mint,FALSE,0.03,1,Bin 7,5,1
69e429419ca1ed48e7d99289,409089689,,1,akh,Oketra's Attendant,Near Mint,FALSE,0.05,4,Bin 5,10,4
69b042639ca1ed48e7d8ac8a,398289285,,1,emn,Olivia's Dragoon,Near Mint,TRUE,0.1,2,Bin 6,25,1
69b042639ca1ed48e7d8ac8a,398289285,,1,emn,Olivia's Dragoon,Near Mint,TRUE,0.1,2,Bin 6,26,1
69e534539ca1ed48e7d99bab,409242911,,1,mid,Olivia's Midnight Ambush,Near Mint,FALSE,0.03,2,Bin 5,27,2
69e965b97ecc73c161d9b955,410045366,,1,ltr,Olog-hai Crusher,Near Mint,FALSE,0.03,1,Bin 7,14,1
69c34cd29ca1ed48e7d90c71,402068782,,1,lci,Oltec Archaeologists,Near Mint,FALSE,0.03,5,Bin 1,7,5
69c34cd29ca1ed48e7d90c6e,402068781,,1,lci,Oltec Cloud Guard,Near Mint,FALSE,0.04,8,Bin 1,7,8
699a9e1a34ce719e27b6e0b1,393639389,,1,fin,"Omega, Heartless Evolution",NM,FALSE,0.05,1,Bin 6,6,1
69af734c9a9ce4ef7aed3d22,398165959,,1,thb,Omen of the Sea,NM,FALSE,0.03,0,,,
69b0bf1f9ca1ed48e7d8b586,398394968,,1,m19,Omenspeaker,Near Mint,FALSE,0.03,1,Bin 6,33,1
69e7ea1a9ca1ed48e7d9b313,409784085,,1,ths,Omenspeaker,Near Mint,TRUE,0.1,1,Bin 7,8,1
69af6d6934ce719e27b74555,398149025,,1,snc,Ominous Parcel,NM,FALSE,0.03,1,Bin 6,18,1
69af848e9ca1ed48e7d8a6b7,398179363,,1,dom,On Serra's Wings,Near Mint,FALSE,0.16,1,Bin 6,21,1
69e9035c7ecc73c161d86ca1,409953940,,1,mkm,On the Job,Near Mint,FALSE,0.03,3,Bin 1,12,3
69e53d259ca1ed48e7d99dcd,409247554,,1,mkm,On the Job,Near Mint,FALSE,0.05,7,Bin 5,30,1
69e53d259ca1ed48e7d99dcd,409247554,,1,mkm,On the Job,Near Mint,FALSE,0.05,7,Bin 5,32,2
69e53d259ca1ed48e7d99dcd,409247554,,1,mkm,On the Job,Near Mint,FALSE,0.05,7,Bin 5,33,2
69e53d259ca1ed48e7d99dcd,409247554,,1,mkm,On the Job,Near Mint,FALSE,0.05,7,Bin 5,34,1
69e53d259ca1ed48e7d99dcd,409247554,,1,mkm,On the Job,Near Mint,FALSE,0.05,7,Bin 5,35,1
69e4375d9ca1ed48e7d9952e,409099406,,1,bfz,Ondu Champion,Near Mint,FALSE,0.03,3,Bin 5,19,3
69e431d99ca1ed48e7d99487,409094088,,1,bfz,Ondu Greathorn,Near Mint,FALSE,0.03,10,Bin 5,16,10
699b796334ce719e27b6e692,393859673,,1,mh3,Ondu Knotmaster // Throw a Line,NM,FALSE,0.05,1,Bin 6,3,1
69e431d99ca1ed48e7d99484,409094087,,1,bfz,Ondu Rising,Near Mint,FALSE,0.05,1,Bin 5,16,1
69b042629ca1ed48e7d8ac72,398289274,,1,bfz,Ondu Rising,Near Mint,TRUE,0.15,1,Bin 6,25,1
69b0b7a39ca1ed48e7d8b3ab,398391704,,1,xln,One With the Wind,Near Mint,FALSE,0.03,2,Bin 6,31,2
69e4307c9ca1ed48e7d99422,409093662,,1,akh,Onward // Victory,Near Mint,FALSE,0.05,2,Bin 5,15,2
69edbdb32f009c9bc4cde04d,410924490,,1,dgm,Opal Lake Gatekeepers,Near Mint,FALSE,0.03,1,Bin 7,18,1
69e7cbdf9ca1ed48e7d9acfc,409768159,,1,hou,Open Fire,Near Mint,FALSE,0.05,3,Bin 7,1,3
69e42aa59ca1ed48e7d992e5,409089978,,1,akh,Open into Wonder,Near Mint,FALSE,0.11,0,,,
69ed59c779f49147a0810284,410864057,,1,khm,Open the Omenpaths,Near Mint,FALSE,0.03,0,,,
699a9e1c34ce719e27b6e0db,393639402,,1,fin,Opera Love Song,NM,FALSE,0.06,0,,,
69e96e577ecc73c161d9d6f5,410048682,,1,jou,Oppressive Rays,Near Mint,FALSE,0.05,1,Bin 7,15,1
69e431d79ca1ed48e7d99470,409094083,,1,bfz,Oracle of Dust,Near Mint,FALSE,0.03,6,Bin 5,16,6
69e4385f9ca1ed48e7d99561,409099694,,1,bfz,Oran-Rief Invoker,Near Mint,FALSE,0.03,10,Bin 5,20,10
69c323db9ca1ed48e7d90ada,402044754,,1,lci,Orazca Puzzle-Door,Near Mint,FALSE,0.03,2,Bin 1,3,2
69af848a9ca1ed48e7d8a673,398179340,,1,rix,Orazca Relic,Near Mint,FALSE,0.03,2,Bin 6,21,1
69af848a9ca1ed48e7d8a673,398179340,,1,rix,Orazca Relic,Near Mint,FALSE,0.03,2,Bin 6,33,1
69af91889ca1ed48e7d8a809,398187794,,1,ths,Ordeal of Erebos,Near Mint,FALSE,0.03,2,Bin 6,23,2
69af91899ca1ed48e7d8a80c,398187795,,1,ths,Ordeal of Heliod,Near Mint,FALSE,0.03,1,Bin 6,23,1
69af91899ca1ed48e7d8a80f,398187796,,1,ths,Ordeal of Thassa,Near Mint,FALSE,0.07,1,Bin 6,23,1
69b046bb9ca1ed48e7d8ad30,398291978,,1,celd,Order of Midnight // Alter Fate,Near Mint,FALSE,0.23,2,Bin 6,26,2
69b0d7f09ca1ed48e7d8b988,398406749,,1,thb,Oread of Mountain's Blaze,Near Mint,TRUE,0.1,1,Bin 6,36,1
69efe93d4ff24d3a84876f1a,411358567,,1,bng,Oreskos Sun Guide,Near Mint,FALSE,0.05,1,Bin 7,20,1
69b0bf229ca1ed48e7d8b5a9,398394983,,1,m19,Oreskos Swiftclaw,Near Mint,FALSE,0.03,1,Bin 6,33,1
69b0a9e09ca1ed48e7d8b25f,398363686,,1,tla,Origin of Metalbending,Near Mint,TRUE,0.25,0,,,
69e965b37ecc73c161d9b824,410045321,,1,akh,Ornery Kudu,Near Mint,TRUE,0.1,1,Bin 7,14,1
69b0c75b9ca1ed48e7d8b630,398398077,,1,akh,Ornery Kudu,Near Mint,FALSE,0.03,9,Bin 6,33,2
69b0c75b9ca1ed48e7d8b630,398398077,,1,akh,Ornery Kudu,Near Mint,FALSE,0.03,9,Bin 5,14,7
69e43fc09ca1ed48e7d996c0,409103257,,1,aer,Ornithopter,Near Mint,FALSE,0.29,5,Bin 5,26,5
69b0d3559ca1ed48e7d8b8d3,398404149,,1,dgm,Orzhov Cluestone,Near Mint,FALSE,0.08,1,Bin 6,35,1
69edbdb22f009c9bc4cde02b,410924480,,1,dgm,Orzhov Cluestone,Near Mint,FALSE,0.07,3,Bin 7,18,3
699b7d3334ce719e27b6e75d,393860684,,1,rna,Orzhov Enforcer,NM,FALSE,0.05,1,Bin 6,2,1
69edbdb42f009c9bc4cde06c,410924499,,1,dgm,Orzhov Guildgate,Near Mint,FALSE,0.04,1,Bin 7,18,1
69ed59bf79f49147a08101ee,410864008,,1,dgm,Orzhov Guildgate,Near Mint,FALSE,0.05,1,Bin 7,16,1
69b0d3499ca1ed48e7d8b82d,398404103,,1,gtc,Orzhov Guildgate,Near Mint,FALSE,0.04,2,Bin 6,35,2
69b03d219ca1ed48e7d8ab91,398283195,,1,rna,Orzhov Guildgate,Near Mint,FALSE,0.04,1,Bin 6,24,1
69b0d3559ca1ed48e7d8b8d9,398404151,,1,gtc,Orzhov Keyrune,Near Mint,FALSE,0.04,2,Bin 6,35,2
69b08a9a9ca1ed48e7d8b110,398343057,,1,ncc,Orzhov Signet,Near Mint,FALSE,0.36,1,Bin 6,28,1
69af68b734ce719e27b74416,398052961,,1,spm,Oscorp Research Team,NM,FALSE,0.03,1,Bin 6,17,1
699bb5cd34ce719e27b6eb22,393882081,,1,tla,Ostrich-Horse,NM,FALSE,0.05,1,Bin 6,8,1
69b0a9e19ca1ed48e7d8b262,398363688,,1,tla,Ostrich-Horse,Near Mint,FALSE,0.03,2,Bin 6,29,1
69b0a9e19ca1ed48e7d8b262,398363688,,1,tla,Ostrich-Horse,Near Mint,FALSE,0.03,2,Bin 6,30,1
69b0add69ca1ed48e7d8b296,398366913,,1,tla,Ostrich-Horse,Near Mint,TRUE,0.15,1,Bin 6,30,1
69c34cd29ca1ed48e7d90c6b,402068780,,1,lci,Oteclan Landmark // Oteclan Levitator,Near Mint,FALSE,0.03,7,Bin 1,7,7
69b04eb49ca1ed48e7d8aef3,398299268,,1,dsc,Otherworldly Gaze,Near Mint,FALSE,0.45,1,Bin 6,27,1
69e5392e9ca1ed48e7d99c9f,409246106,,1,emn,Otherworldly Outburst,Near Mint,FALSE,0.03,3,Bin 5,28,3
699bb19b34ce719e27b6e9ab,393880626,,1,tla,Otter-Penguin,Near Mint,FALSE,0.03,2,Bin 6,7,1
699bb19b34ce719e27b6e9ab,393880626,,1,tla,Otter-Penguin,Near Mint,FALSE,0.03,2,Bin 6,30,1
69b0bb239ca1ed48e7d8b4cf,398393263,,1,mkm,Out Cold,Near Mint,FALSE,0.03,1,Bin 6,32,1
69e53d229ca1ed48e7d99d95,409247535,,1,mkm,Out Cold,Near Mint,FALSE,0.05,6,Bin 5,30,1
69e53d229ca1ed48e7d99d95,409247535,,1,mkm,Out Cold,Near Mint,FALSE,0.05,6,Bin 5,32,3
69e53d229ca1ed48e7d99d95,409247535,,1,mkm,Out Cold,Near Mint,FALSE,0.05,6,Bin 5,34,1
69e53d229ca1ed48e7d99d95,409247535,,1,mkm,Out Cold,Near Mint,FALSE,0.05,6,Bin 5,35,1
69e900687ecc73c161d863b1,409951409,,1,mkm,Out Cold,Near Mint,FALSE,0.03,8,Bin 1,10,8
69c323db9ca1ed48e7d90ad7,402044753,,1,lci,Out of Air,Near Mint,FALSE,0.04,7,Bin 1,3,7
69c315699ca1ed48e7d90812,402033798,,1,eld,Outflank,Near Mint,TRUE,0.15,1,Bin 6,38,1
69e43db89ca1ed48e7d9963f,409102117,,1,aer,Outland Boar,Near Mint,FALSE,0.03,5,Bin 5,24,4
69e43db89ca1ed48e7d9963f,409102117,,1,aer,Outland Boar,Near Mint,FALSE,0.03,5,Bin 7,2,1
69e9133d7ecc73c161d89e99,409980903,,1,otj,Outlaw Medic,Near Mint,FALSE,0.16,2,Bin 1,21,2
69e9098a7ecc73c161d87f7d,409966247,,1,otj,Outlaws' Fury,Near Mint,FALSE,0.03,17,Bin 1,19,17
69e4375d9ca1ed48e7d9952b,409099405,,1,bfz,Outnumber,Near Mint,FALSE,0.09,4,Bin 5,19,3
69e4375d9ca1ed48e7d9952b,409099405,,1,bfz,Outnumber,Near Mint,FALSE,0.09,4,Bin 7,3,1
69e7d3bf9ca1ed48e7d9ae27,409772206,,1,bfz,Outnumber,Near Mint,TRUE,0.2,2,Bin 7,3,2
69e4218c9ca1ed48e7d990bc,409081253,,1,kld,Ovalchase Dragster,Near Mint,FALSE,0.05,4,Bin 5,5,4
69c32dbe9ca1ed48e7d90b8e,402049708,,1,lci,Over the Edge,Near Mint,FALSE,0.05,3,Bin 1,5,3
69b04eb19ca1ed48e7d8aeb6,398299202,,1,ody,Overeager Apprentice,Near Mint,FALSE,0.04,0,,,
69af73479a9ce4ef7aed3cb8,398165905,,1,stx,Overgrown Arch,NM,FALSE,0.04,1,Bin 6,20,1
69e7e09e9ca1ed48e7d9b089,409779773,,1,fdn,Overrun,Near Mint,FALSE,0.06,4,Bin 7,6,4
69e957d47ecc73c161d9880e,410039927,,1,mm2,Overwhelm,Near Mint,FALSE,0.03,1,Bin 7,12,1
69c315629ca1ed48e7d9079f,402033097,,1,eld,Overwhelmed Apprentice,Near Mint,TRUE,0.15,1,Bin 6,38,1
69e905377ecc73c161d87279,409963100,,1,otj,Overzealous Muscle,Near Mint,FALSE,0.03,9,Bin 1,14,9
69e43fc09ca1ed48e7d996bd,409103256,,1,aer,Pacification Array,Near Mint,FALSE,0.03,4,Bin 5,26,4
69c321919ca1ed48e7d909e6,402043005,,1,a25,Pacifism,Near Mint,FALSE,0.04,2,Bin 1,1,2
69efe93d4ff24d3a84876f14,411358566,,1,dtk,Pacifism,Near Mint,TRUE,0.1,1,Bin 7,20,1
69af542734ce719e27b741d8,397764557,,1,iko,Pacifism,NM,FALSE,0.03,1,Bin 6,15,1
69e534539ca1ed48e7d99bb4,409242919,,1,mid,Pack's Betrayal,Near Mint,FALSE,0.03,2,Bin 5,27,1
69e534539ca1ed48e7d99bb4,409242919,,1,mid,Pack's Betrayal,Near Mint,FALSE,0.03,2,Bin 5,34,1
69e42c299ca1ed48e7d9935b,409090863,,1,akh,Painful Lesson,Near Mint,FALSE,0.05,3,Bin 5,12,3
69e4307a9ca1ed48e7d99407,409093652,,1,akh,Painted Bluffs,Near Mint,FALSE,0.05,0,,,
69af6d6834ce719e27b74542,398148909,,1,cmr,Palace Sentinels,NM,FALSE,0.07,0,,,
699bb19534ce719e27b6e93a,393880588,,1,fin,Paladin's Arms,NM,TRUE,0.15,2,Bin 6,7,1
699bb19534ce719e27b6e93a,393880588,,1,fin,Paladin's Arms,NM,TRUE,0.15,2,Bin 6,11,1
699a9e1834ce719e27b6e07f,393639375,,1,fin,Paladin's Arms,NM,FALSE,0.04,5,Bin 6,6,2
699a9e1834ce719e27b6e07f,393639375,,1,fin,Paladin's Arms,NM,FALSE,0.04,5,Bin 6,4,2
699a9e1834ce719e27b6e07f,393639375,,1,fin,Paladin's Arms,NM,FALSE,0.04,5,Bin 6,3,1
69eea6d52f009c9bc4d748d1,411068548,,1,fin,Paladin's Arms,Near Mint,FALSE,0.03,1,Bin 7,19,1
69e91b417ecc73c161d8b8be,409999605,,1,afr,Paladin's Shield,Near Mint,FALSE,0.05,2,Bin 1,23,2
69e7ea159ca1ed48e7d9b2aa,409784045,,1,soi,Pale Rider of Trostad,Near Mint,FALSE,0.05,0,,,
69efe93c4ff24d3a84876ef4,411358561,,1,mma,Pallid Mycoderm,Near Mint,TRUE,0.1,1,Bin 7,20,1
69c34bfd9ca1ed48e7d90c4a,402068390,,1,lci,Panicked Altisaur,Near Mint,FALSE,0.04,6,Bin 1,6,6
69af6d6434ce719e27b744f5,398148481,,1,neo,Papercraft Decoy,NM,FALSE,0.03,2,Bin 6,18,2
69af518334ce719e27b7410c,397759288,,1,snc,Paragon of Modernity,NM,FALSE,0.03,1,Bin 6,14,1
69c31d9d9ca1ed48e7d90944,402040029,,1,gtc,Paranoid Delusions,Near Mint,FALSE,0.04,3,Bin 6,39,3
69af91899ca1ed48e7d8a812,398187797,,1,vis,Parapet,Near Mint,FALSE,0.09,1,Bin 6,23,1
69e954747ecc73c161d97c30,410037393,,1,nph,Parasitic Implant,Near Mint,TRUE,0.1,2,Bin 7,11,2
69b0bf1e9ca1ed48e7d8b56e,398394960,,1,dom,Pardic Wanderer,Near Mint,FALSE,0.04,1,Bin 6,33,1
699b796234ce719e27b6e68c,393859671,,1,7ed,Patagia Golem,NM,FALSE,0.07,1,Bin 6,3,1
69e7ede99ca1ed48e7d9b3d8,409786039,,1,uma,Patchwork Gnomes,Near Mint,TRUE,0.1,1,Bin 7,9,1
69af542534ce719e27b741b7,397764541,,1,cmr,Path of Ancestry,NM,FALSE,0.11,1,Bin 6,15,1
69c322e99ca1ed48e7d90ac4,402044525,,1,a25,Path of Peace,Near Mint,FALSE,0.04,2,Bin 1,2,2
69af68b634ce719e27b74404,398052955,,1,tla,Path to Redemption,Near Mint,FALSE,0.03,4,Bin 6,17,1
69af68b634ce719e27b74404,398052955,,1,tla,Path to Redemption,Near Mint,FALSE,0.03,4,Bin 6,30,3
699bb5c534ce719e27b6ea9b,393882048,,1,tla,Path to Redemption,NM,FALSE,0.05,1,Bin 6,8,1
69af734d9a9ce4ef7aed3d37,398165969,,1,mid,Path to the Festival,NM,FALSE,0.03,1,Bin 6,20,1
69c32dbe9ca1ed48e7d90b8b,402049707,,1,lci,Pathfinding Axejaw,Near Mint,FALSE,0.04,3,Bin 1,5,3
69e42d5e9ca1ed48e7d99390,409091239,,1,akh,Pathmaker Initiate,Near Mint,FALSE,0.03,12,Bin 5,13,12
69e7d3c59ca1ed48e7d9ae86,409772238,,1,bfz,Pathway Arrows,Near Mint,TRUE,0.15,2,Bin 7,3,2
69e9083c7ecc73c161d87bd1,409965710,,1,otj,Patient Naturalist,Near Mint,FALSE,0.03,18,Bin 1,17,7
69e9083c7ecc73c161d87bd1,409965710,,1,otj,Patient Naturalist,Near Mint,FALSE,0.03,18,Bin 1,18,11
69af848e9ca1ed48e7d8a6ba,398179364,,1,m20,Pattern Matcher,Near Mint,FALSE,0.03,1,Bin 6,21,1
69b0b79f9ca1ed48e7d8b363,398391680,,1,cns,Peace Strider,Near Mint,FALSE,0.04,1,Bin 6,31,1
69e91e307ecc73c161d8c2b6,410002351,,1,blb,Pearl of Wisdom,Near Mint,FALSE,0.05,10,Bin 1,25,10
69e935997ecc73c161d911ab,410018255,,1,dsk,Peculiar Lighthouse,Near Mint,FALSE,0.05,0,,,
69e43db99ca1ed48e7d99651,409102121,,1,aer,Peema Aether-Seer,Near Mint,FALSE,0.03,2,Bin 5,24,2
69e7d7869ca1ed48e7d9aef7,409773408,,1,kld,Peema Outrider,Near Mint,FALSE,0.03,1,Bin 7,4,1
69e907107ecc73c161d87856,409964035,,1,otj,Peerless Ropemaster,Near Mint,FALSE,0.03,14,Bin 1,16,14
69b0b7a69ca1ed48e7d8b3e8,398391723,,1,dom,Pegasus Courser,Near Mint,FALSE,0.04,2,Bin 6,31,2
69b0b7a09ca1ed48e7d8b378,398391687,,1,cns,Pelakka Wurm,Near Mint,FALSE,0.04,1,Bin 6,31,1
69b08a969ca1ed48e7d8b0ce,398343011,,1,cns,Pelakka Wurm,Near Mint,TRUE,0.15,1,Bin 6,28,1
69e965bc7ecc73c161d9b982,410045387,,1,ltr,Pelargir Survivor,Near Mint,FALSE,0.03,3,Bin 7,14,3
69b0c7659ca1ed48e7d8b6c3,398398122,,1,jou,Pensive Minotaur,Near Mint,FALSE,0.03,1,Bin 6,33,1
69e96e5b7ecc73c161d9d73e,410048703,,1,jou,Pensive Minotaur,Near Mint,TRUE,0.1,3,Bin 7,15,3
69e7ede29ca1ed48e7d9b365,409785987,,1,mm3,Penumbra Spider,Near Mint,TRUE,0.15,1,Bin 7,9,1
69e534479ca1ed48e7d99b04,409242784,,1,fdn,Perforating Artist,Near Mint,FALSE,0.03,1,Bin 5,27,1
69e43bdc9ca1ed48e7d99607,409101633,,1,aer,Perilous Predicament,Near Mint,FALSE,0.05,4,Bin 5,23,4
69efe9374ff24d3a84876e48,411358532,,1,mma,Perilous Research,Near Mint,FALSE,7.3,0,,,
69efe9374ff24d3a84876e41,411358531,,1,mma,Perilous Research,Near Mint,FALSE,0.4,0,,,
69e7dda49ca1ed48e7d9afcd,409778079,,1,rtr,Perilous Shadow,Near Mint,FALSE,0.03,1,Bin 7,5,1
69b0bb219ca1ed48e7d8b4ae,398393250,,1,xln,Perilous Voyage,Near Mint,FALSE,0.04,2,Bin 6,32,2
69e535b89ca1ed48e7d99c67,409244281,,1,mkm,Perimeter Enforcer,Near Mint,FALSE,0.05,2,Bin 5,8,1
69e535b89ca1ed48e7d99c67,409244281,,1,mkm,Perimeter Enforcer,Near Mint,FALSE,0.05,2,Bin 5,36,1
69e7d3bc9ca1ed48e7d9ae01,409772200,,1,kld,Perpetual Timepiece,Near Mint,FALSE,0.03,3,Bin 7,3,2
69e7d3bc9ca1ed48e7d9ae01,409772200,,1,kld,Perpetual Timepiece,Near Mint,FALSE,0.03,3,Bin 7,4,1
69e427c49ca1ed48e7d991ea,409088105,,1,vow,Persistent Specimen,Near Mint,FALSE,0.04,0,,,
69e541609ca1ed48e7d99e80,409249310,,1,mkm,Person of Interest,Near Mint,FALSE,0.03,19,Bin 5,31,2
69e541609ca1ed48e7d99e80,409249310,,1,mkm,Person of Interest,Near Mint,FALSE,0.03,19,Bin 5,32,4
69e541609ca1ed48e7d99e80,409249310,,1,mkm,Person of Interest,Near Mint,FALSE,0.03,19,Bin 5,33,2
69e541609ca1ed48e7d99e80,409249310,,1,mkm,Person of Interest,Near Mint,FALSE,0.03,19,Bin 5,34,2
69e541609ca1ed48e7d99e80,409249310,,1,mkm,Person of Interest,Near Mint,FALSE,0.03,19,Bin 1,11,9
69af68aa34ce719e27b7433b,398052881,,1,ecl,Personify,NM,FALSE,0.14,1,Bin 6,17,1
69e70c389ca1ed48e7d9a966,409616307,,1,cmkm,Persuasive Interrogators,Near Mint,FALSE,0.05,1,Bin 5,36,1
69e93a267ecc73c161d92188,410020550,,1,nph,Pestilent Souleater,Near Mint,TRUE,0.1,0,,,
69c34cd29ca1ed48e7d90c68,402068779,,1,lci,Petrify,Near Mint,FALSE,0.05,5,Bin 1,7,5
699b796434ce719e27b6e6aa,393859681,,1,mh3,Petrifying Meddler,NM,FALSE,0.05,2,Bin 6,3,1
699b796434ce719e27b6e6aa,393859681,,1,mh3,Petrifying Meddler,NM,FALSE,0.05,2,Bin 6,2,1
69e7ea1b9ca1ed48e7d9b319,409784087,,1,ths,Phalanx Leader,Near Mint,FALSE,0.05,2,Bin 7,8,2
69b046c39ca1ed48e7d8ada7,398292006,,1,plc,Phantasmagorian,Near Mint,FALSE,0.17,2,Bin 6,26,2
69c321969ca1ed48e7d90a46,402043038,,1,a25,Phantasmal Bear,Near Mint,FALSE,0.04,4,Bin 1,1,4
69e907107ecc73c161d87853,409964034,,1,otj,Phantom Interference,Near Mint,FALSE,0.09,14,Bin 1,16,14
69af4fdd34ce719e27b740ca,397758040,,1,bng,Pharagax Giant,NM,FALSE,0.03,16,Bin 6,13,16
69e96e5f7ecc73c161d9d77c,410048723,,1,jou,Pharika's Chosen,Near Mint,TRUE,0.1,1,Bin 7,15,1
69c31d9a9ca1ed48e7d90912,402040017,,1,ths,Pharika's Mender,Near Mint,FALSE,0.03,2,Bin 6,39,2
69af542134ce719e27b7416b,397764516,,1,iko,Phase Dolphin,NM,FALSE,0.03,1,Bin 6,15,1
69af542834ce719e27b741ef,397764564,,1,bng,Pheres-Band Tromper,LP,FALSE,0.02,11,Bin 6,15,11
69efe9354ff24d3a84876de2,411358515,,1,bng,Pheres-Band Tromper,Near Mint,TRUE,0.05,1,Bin 7,20,1
699b75b034ce719e27b6e5cc,393858097,,1,fin,Phoenix Down,NM,FALSE,0.04,1,Bin 6,4,1
699b796234ce719e27b6e683,393859668,,1,ulg,Phyrexian Defiler,LP,FALSE,0.1,1,Bin 6,3,1
69c321989ca1ed48e7d90a67,402043049,,1,a25,Phyrexian Ghoul,Near Mint,FALSE,0.04,3,Bin 1,1,3
69b0d3529ca1ed48e7d8b8b2,398404138,,1,m13,Phyrexian Hulk,Near Mint,FALSE,0.03,1,Bin 6,35,1
69edbdaf2f009c9bc4cddfa4,410924442,,1,dgm,Phytoburst,Near Mint,FALSE,0.06,0,,,
69b0cca49ca1ed48e7d8b785,398401824,,1,dgm,Phytoburst,Near Mint,FALSE,0.08,3,Bin 6,34,3
69e7ea149ca1ed48e7d9b29b,409784029,,1,soi,Pick the Brain,Near Mint,TRUE,0.1,2,Bin 7,8,2
69af91859ca1ed48e7d8a7c9,398187773,,1,woe,Picnic Ruiner // Stolen Goodies,Near Mint,FALSE,0.04,1,Bin 6,23,1
69e954697ecc73c161d97b6b,410037329,,1,tdm,Piercing Exhale,Near Mint,FALSE,0.05,1,Bin 7,11,1
69e9243b7ecc73c161d8d725,410006146,,1,blb,Pileated Provisioner,Near Mint,FALSE,0.03,10,Bin 1,28,10
69af700f9a9ce4ef7aed3c4e,398161616,,1,blb,Pileated Provisioner,NM,FALSE,0.03,2,Bin 6,19,2
69e7e0a59ca1ed48e7d9b0f6,409779808,,1,fdn,Pilfer,Near Mint,FALSE,0.03,3,Bin 7,6,3
69e7e0a59ca1ed48e7d9b0f3,409779807,,1,fdn,Pilfer,Near Mint,TRUE,0.1,1,Bin 7,6,1
69c31d9d9ca1ed48e7d9093a,402040027,,1,dgm,Pilfered Plans,Near Mint,FALSE,0.04,1,Bin 6,39,1
69ed59be79f49147a08101d9,410864001,,1,dgm,Pilfered Plans,Near Mint,FALSE,0.03,2,Bin 7,16,1
69ed59be79f49147a08101d9,410864001,,1,dgm,Pilfered Plans,Near Mint,FALSE,0.03,2,Bin 7,17,1
69ed59c979f49147a08102b1,410864072,,1,khm,Pilfering Hawk,Near Mint,FALSE,0.03,1,Bin 7,16,1
69af518634ce719e27b7413b,397759308,,1,stx,Pilgrim of the Ages,NM,FALSE,0.04,1,Bin 6,14,1
69e954717ecc73c161d97bfd,410037376,,1,ema,Pilgrim's Eye,Near Mint,TRUE,0.15,1,Bin 7,11,1
699bb5c634ce719e27b6eab1,393882054,,1,tla,Pillar Launch,NM,FALSE,0.03,1,Bin 6,8,1
69b0a9e09ca1ed48e7d8b25c,398363685,,1,tla,Pillar Launch,Near Mint,TRUE,0.1,1,Bin 6,29,1
69af542734ce719e27b741e1,397764560,,1,stx,Pillardrop Rescuer,NM,FALSE,0.04,1,Bin 6,15,1
69b0b79e9ca1ed48e7d8b34b,398391672,,1,cns,Pillarfield Ox,Near Mint,FALSE,0.03,1,Bin 6,31,1
69ed5f1679f49147a08132b4,410865325,,1,ktk,Pine Walker,Near Mint,FALSE,0.05,1,Bin 7,17,1
69e931577ecc73c161d9031f,410015751,,1,dsk,Piranha Fly,Near Mint,FALSE,0.03,11,Bin 1,32,11
69c323db9ca1ed48e7d90ad4,402044752,,1,lci,Pirate Hat,Near Mint,FALSE,0.03,10,Bin 1,3,10
699bb19d34ce719e27b6e9cf,393880644,,1,tla,Pirate Peddlers,NM,FALSE,0.05,2,Bin 6,7,1
699bb19d34ce719e27b6e9cf,393880644,,1,tla,Pirate Peddlers,NM,FALSE,0.05,2,Bin 6,9,1
69af68b934ce719e27b7442d,398052969,,1,tla,Pirate Peddlers,NM,FALSE,0.03,1,Bin 6,17,1
69b046c29ca1ed48e7d8ad95,398292001,,1,xln,Pirate's Cutlass,Near Mint,FALSE,0.03,1,Bin 6,26,1
69b0bb179ca1ed48e7d8b41b,398393197,,1,xln,Pirate's Prize,Near Mint,FALSE,0.04,0,,,
69eea6d12f009c9bc4d7488c,411068527,,1,dft,Pit Automaton,Near Mint,FALSE,0.04,1,Bin 7,19,1
69c31d969ca1ed48e7d908cb,402039995,,1,gtc,Pit Fight,Near Mint,FALSE,0.04,2,Bin 6,39,2
69e7ede69ca1ed48e7d9b39f,409786013,,1,mm3,Pit Keeper,Near Mint,TRUE,0.15,1,Bin 7,9,1
69e954757ecc73c161d97c36,410037395,,1,nph,Pith Driller,Near Mint,TRUE,0.1,1,Bin 7,11,1
69e96e5c7ecc73c161d9d74f,410048708,,1,akh,Pitiless Vizier,Near Mint,FALSE,0.03,1,Bin 7,15,1
69e42c299ca1ed48e7d99358,409090862,,1,akh,Pitiless Vizier,Near Mint,FALSE,0.03,5,Bin 5,12,5
69e91b467ecc73c161d8b91b,409999643,,1,cafr,Pixie Guide,Near Mint,FALSE,0.06,1,Bin 1,23,1
69af86d89ca1ed48e7d8a703,398181805,,1,m19,Plague Mare,Near Mint,FALSE,0.13,1,Bin 6,22,1
699b795d34ce719e27b6e636,393859653,,1,fin,Plains,NM,FALSE,0.09,1,Bin 6,3,1
69e91b417ecc73c161d8b8bb,409999603,,1,afr,Planar Ally,Near Mint,FALSE,0.05,1,Bin 1,23,1
69b0a9de9ca1ed48e7d8b231,398363674,,1,tla,Platypus-Bear,Near Mint,FALSE,0.03,2,Bin 6,29,2
69b0a9de9ca1ed48e7d8b234,398363675,,1,tla,Platypus-Bear,Near Mint,TRUE,0.15,1,Bin 6,29,1
699bb19834ce719e27b6e979,393880609,,1,tla,Platypus-Bear,NM,FALSE,0.05,3,Bin 6,7,2
699bb19834ce719e27b6e979,393880609,,1,tla,Platypus-Bear,NM,FALSE,0.05,3,Bin 6,9,1
69c321949ca1ed48e7d90a28,402043028,,1,a25,Plummet,Near Mint,FALSE,0.04,2,Bin 1,1,2
69e91b447ecc73c161d8b8f1,409999627,,1,afr,Plummet,Near Mint,FALSE,0.05,4,Bin 1,23,4
69b0cca69ca1ed48e7d8b7a1,398401841,,1,bfz,Plummet,Near Mint,FALSE,0.03,12,Bin 6,34,1
69b0cca69ca1ed48e7d8b7a1,398401841,,1,bfz,Plummet,Near Mint,FALSE,0.03,12,Bin 5,20,11
69e7ea179ca1ed48e7d9b2d4,409784062,,1,mm2,Plummet,Near Mint,TRUE,0.1,1,Bin 7,8,1
69e957d47ecc73c161d98805,410039924,,1,mm2,Plummet,Near Mint,TRUE,0.1,2,Bin 7,12,2
69b0cca69ca1ed48e7d8b7a4,398401843,,1,ori,Plummet,Near Mint,FALSE,0.16,1,Bin 6,34,1
69b0cca39ca1ed48e7d8b779,398401816,,1,rix,Plummet,Near Mint,FALSE,0.03,3,Bin 6,34,2
69b0cca39ca1ed48e7d8b779,398401816,,1,rix,Plummet,Near Mint,FALSE,0.03,3,Bin 7,7,1
69b0d7e89ca1ed48e7d8b8ff,398406658,,1,thb,Plummet,Near Mint,TRUE,0.1,1,Bin 6,36,1
69e91b427ecc73c161d8b8d3,409999614,,1,afr,Plundering Barbarian,Near Mint,FALSE,0.08,2,Bin 1,23,2
69c34bfd9ca1ed48e7d90c47,402068389,,1,lci,Plundering Pirate,Near Mint,FALSE,0.04,8,Bin 1,6,8
69e427c49ca1ed48e7d991e7,409088104,,1,vow,Pointed Discussion,Near Mint,FALSE,0.04,1,Bin 5,9,1
69e9546b7ecc73c161d97b92,410037342,,1,tdm,Poised Practitioner,Near Mint,FALSE,0.05,1,Bin 7,11,1
69c32dbe9ca1ed48e7d90b88,402049706,,1,lci,Poison Dart Frog,Near Mint,FALSE,0.07,4,Bin 1,5,4
699b75a834ce719e27b6e542,393858018,,1,fin,Poison the Waters,NM,FALSE,0.04,1,Bin 6,4,1
69e920ca7ecc73c161d8cb47,410003519,,1,blb,Polliwallop,Near Mint,FALSE,0.05,3,Bin 1,26,3
69e535b99ca1ed48e7d99c7c,409244295,,1,mkm,Polygraph Orb,Near Mint,FALSE,0.05,2,Bin 5,8,1
69e535b99ca1ed48e7d99c7c,409244295,,1,mkm,Polygraph Orb,Near Mint,FALSE,0.05,2,Bin 5,36,1
69e70c2e9ca1ed48e7d9a8c9,409616266,,1,mkm,Pompous Gadabout,Near Mint,FALSE,0.05,2,Bin 5,36,2
69e427c99ca1ed48e7d99235,409088129,,1,ktk,Ponyback Brigade,Near Mint,FALSE,0.05,5,Bin 5,9,5
69e93a267ecc73c161d9217f,410020547,,1,nph,Porcelain Legionnaire,Near Mint,FALSE,0.05,3,Bin 7,10,3
69b0d7e99ca1ed48e7d8b911,398406670,,1,thb,Portent of Betrayal,Near Mint,TRUE,0.15,1,Bin 6,36,1
69af518434ce719e27b74115,397759292,,1,thb,Portent of Betrayal,NM,FALSE,0.03,1,Bin 6,14,1
69e9359b7ecc73c161d911c0,410018269,,1,dsk,Possessed Goat,Near Mint,FALSE,0.03,12,Bin 1,37,12
69e95c897ecc73c161d998bb,410042494,,1,xln,Pounce,Near Mint,FALSE,0.03,2,Bin 7,13,2
69b0bb1a9ca1ed48e7d8b44a,398393214,,1,xln,Pounce,Near Mint,FALSE,0.04,4,Bin 6,32,1
69b0bb1a9ca1ed48e7d8b44a,398393214,,1,xln,Pounce,Near Mint,FALSE,0.04,4,Bin 6,34,3
69b0c75b9ca1ed48e7d8b633,398398078,,1,akh,Pouncing Cheetah,Near Mint,FALSE,0.03,2,Bin 6,33,1
69b0c75b9ca1ed48e7d8b633,398398078,,1,akh,Pouncing Cheetah,Near Mint,FALSE,0.03,2,Bin 7,14,1
69e42ea09ca1ed48e7d993bc,409092692,,1,akh,Pouncing Cheetah,Near Mint,FALSE,0.05,8,Bin 5,14,8
69b08a969ca1ed48e7d8b0c8,398343007,,1,cns,Power of Fire,Near Mint,TRUE,0.15,1,Bin 6,28,1
69e7d78a9ca1ed48e7d9af30,409773416,,1,kld,Prakhata Club Security,Near Mint,FALSE,0.03,1,Bin 7,4,1
69e7d7889ca1ed48e7d9af14,409773413,,1,kld,Prakhata Pillar-Bug,Near Mint,TRUE,0.1,2,Bin 7,4,1
69e7d7889ca1ed48e7d9af14,409773413,,1,kld,Prakhata Pillar-Bug,Near Mint,TRUE,0.1,2,Bin 7,5,1
69e91b477ecc73c161d8b933,409999680,,1,afr,Precipitous Drop,Near Mint,FALSE,0.05,1,Bin 1,23,1
69b0cca39ca1ed48e7d8b77c,398401817,,1,gtc,Predator's Rapport,Near Mint,FALSE,0.03,1,Bin 6,34,1
69af91899ca1ed48e7d8a818,398187799,,1,exo,Predatory Hunger,Near Mint,FALSE,0.56,0,,,
69e7ea169ca1ed48e7d9b2c2,409784054,,1,frf,Pressure Point,Near Mint,FALSE,0.05,1,Bin 7,8,1
69b0bf1b9ca1ed48e7d8b53d,398394940,,1,kld,Pressure Point,Near Mint,FALSE,0.03,13,Bin 6,33,2
69b0bf1b9ca1ed48e7d8b53d,398394940,,1,kld,Pressure Point,Near Mint,FALSE,0.03,13,Bin 5,1,8
69b0bf1b9ca1ed48e7d8b53d,398394940,,1,kld,Pressure Point,Near Mint,FALSE,0.03,13,Bin 7,3,1
69b0bf1b9ca1ed48e7d8b53d,398394940,,1,kld,Pressure Point,Near Mint,FALSE,0.03,13,Bin 7,4,2
69e70c389ca1ed48e7d9a963,409616306,,1,mkm,Presumed Dead,Near Mint,FALSE,0.05,1,Bin 5,36,1
699bb19334ce719e27b6e91f,393880579,,1,tla,Pretending Poxbearers,Near Mint,FALSE,0.03,5,Bin 6,7,1
699bb19334ce719e27b6e91f,393880579,,1,tla,Pretending Poxbearers,Near Mint,FALSE,0.03,5,Bin 6,8,1
699bb19334ce719e27b6e91f,393880579,,1,tla,Pretending Poxbearers,Near Mint,FALSE,0.03,5,Bin 6,17,1
699bb19334ce719e27b6e91f,393880579,,1,tla,Pretending Poxbearers,Near Mint,FALSE,0.03,5,Bin 6,29,2
69b0cc9e9ca1ed48e7d8b72d,398401775,,1,aer,Prey Upon,Near Mint,FALSE,0.03,1,Bin 6,34,1
69b0cc9e9ca1ed48e7d8b72a,398401774,,1,grn,Prey Upon,Near Mint,FALSE,0.03,1,Bin 6,34,1
69e91cfc7ecc73c161d8beda,410001559,,1,uma,Prey Upon,Near Mint,FALSE,0.03,1,Bin 1,24,1
69e7ede29ca1ed48e7d9b368,409785989,,1,uma,Prey Upon,Near Mint,TRUE,0.1,1,Bin 7,9,1
69af848c9ca1ed48e7d8a691,398179351,,1,grn,Price of Fame,Near Mint,FALSE,0.13,1,Bin 6,21,1
699bb19c34ce719e27b6e9b6,393880629,,1,tla,Price of Freedom,NM,FALSE,0.03,0,,,
69e91b427ecc73c161d8b8d0,409999612,,1,afr,Price of Loyalty,Near Mint,FALSE,0.05,2,Bin 1,23,2
69af580c34ce719e27b742af,397801733,,1,iko,Prickly Marmoset,NM,FALSE,0.03,1,Bin 6,16,1
69e90ad67ecc73c161d883e0,409968317,,1,otj,Prickly Pair,Near Mint,FALSE,0.03,12,Bin 1,20,12
69b0b79e9ca1ed48e7d8b348,398391671,,1,cns,Pride Guardian,Near Mint,FALSE,0.04,4,Bin 6,31,2
69b0b79e9ca1ed48e7d8b348,398391671,,1,cns,Pride Guardian,Near Mint,FALSE,0.04,4,Bin 6,32,2
699bbb7634ce719e27b6ebdd,393884939,,1,ecl,Prideful Feastling,NM,FALSE,0.05,1,Bin 6,10,1
69e7e09e9ca1ed48e7d9b08c,409779774,,1,fdn,Prideful Parent,Near Mint,FALSE,0.03,2,Bin 7,6,2
69af580d34ce719e27b742c6,397801836,,1,m21,Pridemalkin,NM,FALSE,0.06,1,Bin 6,16,1
69c321999ca1ed48e7d90a7f,402043057,,1,a25,Primal Clay,Near Mint,FALSE,0.04,3,Bin 1,1,3
69b0dd079ca1ed48e7d8baa0,398420448,,1,m13,Primal Clay,Near Mint,FALSE,0.04,1,Bin 6,37,1
69af68ad34ce719e27b7436a,398052897,,1,iko,Primal Empathy,NM,FALSE,0.03,1,Bin 6,17,1
69b03d1d9ca1ed48e7d8ab4c,398283167,,1,tsr,Primal Plasma,Near Mint,TRUE,0.15,1,Bin 6,24,1
69c322e79ca1ed48e7d90a94,402044509,,1,lci,Primordial Gnawer,Near Mint,FALSE,0.03,7,Bin 1,2,7
699a9e1a34ce719e27b6e0ab,393639387,,1,fin,Prishe's Wanderings,NM,FALSE,0.04,1,Bin 6,6,1
699bbb7534ce719e27b6ebce,393884934,,1,ecl,Prismabasher,NM,FALSE,0.05,1,Bin 6,10,1
69b042669ca1ed48e7d8acb2,398289302,,1,stx,Prismari Campus,Near Mint,FALSE,0.07,2,Bin 6,25,2
69e918627ecc73c161d8af52,409994872,,1,m20,Prismite,Near Mint,FALSE,0.03,1,Bin 1,22,1
69efe93e4ff24d3a84876f40,411358572,,1,war,Prison Realm,Near Mint,FALSE,0.03,1,Bin 7,20,1
69e43fc09ca1ed48e7d996ba,409103254,,1,aer,Prizefighter Construct,Near Mint,FALSE,0.03,9,Bin 5,26,6
69e43fc09ca1ed48e7d996ba,409103254,,1,aer,Prizefighter Construct,Near Mint,FALSE,0.03,9,Bin 7,2,3
699bb5c534ce719e27b6eaa1,393882050,,1,tla,"Professor Zei, Anthropologist",NM,TRUE,0.15,2,Bin 6,8,1
699bb5c534ce719e27b6eaa1,393882050,,1,tla,"Professor Zei, Anthropologist",NM,TRUE,0.15,2,Bin 6,17,1
69edbdad2f009c9bc4cddf65,410924423,,1,dgm,Profit // Loss,Near Mint,FALSE,0.04,1,Bin 7,18,1
69e5415d9ca1ed48e7d99e55,409249302,,1,mkm,Projektor Inspector,Near Mint,FALSE,0.02,14,Bin 5,31,1
69e5415d9ca1ed48e7d99e55,409249302,,1,mkm,Projektor Inspector,Near Mint,FALSE,0.02,14,Bin 5,32,2
69e5415d9ca1ed48e7d99e55,409249302,,1,mkm,Projektor Inspector,Near Mint,FALSE,0.02,14,Bin 5,33,1
69e5415d9ca1ed48e7d99e55,409249302,,1,mkm,Projektor Inspector,Near Mint,FALSE,0.02,14,Bin 5,35,3
69e5415d9ca1ed48e7d99e55,409249302,,1,mkm,Projektor Inspector,Near Mint,FALSE,0.02,14,Bin 1,10,7
69e8fe637ecc73c161d85e34,409950466,,1,lci,Promising Vein,Near Mint,FALSE,0.05,10,Bin 1,8,10
699a9e1634ce719e27b6e05c,393639364,,1,fin,Prompto Argentum,NM,FALSE,0.03,2,Bin 6,6,1
699a9e1634ce719e27b6e05c,393639364,,1,fin,Prompto Argentum,NM,FALSE,0.03,2,Bin 6,3,1
69b0b7a79ca1ed48e7d8b3eb,398391724,,1,kld,Propeller Pioneer,Near Mint,FALSE,0.03,12,Bin 6,31,2
69b0b7a79ca1ed48e7d8b3eb,398391724,,1,kld,Propeller Pioneer,Near Mint,FALSE,0.03,12,Bin 5,1,8
69b0b7a79ca1ed48e7d8b3eb,398391724,,1,kld,Propeller Pioneer,Near Mint,FALSE,0.03,12,Bin 7,3,1
69b0b7a79ca1ed48e7d8b3eb,398391724,,1,kld,Propeller Pioneer,Near Mint,FALSE,0.03,12,Bin 7,5,1
69e93a2a7ecc73c161d921c9,410020587,,1,ogw,Prophet of Distortion,Near Mint,FALSE,0.12,1,Bin 7,10,1
69e93a287ecc73c161d921ab,410020564,,1,ogw,Prophet of Distortion,Near Mint,TRUE,0.25,0,,,
69c315679ca1ed48e7d907fd,402033628,,1,eld,Prophet of the Peak,Near Mint,TRUE,0.15,2,Bin 6,38,1
69c315679ca1ed48e7d907fd,402033628,,1,eld,Prophet of the Peak,Near Mint,TRUE,0.15,2,Bin 6,39,1
69e534459ca1ed48e7d99ae3,409242754,,1,emn,Prophetic Ravings,Near Mint,FALSE,0.03,4,Bin 5,27,1
69e534459ca1ed48e7d99ae3,409242754,,1,emn,Prophetic Ravings,Near Mint,FALSE,0.03,4,Bin 5,28,3
69b0bb189ca1ed48e7d8b430,398393205,,1,xln,Prosperous Pirates,Near Mint,FALSE,0.03,1,Bin 6,32,1
69b03d279ca1ed48e7d8abed,398283221,,1,woe,Protective Parents,Near Mint,FALSE,0.03,2,Bin 6,24,1
69b03d279ca1ed48e7d8abed,398283221,,1,woe,Protective Parents,Near Mint,FALSE,0.03,2,Bin 6,29,1
69e95c857ecc73c161d99878,410042471,,1,ltr,Protector of Gondor,Near Mint,FALSE,0.03,2,Bin 7,13,2
69b0bb1d9ca1ed48e7d8b476,398393230,,1,hou,Proven Combatant,Near Mint,FALSE,0.03,1,Bin 6,32,1
69eea6d22f009c9bc4d74893,411068528,,1,dft,Prowcatcher Specialist,Near Mint,FALSE,0.04,1,Bin 7,19,1
69af542234ce719e27b74179,397764520,,1,rna,Prowling Caracal,NM,FALSE,0.03,1,Bin 6,15,1
69e9546d7ecc73c161d97bb3,410037351,,1,ema,Prowling Pangolin,Near Mint,TRUE,0.15,1,Bin 7,11,1
69c31d9d9ca1ed48e7d90947,402040030,,1,gtc,Psychic Strike,Near Mint,FALSE,0.18,0,,,
69e91cf97ecc73c161d8be92,410001535,,1,blb,Psychic Whorl,Near Mint,FALSE,0.03,11,Bin 1,24,11
69b0b7a79ca1ed48e7d8b3ee,398391725,,1,xln,Pterodon Knight,Near Mint,FALSE,0.03,1,Bin 6,31,1
699b75ad34ce719e27b6e59a,393858081,,1,fin,PuPu UFO,NM,FALSE,0.06,0,,,
69e53d279ca1ed48e7d99de9,409247562,,1,mkm,Public Thoroughfare,Near Mint,FALSE,0.05,8,Bin 5,30,1
69e53d279ca1ed48e7d99de9,409247562,,1,mkm,Public Thoroughfare,Near Mint,FALSE,0.05,8,Bin 5,31,1
69e53d279ca1ed48e7d99de9,409247562,,1,mkm,Public Thoroughfare,Near Mint,FALSE,0.05,8,Bin 5,32,2
69e53d279ca1ed48e7d99de9,409247562,,1,mkm,Public Thoroughfare,Near Mint,FALSE,0.05,8,Bin 5,33,2
69e53d279ca1ed48e7d99de9,409247562,,1,mkm,Public Thoroughfare,Near Mint,FALSE,0.05,8,Bin 5,34,1
69e53d279ca1ed48e7d99de9,409247562,,1,mkm,Public Thoroughfare,Near Mint,FALSE,0.05,8,Bin 5,35,1
69e904517ecc73c161d86f94,409961736,,1,mkm,Public Thoroughfare,Near Mint,FALSE,0.03,7,Bin 1,13,7
699bb82534ce719e27b6eb5d,393883191,,1,peoe,Pull Through the Weft,NM,FALSE,0.05,1,Bin 6,9,1
699bb5c034ce719e27b6ea37,393882017,,1,spm,Pumpkin Bombardment,NM,FALSE,0.03,1,Bin 6,8,1
69e7ede39ca1ed48e7d9b377,409785996,,1,eve,Puncture Blast,Near Mint,TRUE,0.15,1,Bin 7,9,1
69b0c7629ca1ed48e7d8b696,398398107,,1,dgm,Punish the Enemy,Near Mint,FALSE,0.04,2,Bin 6,33,2
69edbdb12f009c9bc4cddfed,410924464,,1,dgm,Punish the Enemy,Near Mint,FALSE,0.03,3,Bin 7,18,3
69af68ab34ce719e27b74349,398052885,,1,mid,Purifying Dragon,NM,FALSE,0.03,1,Bin 6,17,1
69e42d5e9ca1ed48e7d9938d,409091238,,1,akh,Pursue Glory,Near Mint,FALSE,0.03,6,Bin 5,13,6
69e70c359ca1ed48e7d9a932,409616293,,1,mkm,Push // Pull,Near Mint,FALSE,0.05,1,Bin 5,36,1
69b04eaf9ca1ed48e7d8ae92,398299189,,1,dft,Push the Limit,Near Mint,FALSE,0.04,1,Bin 6,27,1
69af542134ce719e27b7416e,397764517,,1,iko,Pyroceratops,NM,FALSE,0.03,1,Bin 6,15,1
699b72ec34ce719e27b6e4e1,393856647,,1,fin,Qiqirn Merchant,NM,FALSE,0.04,15,Bin 6,5,13
699b72ec34ce719e27b6e4e1,393856647,,1,fin,Qiqirn Merchant,NM,FALSE,0.04,15,Bin 6,3,2
699bb19634ce719e27b6e949,393880594,,1,fin,Qiqirn Merchant,NM,TRUE,0.15,1,Bin 6,7,1
69b04eb89ca1ed48e7d8af35,398299292,,1,mh1,Quakefoot Cyclops,Near Mint,FALSE,0.03,1,Bin 6,27,1
69af542534ce719e27b741b4,397764540,,1,stx,Quandrix Campus,Near Mint,FALSE,0.06,2,Bin 6,15,1
69af542534ce719e27b741b4,397764540,,1,stx,Quandrix Campus,Near Mint,FALSE,0.06,2,Bin 6,25,1
69af68b034ce719e27b7439d,398052918,,1,stx,Quandrix Cultivator,NM,FALSE,0.05,1,Bin 6,17,1
69b0c75b9ca1ed48e7d8b636,398398079,,1,akh,Quarry Hauler,Near Mint,FALSE,0.03,10,Bin 6,33,2
69b0c75b9ca1ed48e7d8b636,398398079,,1,akh,Quarry Hauler,Near Mint,FALSE,0.03,10,Bin 5,14,8
699b795b34ce719e27b6e61c,393859650,,1,fin,Queen Brahne,NM,FALSE,0.07,1,Bin 6,3,1
69b042689ca1ed48e7d8acdc,398289315,,1,celd,Queen of Ice // Rage of Winter,Near Mint,FALSE,0.28,4,Bin 6,25,3
69b042689ca1ed48e7d8acdc,398289315,,1,celd,Queen of Ice // Rage of Winter,Near Mint,FALSE,0.28,4,Bin 6,27,1
69b0bf1a9ca1ed48e7d8b531,398394935,,1,xln,Queen's Commission,Near Mint,FALSE,0.04,2,Bin 6,33,2
69e95c887ecc73c161d998a1,410042484,,1,xln,Queen's Commission,Near Mint,FALSE,0.03,1,Bin 7,13,1
69b0bb239ca1ed48e7d8b4d2,398393264,,1,rna,Quench,Near Mint,FALSE,0.03,1,Bin 6,32,1
69af918b9ca1ed48e7d8a837,398187808,,1,zen,Quest for Ancient Secrets,Near Mint,FALSE,0.04,1,Bin 6,23,1
69af918a9ca1ed48e7d8a82a,398187805,,1,zen,Quest for the Gemblades,Near Mint,FALSE,0.04,2,Bin 6,23,2
69af918a9ca1ed48e7d8a824,398187803,,1,zen,Quest for the Gravelord,Near Mint,FALSE,0.04,2,Bin 6,23,2
69af918b9ca1ed48e7d8a832,398187807,,1,zen,Quest for the Holy Relic,Near Mint,FALSE,0.04,0,,,
69af734a9a9ce4ef7aed3cf7,398165941,,1,csnc,"Queza, Augur of Agonies",NM,FALSE,0.06,1,Bin 6,20,1
69e90ad67ecc73c161d883dd,409968316,,1,otj,Quick Draw,Near Mint,FALSE,0.05,13,Bin 1,20,13
69e5344c9ca1ed48e7d99b4a,409242842,,1,fdn,Quick-Draw Katana,Near Mint,FALSE,0.05,6,Bin 5,27,3
69e5344c9ca1ed48e7d99b4a,409242842,,1,fdn,Quick-Draw Katana,Near Mint,FALSE,0.05,6,Bin 7,6,3
69c34cd29ca1ed48e7d90c65,402068778,,1,lci,Quicksand Whirlpool,Near Mint,FALSE,0.03,9,Bin 1,7,9
69e4201a9ca1ed48e7d9906a,409080692,,1,kld,Quicksmith Genius,Near Mint,FALSE,0.1,1,Bin 5,4,1
69e9546e7ecc73c161d97bc5,410037357,,1,ema,Quiet Speculation,Near Mint,FALSE,0.74,1,Bin 7,11,1
69e90ad67ecc73c161d883da,409968315,,1,otj,Quilled Charger,Near Mint,FALSE,0.03,15,Bin 1,20,15
69b0c75b9ca1ed48e7d8b639,398398080,,1,soi,Quilled Wolf,Near Mint,FALSE,0.03,1,Bin 6,33,1
69e7ede29ca1ed48e7d9b362,409785986,,1,eve,Quillspike,Near Mint,FALSE,8.31,2,Bin 7,9,2
69af4d4334ce719e27b74053,397707341,,1,fin,Qutrub Forayer,NM,FALSE,0.03,1,Bin 6,11,1
699a9e1434ce719e27b6e02d,393639349,,1,fin,Qutrub Forayer,NM,FALSE,0.04,8,Bin 6,6,8
699a9e1734ce719e27b6e06d,393639369,,1,fin,"Rabanastre, Royal City",NM,FALSE,0.03,1,Bin 6,6,1
699bb82734ce719e27b6eb7b,393883197,,1,tla,Rabaroo Troop,NM,FALSE,0.05,1,Bin 6,9,1
69af70139a9ce4ef7aed3c89,398161639,,1,tla,Rabaroo Troop,Near Mint,FALSE,0.03,4,Bin 6,19,1
69af70139a9ce4ef7aed3c89,398161639,,1,tla,Rabaroo Troop,Near Mint,FALSE,0.03,4,Bin 6,30,3
69af70109a9ce4ef7aed3c51,398161617,,1,blb,Rabbit Response,NM,FALSE,0.03,2,Bin 6,19,2
69e9243b7ecc73c161d8d722,410006145,,1,blb,Rabbit Response,Near Mint,FALSE,0.03,7,Bin 1,28,7
69b0cc9f9ca1ed48e7d8b730,398401777,,1,m19,Rabid Bite,Near Mint,FALSE,0.03,1,Bin 6,34,1
69e918607ecc73c161d8af37,409994862,,1,m20,Rabid Bite,Near Mint,FALSE,0.05,1,Bin 1,22,1
69e923457ecc73c161d8d3dc,410005633,,1,blb,Raccoon Rallier,Near Mint,FALSE,0.03,4,Bin 1,27,4
69e7dd9e9ca1ed48e7d9af69,409778046,,1,rtr,Racecourse Fury,Near Mint,FALSE,0.05,1,Bin 7,5,1
69af580734ce719e27b7425a,397801337,,1,csnc,Racers' Ring,NM,FALSE,0.04,1,Bin 6,16,1
69af6d6734ce719e27b74530,398148812,,1,snc,Raffine's Guidance,NM,FALSE,0.04,1,Bin 6,18,1
69af542634ce719e27b741cc,397764552,,1,snc,Raffine's Silencer,NM,FALSE,0.03,1,Bin 6,15,1
69e954737ecc73c161d97c1b,410037386,,1,nph,Rage Extractor,Near Mint,TRUE,0.15,0,,,
69e7ea1b9ca1ed48e7d9b31f,409784089,,1,ths,Rage of Purphoros,Near Mint,TRUE,0.15,1,Bin 7,8,1
69b0d7ef9ca1ed48e7d8b971,398406735,,1,thb,Rage-Scarred Berserker,Near Mint,TRUE,0.1,1,Bin 6,36,1
69e933e87ecc73c161d90c06,410017335,,1,dsk,Ragged Playmate,Near Mint,FALSE,0.03,12,Bin 1,35,12
69efe93b4ff24d3a84876ee2,411358558,,1,war,Raging Kronch,Near Mint,FALSE,0.03,1,Bin 7,20,1
69af6d6734ce719e27b74527,398148756,,1,eld,Raging Redcap,NM,FALSE,0.03,1,Bin 6,18,1
69c315699ca1ed48e7d9081b,402033802,,1,eld,Raging Redcap,Near Mint,TRUE,0.15,1,Bin 6,38,1
69e95c837ecc73c161d9984e,410042457,,1,xln,Raging Swordtooth,Near Mint,FALSE,0.04,0,,,
69ed59bf79f49147a08101f9,410864011,,1,khm,Raiders' Karve,Near Mint,FALSE,0.02,1,Bin 7,16,1
69e95c857ecc73c161d9986f,410042468,,1,xln,Raiders' Wake,Near Mint,FALSE,0.79,2,Bin 7,13,2
69e954697ecc73c161d97b71,410037331,,1,tdm,Rainveil Rejuvenator,Near Mint,FALSE,0.05,1,Bin 7,11,1
69af542734ce719e27b741de,397764559,,1,cmr,Raise the Alarm,NM,FALSE,0.04,0,,,
69ed59c379f49147a0810240,410864034,,1,khm,Raise the Draugr,Near Mint,FALSE,0.05,1,Bin 7,16,1
69ed59bf79f49147a08101fc,410864012,,1,dgm,Rakdos Cluestone,Near Mint,FALSE,0.03,4,Bin 7,16,1
69ed59bf79f49147a08101fc,410864012,,1,dgm,Rakdos Cluestone,Near Mint,FALSE,0.03,4,Bin 7,18,3
69edbdae2f009c9bc4cddf84,410924433,,1,dgm,Rakdos Drake,Near Mint,FALSE,0.04,1,Bin 7,18,1
69b0d34b9ca1ed48e7d8b84a,398404111,,1,rtr,Rakdos Guildgate,Near Mint,FALSE,0.04,4,Bin 6,35,4
69b0d3509ca1ed48e7d8b88f,398404127,,1,rtr,Rakdos Keyrune,Near Mint,FALSE,0.04,2,Bin 6,35,2
69c31d9c9ca1ed48e7d9092f,402040024,,1,rtr,Rakdos Ringleader,Near Mint,FALSE,0.04,2,Bin 6,39,2
69e7ddac9ca1ed48e7d9b04e,409778127,,1,rtr,Rakdos Ringleader,Near Mint,FALSE,0.03,1,Bin 7,5,1
69e7ddac9ca1ed48e7d9b056,409778129,,1,rtr,Rakdos Shred-Freak,Near Mint,FALSE,0.05,1,Bin 7,5,1
69c31d9b9ca1ed48e7d9091d,402040020,,1,rtr,Rakdos Shred-Freak,Near Mint,FALSE,0.04,5,Bin 6,39,5
69e904527ecc73c161d86fa6,409961800,,1,mkm,Rakish Scoundrel,Near Mint,FALSE,0.03,11,Bin 1,13,11
69e53d249ca1ed48e7d99db2,409247545,,1,mkm,Rakish Scoundrel,Near Mint,FALSE,0.05,11,Bin 5,30,1
69e53d249ca1ed48e7d99db2,409247545,,1,mkm,Rakish Scoundrel,Near Mint,FALSE,0.05,11,Bin 5,31,5
69e53d249ca1ed48e7d99db2,409247545,,1,mkm,Rakish Scoundrel,Near Mint,FALSE,0.05,11,Bin 5,32,2
69e53d249ca1ed48e7d99db2,409247545,,1,mkm,Rakish Scoundrel,Near Mint,FALSE,0.05,11,Bin 5,34,1
69e53d249ca1ed48e7d99db2,409247545,,1,mkm,Rakish Scoundrel,Near Mint,FALSE,0.05,11,Bin 5,35,2
69e4244c9ca1ed48e7d9916d,409082829,,1,ktk,Rakshasa's Secret,Near Mint,FALSE,0.03,2,Bin 5,7,2
69c315639ca1ed48e7d907b4,402033104,,1,eld,Rally for the Throne,Near Mint,TRUE,0.15,2,Bin 6,38,2
69e9546f7ecc73c161d97bda,410037365,,1,ema,Rally the Peasants,Near Mint,TRUE,0.2,0,,,
69b0bf189ca1ed48e7d8b511,398394924,,1,xln,Rallying Roar,Near Mint,FALSE,0.03,1,Bin 6,33,1
69e95c887ecc73c161d998a4,410042485,,1,xln,Rallying Roar,Near Mint,FALSE,0.03,1,Bin 7,13,1
69c3156f9ca1ed48e7d90876,402033840,,1,dom,Rampaging Cyclops,Near Mint,FALSE,0.03,1,Bin 6,38,1
69e933e87ecc73c161d90c03,410017334,,1,dsk,Rampaging Soulrager,Near Mint,FALSE,0.03,9,Bin 1,35,9
69c322e79ca1ed48e7d90a91,402044508,,1,lci,Rampaging Spiketail,Near Mint,FALSE,0.04,4,Bin 1,2,4
69c3156c9ca1ed48e7d90855,402033817,,1,eld,Rampart Smasher,Near Mint,TRUE,0.1,1,Bin 6,38,1
699b7d3334ce719e27b6e754,393860680,,1,tor,Rancid Earth,LP,FALSE,0.29,0,,,
69e91b417ecc73c161d8b8b8,409999602,,1,afr,Ranger's Hawk,Near Mint,FALSE,0.05,2,Bin 1,23,2
69e91b447ecc73c161d8b8ee,409999626,,1,afr,Ranger's Longbow,Near Mint,FALSE,0.05,1,Bin 1,23,1
69e95c8a7ecc73c161d998ca,410042503,,1,xln,Ranging Raptors,Near Mint,FALSE,0.51,1,Bin 7,13,1
69e7e4d19ca1ed48e7d9b187,409781971,,1,rix,Raptor Companion,Near Mint,FALSE,0.05,1,Bin 7,7,1
69b0b7a79ca1ed48e7d8b3f1,398391726,,1,rix,Raptor Companion,Near Mint,FALSE,0.03,2,Bin 6,31,2
69e95c8a7ecc73c161d998d9,410042511,,1,xln,Raptor Hatchling,Near Mint,FALSE,0.16,5,Bin 7,13,5
69af91839ca1ed48e7d8a7a4,398187762,,1,woe,Ratcatcher Trainee // Pest Problem,Near Mint,FALSE,0.03,1,Bin 6,23,1
699bb19934ce719e27b6e98b,393880615,,1,tla,Raucous Audience,Near Mint,FALSE,0.03,4,Bin 6,7,1
699bb19934ce719e27b6e98b,393880615,,1,tla,Raucous Audience,Near Mint,FALSE,0.03,4,Bin 6,8,1
699bb19934ce719e27b6e98b,393880615,,1,tla,Raucous Audience,Near Mint,FALSE,0.03,4,Bin 6,29,2
69b0a9e09ca1ed48e7d8b257,398363682,,1,tla,Raucous Audience,Near Mint,TRUE,0.1,1,Bin 6,29,1
69e935997ecc73c161d911a8,410018254,,1,dsk,Raucous Carnival,Near Mint,FALSE,0.03,6,Bin 1,37,6
69af68b134ce719e27b743b2,398052927,,1,iko,Raugrin Crystal,NM,FALSE,0.03,0,,,
69e7e4cd9ca1ed48e7d9b133,409781939,,1,ori,Ravaging Blaze,Near Mint,TRUE,0.15,1,Bin 7,7,1
69e7e4cd9ca1ed48e7d9b136,409781940,,1,ori,Ravaging Blaze,Near Mint,FALSE,0.05,1,Bin 7,7,1
69ed59be79f49147a08101e8,410864006,,1,khm,Raven Wings,Near Mint,FALSE,0.03,2,Bin 7,16,2
69e905367ecc73c161d87276,409963099,,1,otj,Raven of Fell Omens,Near Mint,FALSE,0.05,13,Bin 1,14,10
69e905367ecc73c161d87276,409963099,,1,otj,Raven of Fell Omens,Near Mint,FALSE,0.05,13,Bin 1,15,3
69e534469ca1ed48e7d99afe,409242778,,1,fdn,Ravenous Amulet,Near Mint,FALSE,0.03,1,Bin 5,27,1
69b0c75c9ca1ed48e7d8b63c,398398081,,1,xln,Ravenous Daggertooth,Near Mint,FALSE,0.04,3,Bin 6,33,3
69af86d89ca1ed48e7d8a706,398181806,,1,m19,Ravenous Harpy,Near Mint,FALSE,0.04,1,Bin 6,22,1
69e7cbdf9ca1ed48e7d9acf9,409768158,,1,aer,Ravenous Intruder,Near Mint,FALSE,0.03,2,Bin 7,1,1
69e7cbdf9ca1ed48e7d9acf9,409768158,,1,aer,Ravenous Intruder,Near Mint,FALSE,0.03,2,Bin 7,2,1
69ed59c479f49147a081024f,410864039,,1,khm,Ravenous Lindwurm,Near Mint,FALSE,0.03,1,Bin 7,16,1
69e91cf87ecc73c161d8be8f,410001534,,1,blb,Ravine Raider,Near Mint,FALSE,0.03,6,Bin 1,24,6
69b03d1f9ca1ed48e7d8ab6d,398283184,,1,mh2,Raving Visionary,Near Mint,FALSE,0.04,5,Bin 6,24,1
69b03d1f9ca1ed48e7d8ab6d,398283184,,1,mh2,Raving Visionary,Near Mint,FALSE,0.04,5,Bin 6,25,4
69c322e69ca1ed48e7d90a8e,402044507,,1,lci,Ray of Ruin,Near Mint,FALSE,0.04,8,Bin 1,2,8
69af6d6034ce719e27b744b5,398148099,,1,tla,Razor Rings,Near Mint,FALSE,0.03,3,Bin 6,18,1
69af6d6034ce719e27b744b5,398148099,,1,tla,Razor Rings,Near Mint,FALSE,0.03,3,Bin 6,30,2
69b0d3539ca1ed48e7d8b8b8,398404140,,1,mbs,Razorfield Rhino,Near Mint,FALSE,0.04,1,Bin 6,35,1
69b0d3539ca1ed48e7d8b8b5,398404139,,1,gtc,Razortip Whip,Near Mint,FALSE,0.03,3,Bin 6,35,1
69b0d3539ca1ed48e7d8b8b5,398404139,,1,gtc,Razortip Whip,Near Mint,FALSE,0.03,3,Bin 6,37,2
69e907107ecc73c161d87850,409964033,,1,otj,Razzle-Dazzler,Near Mint,FALSE,0.05,12,Bin 1,16,12
69e908ff7ecc73c161d87e16,409966071,,1,otj,Reach for the Sky,Near Mint,FALSE,0.03,14,Bin 1,18,14
699bbb7c34ce719e27b6ec52,393884978,,1,mma,Reach of Branches,NM,FALSE,0.23,1,Bin 6,10,1
699b75a934ce719e27b6e55a,393858051,,1,fin,Reach the Horizon,NM,FALSE,0.06,0,,,
69e53d2d9ca1ed48e7d99e31,409247581,,1,ogw,Reality Hemorrhage,Near Mint,FALSE,0.03,6,Bin 5,30,6
69e93a2b7ecc73c161d921e9,410020599,,1,ogw,Reality Hemorrhage,Near Mint,TRUE,0.1,2,Bin 7,10,2
69b04eb89ca1ed48e7d8af45,398299296,,1,celd,Reaper of Night // Harvest Fear,Near Mint,FALSE,0.08,2,Bin 6,27,2
69e53d249ca1ed48e7d99dbb,409247548,,1,mkm,Reasonable Doubt,Near Mint,FALSE,0.02,13,Bin 5,30,1
69e53d249ca1ed48e7d99dbb,409247548,,1,mkm,Reasonable Doubt,Near Mint,FALSE,0.02,13,Bin 5,31,1
69e53d249ca1ed48e7d99dbb,409247548,,1,mkm,Reasonable Doubt,Near Mint,FALSE,0.02,13,Bin 5,32,3
69e53d249ca1ed48e7d99dbb,409247548,,1,mkm,Reasonable Doubt,Near Mint,FALSE,0.02,13,Bin 5,33,1
69e53d249ca1ed48e7d99dbb,409247548,,1,mkm,Reasonable Doubt,Near Mint,FALSE,0.02,13,Bin 5,34,2
69e53d249ca1ed48e7d99dbb,409247548,,1,mkm,Reasonable Doubt,Near Mint,FALSE,0.02,13,Bin 1,10,5
69c315659ca1ed48e7d907d6,402033117,,1,eld,Reave Soul,Near Mint,TRUE,0.15,2,Bin 6,38,1
69c315659ca1ed48e7d907d6,402033117,,1,eld,Reave Soul,Near Mint,TRUE,0.15,2,Bin 6,39,1
69e53ab69ca1ed48e7d99d6c,409246491,,1,ogw,Reaver Drone,Near Mint,FALSE,0.05,2,Bin 5,29,2
69af70149a9ce4ef7aed3c98,398161642,,1,tla,Rebellious Captives,Near Mint,FALSE,0.03,5,Bin 6,19,1
69af70149a9ce4ef7aed3c98,398161642,,1,tla,Rebellious Captives,Near Mint,FALSE,0.03,5,Bin 6,29,4
69eea6d42f009c9bc4d748cb,411068546,,1,tdm,Rebellious Strike,Near Mint,FALSE,0.05,1,Bin 7,19,1
69af734d9a9ce4ef7aed3d34,398165967,,1,stx,Reckless Amplimancer,NM,FALSE,0.04,1,Bin 6,20,1
69e70c319ca1ed48e7d9a8f4,409616276,,1,mkm,Reckless Detective,Near Mint,FALSE,0.05,1,Bin 5,36,1
69e7ce249ca1ed48e7d9ad69,409769209,,1,aer,Reckless Racer,Near Mint,FALSE,0.03,5,Bin 7,2,5
69e7cbdf9ca1ed48e7d9ad02,409768161,,1,aer,Reckless Racer,Near Mint,TRUE,0.1,1,Bin 7,1,1
69af4fdf34ce719e27b740f1,397758061,,1,bng,Reckless Reveler,LP,FALSE,0.02,16,Bin 6,13,16
69e7e4d99ca1ed48e7d9b219,409782026,,1,inr,Reckless Scholar,Near Mint,TRUE,0.15,1,Bin 7,7,1
69e91cfb7ecc73c161d8bec5,410001552,,1,uma,Reckless Wurm,Near Mint,FALSE,0.05,1,Bin 1,24,1
69e4385f9ca1ed48e7d9955c,409099693,,1,bfz,Reclaiming Vines,Near Mint,FALSE,0.03,6,Bin 5,20,6
69b0dd099ca1ed48e7d8bab8,398420456,,1,vow,Reclusive Taxidermist,Near Mint,TRUE,0.15,1,Bin 6,37,1
69b08a8f9ca1ed48e7d8b056,398342937,,1,rav,Recollect,Near Mint,FALSE,0.06,1,Bin 6,28,1
69af542634ce719e27b741cf,397764553,,1,stx,Reconstruct History,NM,FALSE,0.07,1,Bin 6,15,1
69e7ede59ca1ed48e7d9b39c,409786012,,1,mm3,Recover,Near Mint,TRUE,0.15,1,Bin 7,9,1
69e7e4d29ca1ed48e7d9b195,409781975,,1,rix,Recover,Near Mint,TRUE,0.15,1,Bin 7,7,1
69b04eb89ca1ed48e7d8af3b,398299294,,1,mh1,Recruit the Worthy,Near Mint,FALSE,0.03,1,Bin 6,27,1
69e902587ecc73c161d869b4,409953021,,1,mkm,Red Herring,Near Mint,FALSE,0.03,7,Bin 1,11,7
69e6fc559ca1ed48e7d9a73e,409612194,,1,mkm,Red Herring,Near Mint,FALSE,0.05,6,Bin 5,33,2
69e6fc559ca1ed48e7d9a73e,409612194,,1,mkm,Red Herring,Near Mint,FALSE,0.05,6,Bin 5,34,2
69e6fc559ca1ed48e7d9a73e,409612194,,1,mkm,Red Herring,Near Mint,FALSE,0.05,6,Bin 5,35,2
699a9e1634ce719e27b6e059,393639363,,1,fin,Red Mage's Rapier,NM,FALSE,0.04,3,Bin 6,6,1
699a9e1634ce719e27b6e059,393639363,,1,fin,Red Mage's Rapier,NM,FALSE,0.04,3,Bin 6,4,1
699a9e1634ce719e27b6e059,393639363,,1,fin,Red Mage's Rapier,NM,FALSE,0.04,3,Bin 6,3,1
69b0a9db9ca1ed48e7d8b207,398363667,,1,woe,Redtooth Genealogist,Near Mint,FALSE,0.03,1,Bin 6,29,1
69af91889ca1ed48e7d8a7fa,398187789,,1,woe,Redtooth Vanguard,Near Mint,FALSE,0.03,1,Bin 6,23,1
69e4307c9ca1ed48e7d99428,409093664,,1,akh,Reduce // Rubble,Near Mint,FALSE,0.05,6,Bin 5,15,6
69e9185f7ecc73c161d8af26,409994858,,1,m20,Reduce to Ashes,Near Mint,FALSE,0.03,1,Bin 1,22,1
699b7d3434ce719e27b6e763,393860686,,1,mh3,Reef Worm,NM,FALSE,0.03,0,,,
69e41db49ca1ed48e7d99019,409079848,,1,kld,Refurbish,Near Mint,FALSE,0.03,7,Bin 5,2,4
69e41db49ca1ed48e7d99019,409079848,,1,kld,Refurbish,Near Mint,FALSE,0.03,7,Bin 7,3,1
69e41db49ca1ed48e7d99019,409079848,,1,kld,Refurbish,Near Mint,FALSE,0.03,7,Bin 7,4,2
69b04eaa9ca1ed48e7d8ae37,398299128,,1,m19,Regal Bloodlord,Near Mint,FALSE,0.14,0,,,
69e9546c7ecc73c161d97ba7,410037347,,1,tdm,Reigning Victor,Near Mint,FALSE,0.05,1,Bin 7,11,1
69e9546c7ecc73c161d97ba4,410037346,,1,tdm,Reigning Victor,Near Mint,TRUE,0.15,1,Bin 7,11,1
69af68b034ce719e27b743a6,398052921,,1,cneo,Reinforced Ronin,NM,FALSE,0.03,0,,,
699b796534ce719e27b6e6bc,393859687,,1,mh3,Reiterating Bolt,NM,FALSE,0.03,1,Bin 6,3,1
69b0d7f19ca1ed48e7d8b99d,398406763,,1,thb,Relentless Pursuit,Near Mint,TRUE,0.1,1,Bin 6,36,1
69e965b87ecc73c161d9b946,410045360,,1,ltr,Relentless Rohirrim,Near Mint,FALSE,0.03,3,Bin 7,14,3
699a9e1934ce719e27b6e098,393639382,,1,fin,Relentless X-ATM092,NM,FALSE,0.05,1,Bin 6,6,1
699bbb7f34ce719e27b6ec85,393885003,,1,c17,Relic Crush,NM,FALSE,0.05,1,Bin 6,10,1
69b0b7a09ca1ed48e7d8b375,398391686,,1,cns,Relic Crush,Near Mint,FALSE,0.04,1,Bin 6,31,1
69af848b9ca1ed48e7d8a67f,398179345,,1,dom,Relic Runner,Near Mint,FALSE,0.03,2,Bin 6,21,2
69b08a9a9ca1ed48e7d8b10d,398343055,,1,znr,Relic Vial,Near Mint,FALSE,0.04,1,Bin 6,28,1
69c323db9ca1ed48e7d90ad1,402044750,,1,lci,Relic's Roar,Near Mint,FALSE,0.04,7,Bin 1,3,7
69e93a2b7ecc73c161d921db,410020594,,1,ogw,Relief Captain,Near Mint,TRUE,0.1,1,Bin 7,10,1
699b75a434ce719e27b6e506,393857973,,1,fin,Relm's Sketching,NM,FALSE,0.06,1,Bin 6,4,1
699bbb7934ce719e27b6ec0d,393884956,,1,ecl,Reluctant Dounguard,NM,FALSE,0.05,2,Bin 6,10,2
69e93a257ecc73c161d9216d,410020540,,1,nph,Remember the Fallen,Near Mint,TRUE,0.15,0,,,
69b0425e9ca1ed48e7d8ac31,398289250,,1,kld,Renegade Freighter,Near Mint,TRUE,0.15,1,Bin 6,25,1
69e7d78b9ca1ed48e7d9af3f,409773417,,1,kld,Renegade Freighter,Near Mint,FALSE,0.05,5,Bin 7,4,1
69e7d78b9ca1ed48e7d9af3f,409773417,,1,kld,Renegade Freighter,Near Mint,FALSE,0.05,5,Bin 7,5,4
69e7cbdc9ca1ed48e7d9acc9,409768143,,1,aer,Renegade Map,Near Mint,TRUE,0.15,1,Bin 7,1,1
69e43fc09ca1ed48e7d996b7,409103253,,1,aer,Renegade Map,Near Mint,FALSE,0.03,11,Bin 5,26,11
69e7cbdc9ca1ed48e7d9accc,409768144,,1,aer,Renegade Map,Near Mint,FALSE,0.05,7,Bin 7,1,4
69e7cbdc9ca1ed48e7d9accc,409768144,,1,aer,Renegade Map,Near Mint,FALSE,0.05,7,Bin 7,2,3
69e43db89ca1ed48e7d9963c,409102116,,1,aer,Renegade Rallier,Near Mint,FALSE,0.12,2,Bin 5,24,2
69e7dda09ca1ed48e7d9af89,409778055,,1,kld,Renegade Tactics,Near Mint,TRUE,0.15,1,Bin 7,5,1
69c31da29ca1ed48e7d9099a,402040056,,1,aer,Renegade Wheelsmith,Near Mint,TRUE,0.15,1,Bin 6,39,1
69e43db89ca1ed48e7d99639,409102115,,1,aer,Renegade Wheelsmith,Near Mint,FALSE,0.05,6,Bin 5,24,6
69e43bdb9ca1ed48e7d99604,409101632,,1,aer,Renegade's Getaway,Near Mint,FALSE,0.03,12,Bin 5,23,12
699a9e1e34ce719e27b6e0fa,393639411,,1,fin,Reno and Rude,NM,FALSE,0.05,2,Bin 6,6,1
699a9e1e34ce719e27b6e0fa,393639411,,1,fin,Reno and Rude,NM,FALSE,0.05,2,Bin 6,3,1
699a9e1d34ce719e27b6e0de,393639403,,1,fin,Reno and Rude,NM,TRUE,0.15,1,Bin 6,6,1
69af4d4434ce719e27b74056,397707352,,1,fin,Reno and Rude,NM,FALSE,0.03,1,Bin 6,11,1
69af73499a9ce4ef7aed3ce2,398165930,,1,m20,Renowned Weaponsmith,NM,FALSE,0.04,1,Bin 6,20,1
69e96e627ecc73c161d9d7ec,410048734,,1,jou,Renowned Weaver,Near Mint,TRUE,0.15,3,Bin 7,15,3
69b042619ca1ed48e7d8ac6c,398289272,,1,jou,Renowned Weaver,Near Mint,TRUE,0.1,1,Bin 6,25,1
69e53d289ca1ed48e7d99df4,409247565,,1,mkm,Repeat Offender,Near Mint,FALSE,0.02,14,Bin 5,30,1
69e53d289ca1ed48e7d99df4,409247565,,1,mkm,Repeat Offender,Near Mint,FALSE,0.02,14,Bin 5,32,2
69e53d289ca1ed48e7d99df4,409247565,,1,mkm,Repeat Offender,Near Mint,FALSE,0.02,14,Bin 5,33,1
69e53d289ca1ed48e7d99df4,409247565,,1,mkm,Repeat Offender,Near Mint,FALSE,0.02,14,Bin 5,34,1
69e53d289ca1ed48e7d99df4,409247565,,1,mkm,Repeat Offender,Near Mint,FALSE,0.02,14,Bin 5,35,2
69e53d289ca1ed48e7d99df4,409247565,,1,mkm,Repeat Offender,Near Mint,FALSE,0.02,14,Bin 1,9,7
69e7ede89ca1ed48e7d9b3cf,409786036,,1,uma,Repel the Darkness,Near Mint,TRUE,0.1,1,Bin 7,9,1
69e91cfb7ecc73c161d8beb9,410001548,,1,uma,Repel the Darkness,Near Mint,FALSE,0.03,1,Bin 1,24,1
69e957cc7ecc73c161d98773,410039873,,1,tdm,Rescue Leopard,Near Mint,TRUE,0.15,1,Bin 7,12,1
69b04eb49ca1ed48e7d8aef0,398299267,,1,stx,Resculpt,Near Mint,FALSE,0.29,1,Bin 6,27,1
699a9e1434ce719e27b6e030,393639350,,1,fin,Resentful Revelation,NM,FALSE,0.04,11,Bin 6,6,10
699a9e1434ce719e27b6e030,393639350,,1,fin,Resentful Revelation,NM,FALSE,0.04,11,Bin 6,1,1
69e7ce2b9ca1ed48e7d9addc,409769255,,1,aer,Reservoir Walker,Near Mint,TRUE,0.1,1,Bin 7,2,1
69e43fc09ca1ed48e7d996b4,409103252,,1,aer,Reservoir Walker,Near Mint,FALSE,0.03,4,Bin 5,26,4
69c3156b9ca1ed48e7d9083e,402033814,,1,eld,Resolute Rider,Near Mint,TRUE,0.15,1,Bin 6,38,1
69b0bf1b9ca1ed48e7d8b540,398394941,,1,znr,Resolute Strike,Near Mint,FALSE,0.03,1,Bin 6,33,1
69e43bdb9ca1ed48e7d99601,409101631,,1,aer,Resourceful Return,Near Mint,FALSE,0.03,9,Bin 5,23,9
69e4218e9ca1ed48e7d990d7,409081262,,1,kld,Restoration Gearsmith,Near Mint,FALSE,0.03,4,Bin 5,5,4
69e43ab39ca1ed48e7d995dc,409100625,,1,aer,Restoration Specialist,Near Mint,FALSE,0.06,12,Bin 5,22,4
69e43ab39ca1ed48e7d995dc,409100625,,1,aer,Restoration Specialist,Near Mint,FALSE,0.06,12,Bin 7,1,1
69e43ab39ca1ed48e7d995dc,409100625,,1,aer,Restoration Specialist,Near Mint,FALSE,0.06,12,Bin 7,2,7
69edbdad2f009c9bc4cddf4b,410924415,,1,dgm,Restore the Peace,Near Mint,FALSE,0.05,1,Bin 7,18,1
69efe93c4ff24d3a84876f07,411358564,,1,dtk,Resupply,Near Mint,TRUE,0.1,1,Bin 7,20,1
69e930747ecc73c161d8ffec,410015019,,1,dsk,Resurrected Cultist,Near Mint,FALSE,0.03,12,Bin 1,31,12
699bbb7534ce719e27b6ebc8,393884932,,1,ecl,Retched Wretch,NM,FALSE,0.05,1,Bin 6,10,1
69e431d89ca1ed48e7d9947f,409094086,,1,bfz,Retreat to Emeria,Near Mint,FALSE,0.15,4,Bin 5,16,4
69e7d3c69ca1ed48e7d9ae9b,409772245,,1,bfz,Retreat to Hagra,Near Mint,FALSE,0.45,0,,,
699b72ec34ce719e27b6e4e4,393856648,,1,fin,Retrieve the Esper,NM,FALSE,0.03,14,Bin 6,5,13
699b72ec34ce719e27b6e4e4,393856648,,1,fin,Retrieve the Esper,NM,FALSE,0.03,14,Bin 6,3,1
699b7d3a34ce719e27b6e7cd,393860714,,1,mh3,Retrofitted Transmogrant,NM,TRUE,0.15,1,Bin 6,2,1
699b7d3534ce719e27b6e77a,393860693,,1,mh3,Retrofitted Transmogrant,NM,FALSE,0.03,1,Bin 6,2,1
69af91859ca1ed48e7d8a7c3,398187771,,1,woe,Return Triumphant,Near Mint,FALSE,0.07,2,Bin 6,23,2
69af73499a9ce4ef7aed3ceb,398165934,,1,cmr,Return to Dust,NM,FALSE,0.04,1,Bin 6,20,1
69c321989ca1ed48e7d90a64,402043048,,1,a25,Returned Phalanx,Near Mint,FALSE,0.04,3,Bin 1,1,3
69efe9354ff24d3a84876dd6,411358513,,1,dtk,Revealing Wind,Near Mint,TRUE,0.1,1,Bin 7,20,1
69e7e0a69ca1ed48e7d9b102,409779814,,1,fdn,Revenge of the Rats,Near Mint,TRUE,0.15,1,Bin 7,6,1
69e43ab29ca1ed48e7d995c7,409100619,,1,aer,Reverse Engineer,Near Mint,FALSE,0.07,3,Bin 5,22,2
69e43ab29ca1ed48e7d995c7,409100619,,1,aer,Reverse Engineer,Near Mint,FALSE,0.07,3,Bin 7,2,1
69ed59c179f49147a081021c,410864022,,1,khm,Revitalize,Near Mint,FALSE,0.02,2,Bin 7,16,2
69b042659ca1ed48e7d8aca1,398289295,,1,sta,Revitalize,Near Mint,FALSE,0.07,1,Bin 6,25,1
69e95c827ecc73c161d9983c,410042451,,1,ltr,Revive the Shire,Near Mint,FALSE,0.04,4,Bin 7,13,4
69e41db49ca1ed48e7d99016,409079847,,1,kld,Revoke Privileges,Near Mint,FALSE,0.03,9,Bin 5,2,8
69e41db49ca1ed48e7d99016,409079847,,1,kld,Revoke Privileges,Near Mint,FALSE,0.03,9,Bin 7,3,1
69b0bb239ca1ed48e7d8b4d5,398393265,,1,kld,Revolutionary Rebuff,Near Mint,FALSE,0.03,6,Bin 6,32,1
69b0bb239ca1ed48e7d8b4d5,398393265,,1,kld,Revolutionary Rebuff,Near Mint,FALSE,0.03,6,Bin 5,3,5
69b0b7a79ca1ed48e7d8b3f4,398391727,,1,akh,Rhet-Crop Spearmaster,Near Mint,FALSE,0.03,2,Bin 6,31,2
69e429419ca1ed48e7d99286,409089688,,1,akh,Rhet-Crop Spearmaster,Near Mint,FALSE,0.05,1,Bin 5,10,1
699bb5c634ce719e27b6eab4,393882055,,1,spm,"Rhino, Barreling Brute",NM,FALSE,0.03,1,Bin 6,8,1
69af848f9ca1ed48e7d8a6bd,398179365,,1,ori,Rhox Maulers,Near Mint,FALSE,0.03,1,Bin 6,21,1
69b0bf239ca1ed48e7d8b5c1,398394995,,1,m19,Rhox Oracle,Near Mint,FALSE,0.03,2,Bin 6,33,2
699b796334ce719e27b6e69e,393859677,,1,mh3,Riddle Gate Gargoyle,NM,FALSE,0.05,2,Bin 6,3,1
699b796334ce719e27b6e69e,393859677,,1,mh3,Riddle Gate Gargoyle,NM,FALSE,0.05,2,Bin 6,2,1
69b046c09ca1ed48e7d8ad7b,398291993,,1,emn,Ride Down,Near Mint,FALSE,0.04,1,Bin 6,26,1
69e539319ca1ed48e7d99ccb,409246120,,1,emn,Ride Down,Near Mint,FALSE,0.05,3,Bin 5,28,3
69b0cca29ca1ed48e7d8b765,398401804,,1,aer,Ridgescale Tusker,Near Mint,FALSE,0.03,11,Bin 6,34,1
69b0cca29ca1ed48e7d8b765,398401804,,1,aer,Ridgescale Tusker,Near Mint,FALSE,0.03,11,Bin 5,24,4
69b0cca29ca1ed48e7d8b765,398401804,,1,aer,Ridgescale Tusker,Near Mint,FALSE,0.03,11,Bin 7,1,1
69b0cca29ca1ed48e7d8b765,398401804,,1,aer,Ridgescale Tusker,Near Mint,FALSE,0.03,11,Bin 7,2,5
69e904527ecc73c161d86fa3,409961799,,1,mkm,Riftburst Hellion,Near Mint,FALSE,0.03,9,Bin 1,13,9
69e53d229ca1ed48e7d99d9e,409247539,,1,mkm,Riftburst Hellion,Near Mint,FALSE,0.03,10,Bin 5,30,2
69e53d229ca1ed48e7d99d9e,409247539,,1,mkm,Riftburst Hellion,Near Mint,FALSE,0.03,10,Bin 5,32,3
69e53d229ca1ed48e7d99d9e,409247539,,1,mkm,Riftburst Hellion,Near Mint,FALSE,0.03,10,Bin 5,33,1
69e53d229ca1ed48e7d99d9e,409247539,,1,mkm,Riftburst Hellion,Near Mint,FALSE,0.03,10,Bin 5,34,3
69e53d229ca1ed48e7d99d9e,409247539,,1,mkm,Riftburst Hellion,Near Mint,FALSE,0.03,10,Bin 5,35,1
69e9546b7ecc73c161d97b99,410037343,,1,tdm,Riling Dawnbreaker // Signaling Roar,Near Mint,FALSE,0.05,2,Bin 7,11,2
69b04ead9ca1ed48e7d8ae66,398299164,,1,mh1,Rime Tender,Near Mint,FALSE,0.03,0,,,
69e91b467ecc73c161d8b918,409999642,,1,cafr,Rimeshield Frost Giant,Near Mint,FALSE,0.05,1,Bin 1,23,1
69af918b9ca1ed48e7d8a83a,398187809,,1,celd,Rimrock Knight // Boulder Rush,Near Mint,FALSE,0.17,0,,,
69e957ce7ecc73c161d98797,410039885,,1,tdm,Ringing Strike Mastery,Near Mint,TRUE,0.15,1,Bin 7,12,1
699b75a634ce719e27b6e526,393857983,,1,fin,Rinoa Heartilly,NM,FALSE,0.05,2,Bin 6,4,1
699b75a634ce719e27b6e526,393857983,,1,fin,Rinoa Heartilly,NM,FALSE,0.05,2,Bin 6,3,1
69edbdb02f009c9bc4cddfde,410924459,,1,dgm,Riot Control,Near Mint,FALSE,0.14,1,Bin 7,18,1
69e7ede59ca1ed48e7d9b390,409786007,,1,isd,Riot Devils,Near Mint,TRUE,0.15,1,Bin 7,9,1
69b0d3539ca1ed48e7d8b8bb,398404141,,1,gtc,Riot Gear,Near Mint,FALSE,0.03,1,Bin 6,35,1
69b0c7659ca1ed48e7d8b6c6,398398123,,1,dgm,Riot Piker,Near Mint,FALSE,0.03,6,Bin 6,33,4
69b0c7659ca1ed48e7d8b6c6,398398123,,1,dgm,Riot Piker,Near Mint,FALSE,0.03,6,Bin 7,18,2
69af68af34ce719e27b74394,398052914,,1,stx,Rip Apart,NM,FALSE,0.14,1,Bin 6,17,1
69b0c75c9ca1ed48e7d8b644,398398083,,1,kld,Riparian Tiger,Near Mint,FALSE,0.03,0,,,
69e933e77ecc73c161d90c00,410017333,,1,dsk,Ripchain Razorkin,Near Mint,FALSE,0.03,17,Bin 1,35,17
69eea6d32f009c9bc4d748ae,411068537,,1,cdft,Ripclaw Wrangler,Near Mint,TRUE,0.04,0,,,
69af580b34ce719e27b7429b,397801647,,1,cmr,Ripscale Predator,NM,FALSE,0.03,1,Bin 6,16,1
69e96e587ecc73c161d9d6fe,410048685,,1,jou,Riptide Chimera,Near Mint,TRUE,0.25,3,Bin 7,15,3
69b0d7ec9ca1ed48e7d8b940,398406704,,1,thb,Riptide Turtle,Near Mint,TRUE,0.1,1,Bin 6,36,1
69e957d07ecc73c161d987bb,410039897,,1,emn,Rise from the Grave,Near Mint,TRUE,0.1,1,Bin 7,12,1
69e96e587ecc73c161d9d704,410048687,,1,jou,Rise of Eagles,Near Mint,TRUE,0.15,1,Bin 7,15,1
69e95c837ecc73c161d99854,410042459,,1,ltr,Rise of the Witch-King,Near Mint,FALSE,0.35,1,Bin 7,13,1
69af4fdf34ce719e27b740f4,397758063,,1,bng,Rise to the Challenge,LP,FALSE,0.02,1,Bin 6,13,1
69c31d9e9ca1ed48e7d90956,402040035,,1,rtr,Risen Sanctuary,Near Mint,FALSE,0.03,1,Bin 6,39,1
69e433f99ca1ed48e7d994ed,409095202,,1,bfz,Rising Miasma,Near Mint,FALSE,0.03,4,Bin 5,18,4
69e4244c9ca1ed48e7d9916a,409082828,,1,ktk,Rite of the Serpent,Near Mint,FALSE,0.03,6,Bin 5,7,6
69ed5f1a79f49147a0813345,410865349,,1,ktk,Rite of the Serpent,Near Mint,TRUE,0.05,0,,,
69c31d9a9ca1ed48e7d90918,402040019,,1,rtr,Rites of Reaping,Near Mint,FALSE,0.04,3,Bin 6,39,3
69e7ddaa9ca1ed48e7d9b030,409778117,,1,rtr,Rites of Reaping,Near Mint,TRUE,0.15,1,Bin 7,5,1
69e534519ca1ed48e7d99b93,409242893,,1,mid,Ritual Guardian,Near Mint,FALSE,0.03,1,Bin 5,27,1
69e534569ca1ed48e7d99bd7,409242946,,1,mid,Ritual of Hope,Near Mint,FALSE,0.03,1,Bin 5,27,1
69b0bf1b9ca1ed48e7d8b543,398394942,,1,xln,Ritual of Rejuvenation,Near Mint,FALSE,0.03,2,Bin 6,33,2
69c32dbe9ca1ed48e7d90b85,402049704,,1,lci,River Herald Guide,Near Mint,FALSE,0.04,8,Bin 1,5,8
69c323da9ca1ed48e7d90ace,402044749,,1,lci,River Herald Scout,Near Mint,FALSE,0.03,5,Bin 1,3,5
69b0cc9d9ca1ed48e7d8b712,398401758,,1,xln,River Heralds' Boon,Near Mint,FALSE,0.03,1,Bin 6,34,1
69e42aa59ca1ed48e7d992e2,409089977,,1,akh,River Serpent,Near Mint,FALSE,0.03,2,Bin 5,11,1
69e42aa59ca1ed48e7d992e2,409089977,,1,akh,River Serpent,Near Mint,FALSE,0.03,2,Bin 5,16,1
699bbb7934ce719e27b6ec18,393884959,,1,ecl,Riverguard's Reflexes,NM,FALSE,0.05,1,Bin 6,10,1
69af68b134ce719e27b743bb,398052932,,1,snc,Riveteers Decoy,NM,FALSE,0.03,1,Bin 6,17,1
69af68b034ce719e27b743a3,398052920,,1,snc,Riveteers Requisitioner,NM,FALSE,0.03,1,Bin 6,17,1
69b03d209ca1ed48e7d8ab76,398283189,,1,mh2,Road // Ruin,Near Mint,FALSE,0.08,1,Bin 6,24,1
69b04eaf9ca1ed48e7d8ae8f,398299188,,1,dft,Road Rage,Near Mint,FALSE,0.03,1,Bin 6,27,1
69e954697ecc73c161d97b6e,410037330,,1,tdm,Roamer's Routine,Near Mint,FALSE,0.05,2,Bin 7,11,2
699bb5c234ce719e27b6ea61,393882032,,1,spm,Robotics Mastery,NM,FALSE,0.03,1,Bin 6,8,1
699bb82434ce719e27b6eb50,393883188,,1,tla,Rockalanche,NM,FALSE,0.05,0,,,
69b04eaa9ca1ed48e7d8ae3a,398299130,,1,dft,Rocketeer Boostbuggy,Near Mint,FALSE,0.03,1,Bin 6,27,1
69b0a9e09ca1ed48e7d8b252,398363681,,1,tla,Rocky Rebuke,Near Mint,FALSE,0.03,1,Bin 6,29,1
69b0a9e09ca1ed48e7d8b24f,398363680,,1,tla,Rocky Rebuke,Near Mint,TRUE,0.1,3,Bin 6,29,3
69b0bf1c9ca1ed48e7d8b554,398394948,,1,m14,Rod of Ruin,Near Mint,FALSE,0.03,1,Bin 6,33,1
69e90ad67ecc73c161d883d7,409968314,,1,otj,Rodeo Pyromancers,Near Mint,FALSE,0.05,15,Bin 1,20,15
69e43db79ca1ed48e7d99636,409102114,,1,aer,Rogue Refiner,Near Mint,FALSE,0.05,3,Bin 5,24,3
69e534469ca1ed48e7d99af8,409242772,,1,fdn,Rogue's Passage,Near Mint,FALSE,0.52,2,Bin 5,27,2
69efe9404ff24d3a84876fa9,411358589,,1,snc,Rogues' Gallery,Near Mint,TRUE,0.05,1,Bin 7,20,1
69af6d6834ce719e27b74536,398148843,,1,snc,Rogues' Gallery,NM,FALSE,0.03,1,Bin 6,18,1
69e965b97ecc73c161d9b958,410045367,,1,ltr,Rohirrim Lancer,Near Mint,FALSE,0.03,3,Bin 7,14,3
699b7d3b34ce719e27b6e7dd,393860718,,1,mh3,Roil Cartographer,NM,FALSE,0.06,1,Bin 6,2,1
69e7d3c69ca1ed48e7d9aea9,409772249,,1,bfz,Roil Spout,Near Mint,TRUE,0.1,1,Bin 7,3,1
69e7d3c39ca1ed48e7d9ae71,409772231,,1,bfz,Roil's Retribution,Near Mint,FALSE,0.03,1,Bin 7,3,1
69e432f19ca1ed48e7d994d1,409094971,,1,bfz,Roilmage's Trick,Near Mint,FALSE,0.03,10,Bin 5,17,10
69e906437ecc73c161d87575,409963663,,1,otj,Rooftop Assassin,Near Mint,FALSE,0.05,18,Bin 1,15,18
699b72ed34ce719e27b6e4e7,393856649,,1,fin,Rook Turret,NM,FALSE,0.04,12,Bin 6,5,11
699b72ed34ce719e27b6e4e7,393856649,,1,fin,Rook Turret,NM,FALSE,0.04,12,Bin 6,4,1
69e7dda39ca1ed48e7d9afad,409778065,,1,rtr,Rootborn Defenses,Near Mint,FALSE,0.08,1,Bin 7,5,1
69e535b79ca1ed48e7d99c58,409244270,,1,mkm,Rope,Near Mint,FALSE,0.05,2,Bin 5,8,1
69e535b79ca1ed48e7d99c58,409244270,,1,mkm,Rope,Near Mint,FALSE,0.05,2,Bin 5,36,1
69af84909ca1ed48e7d8a6d2,398179372,,1,celd,Rosethorn Acolyte // Seasonal Ritual,Near Mint,FALSE,0.31,5,Bin 6,21,2
69af84909ca1ed48e7d8a6d2,398179372,,1,celd,Rosethorn Acolyte // Seasonal Ritual,Near Mint,FALSE,0.31,5,Bin 6,23,1
69af84909ca1ed48e7d8a6d2,398179372,,1,celd,Rosethorn Acolyte // Seasonal Ritual,Near Mint,FALSE,0.31,5,Bin 6,25,2
69c3156a9ca1ed48e7d9082f,402033808,,1,eld,Rosethorn Halberd,Near Mint,TRUE,0.15,2,Bin 6,38,2
69e541669ca1ed48e7d99ebe,409249324,,1,mkm,Rot Farm Mortipede,Near Mint,FALSE,0.02,17,Bin 5,31,1
69e541669ca1ed48e7d99ebe,409249324,,1,mkm,Rot Farm Mortipede,Near Mint,FALSE,0.02,17,Bin 5,32,1
69e541669ca1ed48e7d99ebe,409249324,,1,mkm,Rot Farm Mortipede,Near Mint,FALSE,0.02,17,Bin 5,33,3
69e541669ca1ed48e7d99ebe,409249324,,1,mkm,Rot Farm Mortipede,Near Mint,FALSE,0.02,17,Bin 5,34,2
69e541669ca1ed48e7d99ebe,409249324,,1,mkm,Rot Farm Mortipede,Near Mint,FALSE,0.02,17,Bin 5,35,2
69e541669ca1ed48e7d99ebe,409249324,,1,mkm,Rot Farm Mortipede,Near Mint,FALSE,0.02,17,Bin 1,9,8
69e7d3c29ca1ed48e7d9ae51,409772220,,1,bfz,Rot Shambler,Near Mint,TRUE,0.15,2,Bin 7,3,2
69e96e5e7ecc73c161d9d767,410048716,,1,jou,Rotted Hulk,Near Mint,TRUE,0.15,2,Bin 7,15,2
69e5345b9ca1ed48e7d99c17,409242996,,1,mid,Rotten Reunion,Near Mint,FALSE,0.27,0,,,
69e4244c9ca1ed48e7d99167,409082827,,1,ktk,Rotting Mastodon,Near Mint,FALSE,0.05,6,Bin 5,7,6
69ed5f1979f49147a0813303,410865339,,1,ktk,Rotting Mastodon,Near Mint,TRUE,0.1,1,Bin 7,17,1
69efe93f4ff24d3a84876f72,411358580,,1,con,Rotting Rats,Near Mint,TRUE,1.25,3,Bin 7,20,3
69af68b734ce719e27b7440c,398052959,,1,tla,Rough Rhino Cavalry,Near Mint,FALSE,0.03,2,Bin 6,17,1
69af68b734ce719e27b7440c,398052959,,1,tla,Rough Rhino Cavalry,Near Mint,FALSE,0.03,2,Bin 6,30,1
699bb19f34ce719e27b6e9e9,393880650,,1,tla,Rough Rhino Cavalry,NM,FALSE,0.05,2,Bin 6,7,1
699bb19f34ce719e27b6e9e9,393880650,,1,tla,Rough Rhino Cavalry,NM,FALSE,0.05,2,Bin 6,9,1
69e923457ecc73c161d8d3d9,410005632,,1,blb,Roughshod Duo,Near Mint,FALSE,0.03,7,Bin 1,27,7
69af542334ce719e27b74191,397764529,,1,m21,Rousing Read,NM,FALSE,0.03,2,Bin 6,15,1
69af542334ce719e27b74191,397764529,,1,m21,Rousing Read,NM,FALSE,0.03,2,Bin 6,17,1
69eea6d02f009c9bc4d7487b,411068522,,1,dft,Rover Blades,Near Mint,TRUE,0.1,1,Bin 7,19,1
69af6d6634ce719e27b74521,398148727,,1,eld,Roving Keep,NM,FALSE,0.03,1,Bin 6,18,1
69af6d5b34ce719e27b74464,398147557,,1,tla,Rowdy Snowballers,Near Mint,FALSE,0.03,2,Bin 6,18,1
69af6d5b34ce719e27b74464,398147557,,1,tla,Rowdy Snowballers,Near Mint,FALSE,0.03,2,Bin 6,30,1
69e7dda69ca1ed48e7d9afed,409778090,,1,rtr,Rubbleback Rhino,Near Mint,FALSE,0.03,2,Bin 7,5,2
69e53d269ca1ed48e7d99dd6,409247557,,1,mkm,Rubblebelt Braggart,Near Mint,FALSE,0.05,7,Bin 5,30,1
69e53d269ca1ed48e7d99dd6,409247557,,1,mkm,Rubblebelt Braggart,Near Mint,FALSE,0.05,7,Bin 5,31,2
69e53d269ca1ed48e7d99dd6,409247557,,1,mkm,Rubblebelt Braggart,Near Mint,FALSE,0.05,7,Bin 5,32,1
69e53d269ca1ed48e7d99dd6,409247557,,1,mkm,Rubblebelt Braggart,Near Mint,FALSE,0.05,7,Bin 5,33,2
69e53d269ca1ed48e7d99dd6,409247557,,1,mkm,Rubblebelt Braggart,Near Mint,FALSE,0.05,7,Bin 5,34,1
69e902587ecc73c161d869b1,409953020,,1,mkm,Rubblebelt Braggart,Near Mint,FALSE,0.03,11,Bin 1,11,11
69b0c7659ca1ed48e7d8b6c9,398398124,,1,dgm,Rubblebelt Maaka,Near Mint,FALSE,0.03,4,Bin 6,33,1
69b0c7659ca1ed48e7d8b6c9,398398124,,1,dgm,Rubblebelt Maaka,Near Mint,FALSE,0.03,4,Bin 7,16,2
69b0c7659ca1ed48e7d8b6c9,398398124,,1,dgm,Rubblebelt Maaka,Near Mint,FALSE,0.03,4,Bin 7,18,1
69e541629ca1ed48e7d99e97,409249314,,1,mkm,Rubblebelt Maverick,Near Mint,FALSE,0.08,9,Bin 5,31,1
69e541629ca1ed48e7d99e97,409249314,,1,mkm,Rubblebelt Maverick,Near Mint,FALSE,0.08,9,Bin 5,33,3
69e541629ca1ed48e7d99e97,409249314,,1,mkm,Rubblebelt Maverick,Near Mint,FALSE,0.08,9,Bin 5,34,2
69e541629ca1ed48e7d99e97,409249314,,1,mkm,Rubblebelt Maverick,Near Mint,FALSE,0.08,9,Bin 5,35,3
699b796734ce719e27b6e6e1,393859698,,1,fin,Rufus Shinra,NM,FALSE,0.04,1,Bin 6,3,1
69e5344a9ca1ed48e7d99b2d,409242820,,1,fdn,Rugged Highlands,Near Mint,FALSE,0.05,2,Bin 5,27,2
69b0d34d9ca1ed48e7d8b863,398404118,,1,ktk,Rugged Highlands,Near Mint,FALSE,0.03,2,Bin 6,35,2
69af70129a9ce4ef7aed3c78,398161634,,1,m20,Rugged Highlands,NM,FALSE,0.03,1,Bin 6,19,1
69b0425e9ca1ed48e7d8ac3d,398289255,,1,bfz,Ruin Processor,Near Mint,TRUE,0.15,1,Bin 6,25,1
69e7d3c19ca1ed48e7d9ae45,409772214,,1,bfz,Ruination Guide,Near Mint,TRUE,0.15,1,Bin 7,3,1
69e7ce259ca1ed48e7d9ad78,409769214,,1,kld,Ruinous Gremlin,Near Mint,FALSE,0.03,2,Bin 7,2,2
699bb19334ce719e27b6e919,393880577,,1,tla,Ruinous Waterbending,NM,FALSE,0.03,1,Bin 6,7,1
699bb19a34ce719e27b6e99f,393880622,,1,tla,Rumble Arena,Near Mint,FALSE,0.03,3,Bin 6,7,1
699bb19a34ce719e27b6e99f,393880622,,1,tla,Rumble Arena,Near Mint,FALSE,0.03,3,Bin 6,18,1
699bb19a34ce719e27b6e99f,393880622,,1,tla,Rumble Arena,Near Mint,FALSE,0.03,3,Bin 6,29,1
69c34bfd9ca1ed48e7d90c44,402068388,,1,lci,Rumbling Rockslide,Near Mint,FALSE,0.04,10,Bin 1,6,10
69b0d7e99ca1ed48e7d8b91a,398406676,,1,thb,Rumbling Sentry,Near Mint,TRUE,0.1,1,Bin 6,36,1
69b0c7659ca1ed48e7d8b6cc,398398125,,1,m15,Rummaging Goblin,Near Mint,FALSE,0.03,0,,,
69b0bf269ca1ed48e7d8b5e8,398395007,,1,xln,Run Aground,Near Mint,FALSE,0.03,1,Bin 6,33,1
69ed59c979f49147a08102ae,410864071,,1,khm,Run Ashore,Near Mint,FALSE,0.03,1,Bin 7,16,1
69e91e307ecc73c161d8c2b3,410002350,,1,blb,Run Away Together,Near Mint,FALSE,0.08,8,Bin 1,25,8
69c315689ca1ed48e7d90802,402033629,,1,eld,Run Away Together,Near Mint,TRUE,0.15,1,Bin 6,38,1
69e7e0a39ca1ed48e7d9b0d9,409779798,,1,fdn,Run Away Together,Near Mint,FALSE,0.03,1,Bin 7,6,1
69b04ead9ca1ed48e7d8ae69,398299166,,1,dft,Run Over,Near Mint,FALSE,0.03,0,,,
69c322e99ca1ed48e7d90ab2,402044519,,1,lci,Runaway Boulder,Near Mint,FALSE,0.04,8,Bin 1,2,8
69af848b9ca1ed48e7d8a67c,398179344,,1,uma,Rune Snag,Near Mint,FALSE,0.05,1,Bin 6,21,1
69e535b79ca1ed48e7d99c5e,409244274,,1,mkm,Rune-Brand Juggler,Near Mint,FALSE,0.05,1,Bin 5,8,1
69e957d77ecc73c161d9883b,410039942,,1,mm2,Runed Servitor,Near Mint,TRUE,0.1,1,Bin 7,12,1
69e7dda79ca1ed48e7d9b003,409778098,,1,rtr,Runewing,Near Mint,FALSE,0.03,1,Bin 7,5,1
69edbdb32f009c9bc4cde055,410924492,,1,dgm,Runner's Bane,Near Mint,FALSE,0.04,1,Bin 7,18,1
69ed5f1779f49147a08132c6,410865329,,1,dgm,Runner's Bane,Near Mint,TRUE,0.1,1,Bin 7,17,1
69b0d34c9ca1ed48e7d8b858,398404115,,1,c13,Rupture Spire,Near Mint,FALSE,0.04,1,Bin 6,35,1
69b0d3489ca1ed48e7d8b814,398404096,,1,cmd,Rupture Spire,Near Mint,FALSE,0.04,0,,,
69af580d34ce719e27b742bd,397801794,,1,cmr,Rupture Spire,NM,FALSE,0.03,0,,,
69e422c99ca1ed48e7d9912f,409082114,,1,ktk,Rush of Battle,Near Mint,FALSE,0.05,2,Bin 5,6,2
69af68b834ce719e27b7441c,398052963,,1,avr,Rush of Blood,NM,FALSE,0.04,0,,,
69e432f19ca1ed48e7d994ce,409094969,,1,bfz,Rush of Ice,Near Mint,FALSE,0.03,11,Bin 5,17,11
69e7ce299ca1ed48e7d9adb7,409769240,,1,kld,Rush of Vitality,Near Mint,FALSE,0.03,1,Bin 7,2,1
69e920ca7ecc73c161d8cb44,410003518,,1,blb,Rust-Shield Rampager,Near Mint,FALSE,0.03,9,Bin 1,26,9
69b0dd069ca1ed48e7d8ba92,398420445,,1,m12,Rusted Sentinel,Near Mint,FALSE,0.03,1,Bin 6,37,1
69e539359ca1ed48e7d99d02,409246139,,1,emn,Ruthless Disposal,Near Mint,FALSE,0.03,3,Bin 5,28,3
69e7ea179ca1ed48e7d9b2da,409784064,,1,frf,Ruthless Instincts,Near Mint,FALSE,0.03,1,Bin 7,8,1
69e954737ecc73c161d97c1e,410037387,,1,nph,Ruthless Invasion,Near Mint,TRUE,0.15,0,,,
69c321989ca1ed48e7d90a61,402043047,,1,a25,Ruthless Ripper,Near Mint,FALSE,0.04,1,Bin 1,1,1
69ed5f1a79f49147a081332a,410865345,,1,ktk,Ruthless Ripper,Near Mint,FALSE,0.09,1,Bin 7,17,1
69ed5f1879f49147a08132f7,410865337,,1,ugin,Ruthless Ripper,Near Mint,FALSE,1.05,8,Bin 7,17,8
69e42c289ca1ed48e7d99355,409090860,,1,akh,Ruthless Sniper,Near Mint,FALSE,0.05,7,Bin 5,12,7
699b796734ce719e27b6e6e4,393859699,,1,fin,Rydia's Return,NM,TRUE,0.15,1,Bin 6,3,1
699a9e1934ce719e27b6e092,393639380,,1,fin,Rydia's Return,NM,FALSE,0.05,2,Bin 6,6,1
699a9e1934ce719e27b6e092,393639380,,1,fin,Rydia's Return,NM,FALSE,0.05,2,Bin 6,3,1
699bb5c034ce719e27b6ea46,393882023,,1,spm,"SP//dr, Piloted by Peni",NM,FALSE,0.04,1,Bin 6,8,1
699bb19734ce719e27b6e969,393880604,,1,tla,Saber-Tooth Moose-Lion,NM,FALSE,0.05,2,Bin 6,7,2
69b0a9df9ca1ed48e7d8b24c,398363679,,1,tla,Saber-Tooth Moose-Lion,Near Mint,FALSE,0.03,2,Bin 6,29,2
699a9e1534ce719e27b6e04b,393639359,,1,fin,Sabotender,NM,FALSE,0.06,3,Bin 6,6,1
699a9e1534ce719e27b6e04b,393639359,,1,fin,Sabotender,NM,FALSE,0.06,3,Bin 6,3,1
699a9e1534ce719e27b6e04b,393639359,,1,fin,Sabotender,NM,FALSE,0.06,3,Bin 6,9,1
69e42aa59ca1ed48e7d992df,409089976,,1,akh,Sacred Excavation,Near Mint,FALSE,0.05,2,Bin 5,11,2
69b0dcfe9ca1ed48e7d8ba1a,398420413,,1,rix,Sadistic Skymarcher,Near Mint,FALSE,0.03,1,Bin 6,37,1
69c323da9ca1ed48e7d90acb,402044748,,1,lci,Sage of Days,Near Mint,FALSE,0.04,9,Bin 1,3,3
69c323da9ca1ed48e7d90acb,402044748,,1,lci,Sage of Days,Near Mint,FALSE,0.04,9,Bin 1,4,6
69b0c75c9ca1ed48e7d8b647,398398084,,1,kld,Sage of Shaila's Claim,Near Mint,FALSE,0.04,0,,,
69e9546a7ecc73c161d97b7d,410037335,,1,tdm,Sage of the Fang,Near Mint,FALSE,0.05,1,Bin 7,11,1
699b72ed34ce719e27b6e4ea,393856650,,1,fin,Sage's Nouliths,NM,FALSE,0.04,19,Bin 6,5,18
699b72ed34ce719e27b6e4ea,393856650,,1,fin,Sage's Nouliths,NM,FALSE,0.04,19,Bin 6,4,1
69e422c99ca1ed48e7d9912c,409082113,,1,ktk,Sage-Eye Harrier,Near Mint,FALSE,0.05,7,Bin 5,6,7
69ed5f1479f49147a0813256,410865310,,1,ktk,Sage-Eye Harrier,Near Mint,TRUE,0.1,2,Bin 7,17,2
69e427cb9ca1ed48e7d99250,409088138,,1,ktk,Sagu Archer,Near Mint,FALSE,0.03,4,Bin 5,9,4
69e9546a7ecc73c161d97b77,410037333,,1,tdm,Sagu Pummeler,Near Mint,FALSE,0.05,1,Bin 7,11,1
699b72ed34ce719e27b6e4ed,393856651,,1,fin,Sahagin,NM,FALSE,0.03,14,Bin 6,5,13
699b72ed34ce719e27b6e4ed,393856651,,1,fin,Sahagin,NM,FALSE,0.03,14,Bin 6,3,1
69b03d1e9ca1ed48e7d8ab5e,398283174,,1,mh2,Said // Done,Near Mint,FALSE,0.03,7,Bin 6,24,2
69b03d1e9ca1ed48e7d8ab5e,398283174,,1,mh2,Said // Done,Near Mint,FALSE,0.03,7,Bin 6,25,5
69b0bb1d9ca1ed48e7d8b479,398393231,,1,rix,Sailor of Means,Near Mint,FALSE,0.03,0,,,
69b0bb1d9ca1ed48e7d8b47c,398393233,,1,xln,Sailor of Means,Near Mint,FALSE,0.04,1,Bin 6,32,1
69e7d7879ca1ed48e7d9af04,409773411,,1,kld,Salivating Gremlins,Near Mint,FALSE,0.03,4,Bin 7,4,4
69e7d7879ca1ed48e7d9af01,409773410,,1,kld,Salivating Gremlins,Near Mint,TRUE,0.1,1,Bin 7,4,1
69e422c99ca1ed48e7d99129,409082112,,1,ktk,Salt Road Patrol,Near Mint,FALSE,0.03,3,Bin 5,6,3
69b046c39ca1ed48e7d8adad,398292008,,1,tsp,Saltcrusted Steppe,Near Mint,FALSE,0.04,2,Bin 6,26,1
69b046c39ca1ed48e7d8adad,398292008,,1,tsp,Saltcrusted Steppe,Near Mint,FALSE,0.04,2,Bin 6,28,1
69e7d3c19ca1ed48e7d9ae4b,409772216,,1,bfz,Salvage Drone,Near Mint,TRUE,0.1,1,Bin 7,3,1
69e43ab19ca1ed48e7d995c4,409100618,,1,aer,Salvage Scuttler,Near Mint,FALSE,0.03,2,Bin 5,22,2
69e535ba9ca1ed48e7d99c8a,409244305,,1,mkm,Sample Collector,Near Mint,FALSE,0.03,1,Bin 5,8,1
699b75a634ce719e27b6e523,393857982,,1,fin,Samurai's Katana,NM,FALSE,0.04,1,Bin 6,4,1
69af73479a9ce4ef7aed3cc1,398165909,,1,iko,Sanctuary Lockdown,NM,FALSE,0.03,1,Bin 6,20,1
69e535b69ca1ed48e7d99c4f,409244262,,1,mkm,Sanctuary Wall,Near Mint,FALSE,0.05,2,Bin 5,8,1
69e535b69ca1ed48e7d99c4f,409244262,,1,mkm,Sanctuary Wall,Near Mint,FALSE,0.05,2,Bin 5,36,1
69b0addd9ca1ed48e7d8b300,398366931,,1,tla,Sandbenders' Storm,Near Mint,TRUE,0.1,1,Bin 6,30,1
699bb19a34ce719e27b6e9a2,393880623,,1,tla,Sandbenders' Storm,Near Mint,FALSE,0.03,3,Bin 6,7,1
699bb19a34ce719e27b6e9a2,393880623,,1,tla,Sandbenders' Storm,Near Mint,FALSE,0.03,3,Bin 6,17,1
699bb19a34ce719e27b6e9a2,393880623,,1,tla,Sandbenders' Storm,Near Mint,FALSE,0.03,3,Bin 6,30,1
69e7cbe29ca1ed48e7d9ad2f,409768177,,1,hou,Sandblast,Near Mint,FALSE,0.05,3,Bin 7,1,3
69e957d27ecc73c161d987e4,410039910,,1,tdm,Sandskitter Outrider,Near Mint,TRUE,0.15,2,Bin 7,12,2
69e439cd9ca1ed48e7d995a0,409100242,,1,bfz,Sandstone Bridge,Near Mint,FALSE,0.06,5,Bin 5,21,5
69e904527ecc73c161d86fa0,409961797,,1,mkm,Sanguine Savior,Near Mint,FALSE,0.03,9,Bin 1,13,9
69e53d259ca1ed48e7d99dc7,409247552,,1,mkm,Sanguine Savior,Near Mint,FALSE,0.05,11,Bin 5,30,2
69e53d259ca1ed48e7d99dc7,409247552,,1,mkm,Sanguine Savior,Near Mint,FALSE,0.05,11,Bin 5,31,1
69e53d259ca1ed48e7d99dc7,409247552,,1,mkm,Sanguine Savior,Near Mint,FALSE,0.05,11,Bin 5,32,1
69e53d259ca1ed48e7d99dc7,409247552,,1,mkm,Sanguine Savior,Near Mint,FALSE,0.05,11,Bin 5,33,1
69e53d259ca1ed48e7d99dc7,409247552,,1,mkm,Sanguine Savior,Near Mint,FALSE,0.05,11,Bin 5,34,3
69e53d259ca1ed48e7d99dc7,409247552,,1,mkm,Sanguine Savior,Near Mint,FALSE,0.05,11,Bin 5,35,3
69e918617ecc73c161d8af4c,409994870,,1,m20,Sanitarium Skeleton,Near Mint,FALSE,0.03,1,Bin 1,22,1
69e53d219ca1ed48e7d99d8c,409247532,,1,mkm,Sanitation Automaton,Near Mint,FALSE,0.02,20,Bin 5,30,3
69e53d219ca1ed48e7d99d8c,409247532,,1,mkm,Sanitation Automaton,Near Mint,FALSE,0.02,20,Bin 5,32,2
69e53d219ca1ed48e7d99d8c,409247532,,1,mkm,Sanitation Automaton,Near Mint,FALSE,0.02,20,Bin 5,33,1
69e53d219ca1ed48e7d99d8c,409247532,,1,mkm,Sanitation Automaton,Near Mint,FALSE,0.02,20,Bin 5,34,2
69e53d219ca1ed48e7d99d8c,409247532,,1,mkm,Sanitation Automaton,Near Mint,FALSE,0.02,20,Bin 5,35,2
69e53d219ca1ed48e7d99d8c,409247532,,1,mkm,Sanitation Automaton,Near Mint,FALSE,0.02,20,Bin 1,8,10
69b0bf239ca1ed48e7d8b5bb,398394993,,1,dom,Saproling Migration,Near Mint,FALSE,0.03,5,Bin 6,33,1
69b0bf239ca1ed48e7d8b5bb,398394993,,1,dom,Saproling Migration,Near Mint,FALSE,0.03,5,Bin 6,34,1
69b0bf239ca1ed48e7d8b5bb,398394993,,1,dom,Saproling Migration,Near Mint,FALSE,0.03,5,Bin 6,38,3
69b0d3499ca1ed48e7d8b824,398404100,,1,ddh,Sapseep Forest,Near Mint,FALSE,0.28,1,Bin 6,35,1
69e954697ecc73c161d97b68,410037328,,1,tdm,Sarkhan's Resolve,Near Mint,FALSE,0.05,1,Bin 7,11,1
69edbdaf2f009c9bc4cddfa1,410924440,,1,dgm,Saruli Gatekeepers,Near Mint,FALSE,0.1,0,,,
69e96e637ecc73c161d9d84f,410048740,,1,jou,Satyr Grovedancer,Near Mint,FALSE,0.05,1,Bin 7,15,1
69af542834ce719e27b741f2,397764565,,1,bng,Satyr Wayfinder,LP,FALSE,0.02,0,,,
69e539339ca1ed48e7d99cec,409246131,,1,emn,Savage Alliance,Near Mint,FALSE,0.05,1,Bin 5,28,1
69b03d239ca1ed48e7d8abab,398283204,,1,emn,Savage Alliance,Near Mint,FALSE,0.04,4,Bin 6,24,4
69e7e4d89ca1ed48e7d9b20a,409782021,,1,inr,Savage Alliance,Near Mint,TRUE,0.15,1,Bin 7,7,1
699bb5cb34ce719e27b6eb0a,393882075,,1,spm,Savage Mansion,NM,FALSE,0.03,1,Bin 6,8,1
699bb5cb34ce719e27b6eb00,393882073,,1,spm,Savage Mansion,NM,TRUE,0.15,1,Bin 6,8,1
69e427cb9ca1ed48e7d9924d,409088137,,1,ktk,Savage Punch,Near Mint,FALSE,0.05,3,Bin 5,9,3
69e7e0a09ca1ed48e7d9b0aa,409779785,,1,fdn,Savannah Lions,Near Mint,FALSE,0.03,1,Bin 7,6,1
69e7e0a09ca1ed48e7d9b0a7,409779784,,1,fdn,Savannah Lions,Near Mint,TRUE,0.1,1,Bin 7,6,1
69e91cf87ecc73c161d8be8c,410001533,,1,blb,Savor,Near Mint,FALSE,0.03,6,Bin 1,24,1
69e91cf87ecc73c161d8be8c,410001533,,1,blb,Savor,Near Mint,FALSE,0.03,6,Bin 1,25,5
69af580534ce719e27b7422e,397801110,,1,one,Sawblade Scamp,NM,FALSE,0.03,1,Bin 6,16,1
69e932f77ecc73c161d908d0,410016880,,1,dsk,Say Its Name,Near Mint,FALSE,0.03,12,Bin 1,34,12
69e923457ecc73c161d8d3d6,410005631,,1,blb,Sazacap's Brew,Near Mint,FALSE,0.12,0,,,
69edbdac2f009c9bc4cddf1c,410924400,,1,dgm,Scab-Clan Giant,Near Mint,FALSE,0.04,1,Bin 7,18,1
69ed5f1279f49147a0813204,410865299,,1,dgm,Scab-Clan Giant,Near Mint,FALSE,0.05,1,Bin 7,17,1
69ed5f1279f49147a08131fd,410865298,,1,dgm,Scab-Clan Giant,Near Mint,TRUE,0.1,1,Bin 7,17,1
69e422c79ca1ed48e7d99105,409082100,,1,ktk,Scaldkin,Near Mint,FALSE,0.03,6,Bin 5,6,6
69b0cc9f9ca1ed48e7d8b735,398401779,,1,znr,Scale the Heights,Near Mint,FALSE,0.03,1,Bin 6,34,1
69e42e9f9ca1ed48e7d993b7,409092691,,1,akh,Scaled Behemoth,Near Mint,FALSE,0.05,1,Bin 5,14,1
69e96e607ecc73c161d9d7a4,410048728,,1,akh,Scaled Behemoth,Near Mint,FALSE,0.04,2,Bin 7,15,2
69af68b034ce719e27b743a0,398052919,,1,cmr,Scaled Behemoth,NM,FALSE,0.04,1,Bin 6,17,1
69e91e327ecc73c161d8c2d4,410002364,,1,blb,Scales of Shale,Near Mint,FALSE,0.03,5,Bin 1,25,5
69e42c289ca1ed48e7d99352,409090859,,1,akh,Scarab Feast,Near Mint,FALSE,0.05,6,Bin 5,12,6
69e957d37ecc73c161d987f3,410039915,,1,mm2,Scatter the Seeds,Near Mint,TRUE,0.15,2,Bin 7,12,2
69af848b9ca1ed48e7d8a682,398179346,,1,m12,Scepter of Empires,Near Mint,FALSE,0.04,4,Bin 6,21,4
69b0bb1d9ca1ed48e7d8b47f,398393234,,1,m19,Scholar of Stars,Near Mint,FALSE,0.03,2,Bin 6,32,2
69e53ab69ca1ed48e7d99d69,409246490,,1,ogw,Scion Summoner,Near Mint,FALSE,0.03,7,Bin 5,29,4
69e53ab69ca1ed48e7d99d69,409246490,,1,ogw,Scion Summoner,Near Mint,FALSE,0.03,7,Bin 5,30,3
69e91b467ecc73c161d8b915,409999641,,1,afr,Scion of Stygia,Near Mint,FALSE,0.05,1,Bin 1,23,1
69e957d37ecc73c161d987f6,410039916,,1,mm2,Scion of the Wild,Near Mint,FALSE,0.05,1,Bin 7,12,1
69e933e77ecc73c161d90bfd,410017331,,1,dsk,Scorching Dragonfire,Near Mint,FALSE,0.03,13,Bin 1,35,13
69af86d99ca1ed48e7d8a720,398181814,,1,khm,Scorn Effigy,Near Mint,FALSE,0.03,2,Bin 6,22,2
69ed59bf79f49147a08101f4,410864010,,1,khm,Scorn Effigy,Near Mint,FALSE,0.02,1,Bin 7,16,1
699bb19634ce719e27b6e94c,393880595,,1,fin,Scorpion Sentinel,NM,TRUE,0.15,1,Bin 6,7,1
69af4d4434ce719e27b74068,397707431,,1,fin,Scorpion Sentinel,NM,FALSE,0.03,1,Bin 6,11,1
699b72ed34ce719e27b6e4f0,393856652,,1,fin,Scorpion Sentinel,NM,FALSE,0.04,10,Bin 6,5,7
699b72ed34ce719e27b6e4f0,393856652,,1,fin,Scorpion Sentinel,NM,FALSE,0.04,10,Bin 6,4,2
699b72ed34ce719e27b6e4f0,393856652,,1,fin,Scorpion Sentinel,NM,FALSE,0.04,10,Bin 6,3,1
69b04eb79ca1ed48e7d8af2f,398299290,,1,mh1,Scour All Possibilities,Near Mint,FALSE,0.03,1,Bin 6,27,1
69af68af34ce719e27b7438b,398052910,,1,mh2,Scour the Desert,Near Mint,FALSE,0.03,5,Bin 6,17,1
69af68af34ce719e27b7438b,398052910,,1,mh2,Scour the Desert,Near Mint,FALSE,0.03,5,Bin 6,23,4
69e954717ecc73c161d97bfa,410037375,,1,ema,Scoured Barrens,Near Mint,TRUE,0.15,1,Bin 7,11,1
69af68b534ce719e27b743f2,398052948,,1,fdn,Scoured Barrens,Near Mint,FALSE,0.03,0,,,
69af734b9a9ce4ef7aed3d0f,398165951,,1,iko,Scoured Barrens,NM,FALSE,0.04,0,,,
69b0d3489ca1ed48e7d8b81f,398404099,,1,ktk,Scoured Barrens,Near Mint,FALSE,0.03,0,,,
69e7ede49ca1ed48e7d9b380,409786000,,1,mm3,Scourge Devil,Near Mint,FALSE,0.03,1,Bin 7,9,1
69b08a939ca1ed48e7d8b094,398342975,,1,bok,Scourge of Numai,Near Mint,FALSE,0.06,1,Bin 6,28,1
69e427ca9ca1ed48e7d9924a,409088136,,1,ktk,Scout the Borders,Near Mint,FALSE,0.03,5,Bin 5,9,5
69eea6d12f009c9bc4d74889,411068526,,1,dft,Scrap Compactor,Near Mint,TRUE,0.1,1,Bin 7,19,1
69af542634ce719e27b741c9,397764550,,1,cmr,Scrapdiver Serpent,NM,FALSE,0.03,1,Bin 6,15,1
69e7ce259ca1ed48e7d9ad7d,409769216,,1,aer,Scrapper Champion,Near Mint,FALSE,0.03,0,,,
69e954737ecc73c161d97c21,410037388,,1,nph,Scrapyard Salvo,Near Mint,TRUE,0.15,0,,,
69b0a9da9ca1ed48e7d8b1f9,398363662,,1,woe,Scream Puff,Near Mint,FALSE,0.03,1,Bin 6,29,1
69c322e69ca1ed48e7d90a8b,402044506,,1,lci,Screaming Phantom,Near Mint,FALSE,0.04,7,Bin 1,2,7
69b0a9d89ca1ed48e7d8b1cd,398363648,,1,wwk,Scrib Nibblers,Near Mint,FALSE,0.19,4,Bin 6,29,4
69b0bb1e9ca1ed48e7d8b482,398393235,,1,akh,Scribe of the Mindful,Near Mint,FALSE,0.03,8,Bin 6,32,2
69b0bb1e9ca1ed48e7d8b482,398393235,,1,akh,Scribe of the Mindful,Near Mint,FALSE,0.03,8,Bin 5,11,5
69b0bb1e9ca1ed48e7d8b482,398393235,,1,akh,Scribe of the Mindful,Near Mint,FALSE,0.03,8,Bin 5,16,1
69b0dd059ca1ed48e7d8ba85,398420442,,1,avr,Scroll of Avacyn,Near Mint,FALSE,0.03,2,Bin 6,37,2
69b0c75d9ca1ed48e7d8b64a,398398085,,1,aer,Scrounging Bandar,Near Mint,FALSE,0.03,2,Bin 6,33,1
69b0c75d9ca1ed48e7d8b64a,398398085,,1,aer,Scrounging Bandar,Near Mint,FALSE,0.03,2,Bin 7,1,1
69ed59c579f49147a0810264,410864046,,1,khm,Sculptor of Winter,Near Mint,FALSE,0.04,2,Bin 7,16,2
699b7d3b34ce719e27b6e7ea,393860722,,1,mh3,Scurrilous Sentry,NM,FALSE,0.05,1,Bin 6,2,1
69b0426b9ca1ed48e7d8acfd,398289329,,1,mh2,Scuttletide,Near Mint,FALSE,0.03,5,Bin 6,25,5
69e957cf7ecc73c161d987b5,410039895,,1,mm2,Scuttling Death,Near Mint,TRUE,0.1,1,Bin 7,12,1
69e7ea199ca1ed48e7d9b2f5,409784074,,1,mm2,Scuttling Death,Near Mint,TRUE,0.1,1,Bin 7,8,1
69b08a989ca1ed48e7d8b0ec,398343035,,1,mh1,Scuttling Sliver,Near Mint,FALSE,0.08,2,Bin 6,28,2
69af580b34ce719e27b742a7,397801692,,1,znr,Sea Gate Colossus,LP,FALSE,0.02,1,Bin 6,16,1
69b0b7a39ca1ed48e7d8b3ae,398391705,,1,rix,Sea Legs,Near Mint,FALSE,0.03,2,Bin 6,31,1
69b0b7a39ca1ed48e7d8b3ae,398391705,,1,rix,Sea Legs,Near Mint,FALSE,0.03,2,Bin 6,33,1
69b0bb1e9ca1ed48e7d8b485,398393236,,1,znr,Seafloor Stalker,Near Mint,FALSE,0.03,1,Bin 6,32,1
69e9546f7ecc73c161d97be0,410037367,,1,ema,Seal of Cleansing,Near Mint,TRUE,0.15,1,Bin 7,11,1
69e534519ca1ed48e7d99b8a,409242887,,1,mid,Search Party Captain,Near Mint,FALSE,0.04,0,,,
69e7ddaa9ca1ed48e7d9b033,409778118,,1,rtr,Search Warrant,Near Mint,FALSE,0.05,1,Bin 7,5,1
69c31d9b9ca1ed48e7d90922,402040021,,1,rtr,Search Warrant,Near Mint,FALSE,0.04,2,Bin 6,39,2
69c315679ca1ed48e7d907f7,402033626,,1,eld,Searing Barrage,Near Mint,TRUE,0.15,2,Bin 6,38,1
69c315679ca1ed48e7d907f7,402033626,,1,eld,Searing Barrage,Near Mint,TRUE,0.15,2,Bin 6,39,1
69e541669ca1ed48e7d99ec9,409249328,,1,mkm,Seasoned Consultant,Near Mint,FALSE,0.03,8,Bin 5,31,3
69e541669ca1ed48e7d99ec9,409249328,,1,mkm,Seasoned Consultant,Near Mint,FALSE,0.03,8,Bin 5,32,1
69e541669ca1ed48e7d99ec9,409249328,,1,mkm,Seasoned Consultant,Near Mint,FALSE,0.03,8,Bin 5,33,1
69e541669ca1ed48e7d99ec9,409249328,,1,mkm,Seasoned Consultant,Near Mint,FALSE,0.03,8,Bin 5,34,1
69e541669ca1ed48e7d99ec9,409249328,,1,mkm,Seasoned Consultant,Near Mint,FALSE,0.03,8,Bin 5,35,2
69e9035c7ecc73c161d86c9e,409953939,,1,mkm,Seasoned Consultant,Near Mint,FALSE,0.03,11,Bin 1,12,11
69af73469a9ce4ef7aed3cb2,398165902,,1,stx,Secret Rendezvous,NM,FALSE,0.12,1,Bin 6,20,1
69e7e4d59ca1ed48e7d9b1d2,409782000,,1,rix,Secrets of the Golden City,Near Mint,FALSE,0.03,2,Bin 7,7,2
69b04eb49ca1ed48e7d8aeed,398299266,,1,snc,Security Bypass,Near Mint,FALSE,0.07,1,Bin 6,27,1
69e918607ecc73c161d8af34,409994861,,1,m20,Sedge Scorpion,Near Mint,FALSE,0.05,1,Bin 1,22,1
69e92ebd7ecc73c161d8fa4c,410013590,,1,blb,Seedpod Squire,Near Mint,FALSE,0.03,5,Bin 1,29,5
69e4385f9ca1ed48e7d99559,409099692,,1,bfz,Seek the Wilds,Near Mint,FALSE,0.03,9,Bin 5,20,9
69e7d3c29ca1ed48e7d9ae54,409772221,,1,bfz,Seek the Wilds,Near Mint,TRUE,0.1,4,Bin 7,3,4
69b0bb1e9ca1ed48e7d8b488,398393237,,1,akh,Seeker of Insight,Near Mint,FALSE,0.03,2,Bin 6,32,2
69e42aa59ca1ed48e7d992da,409089975,,1,akh,Seeker of Insight,Near Mint,FALSE,0.05,2,Bin 5,11,2
69c32dbe9ca1ed48e7d90b82,402049703,,1,lci,Seeker of Sunlight,Near Mint,FALSE,0.04,8,Bin 1,5,8
69e7e0a69ca1ed48e7d9b105,409779815,,1,fdn,Seeker's Folly,Near Mint,FALSE,0.03,3,Bin 7,6,3
69e95c847ecc73c161d9985a,410042461,,1,xln,Seekers' Squire,Near Mint,TRUE,0.1,0,,,
69e95c847ecc73c161d99857,410042460,,1,xln,Seekers' Squire,Near Mint,FALSE,0.04,1,Bin 7,13,1
69b0bb1e9ca1ed48e7d8b48b,398393238,,1,hou,Seer of the Last Tomorrow,Near Mint,FALSE,0.04,2,Bin 6,32,2
69e93a2e7ecc73c161d9221a,410020620,,1,ogw,Seer's Lantern,Near Mint,TRUE,0.1,1,Bin 7,10,1
699b796334ce719e27b6e695,393859674,,1,mh3,Seething Landscape,NM,FALSE,0.03,0,,,
69c34bfd9ca1ed48e7d90c41,402068387,,1,lci,Seismic Monstrosaur,Near Mint,FALSE,0.04,1,Bin 1,6,1
69e7e0a39ca1ed48e7d9b0d6,409779797,,1,fdn,Seismic Rupture,Near Mint,FALSE,0.03,1,Bin 7,6,1
699bb19c34ce719e27b6e9c8,393880643,,1,tla,Seismic Sense,NM,FALSE,0.09,1,Bin 6,7,1
69e954687ecc73c161d97b5c,410037324,,1,tdm,Seize Opportunity,Near Mint,FALSE,0.05,2,Bin 7,11,2
69e9070f7ecc73c161d8784d,409964032,,1,otj,Seize the Secrets,Near Mint,FALSE,0.05,16,Bin 1,16,16
69ed59c779f49147a081028d,410864060,,1,khm,Seize the Spoils,Near Mint,FALSE,0.42,2,Bin 7,16,2
69e9359a7ecc73c161d911bd,410018267,,1,dsk,Seized from Slumber,Near Mint,FALSE,0.03,14,Bin 1,37,14
69b08a929ca1ed48e7d8b088,398342967,,1,zen,Sejiri Refuge,Near Mint,FALSE,0.11,2,Bin 6,28,2
69e41ed29ca1ed48e7d99035,409080148,,1,kld,Select for Inspection,Near Mint,FALSE,0.03,9,Bin 5,3,9
69ed59c079f49147a08101ff,410864013,,1,dgm,Selesnya Cluestone,Near Mint,FALSE,0.03,2,Bin 7,16,1
69ed59c079f49147a08101ff,410864013,,1,dgm,Selesnya Cluestone,Near Mint,FALSE,0.03,2,Bin 7,18,1
69b0d3569ca1ed48e7d8b8e3,398404153,,1,dgm,Selesnya Cluestone,Near Mint,FALSE,0.04,2,Bin 6,35,1
69b0d3569ca1ed48e7d8b8e3,398404153,,1,dgm,Selesnya Cluestone,Near Mint,FALSE,0.04,2,Bin 6,37,1
69b0d34c9ca1ed48e7d8b852,398404113,,1,dgm,Selesnya Guildgate,Near Mint,FALSE,0.06,1,Bin 6,35,1
69edbdb32f009c9bc4cde05f,410924495,,1,dgm,Selesnya Guildgate,Near Mint,FALSE,0.05,2,Bin 7,18,2
69b0d34a9ca1ed48e7d8b835,398404105,,1,rtr,Selesnya Guildgate,Near Mint,FALSE,0.04,3,Bin 6,35,3
69b0d3519ca1ed48e7d8b8a0,398404132,,1,rtr,Selesnya Keyrune,Near Mint,FALSE,0.04,2,Bin 6,35,2
69af848e9ca1ed48e7d8a6ae,398179360,,1,grn,Selesnya Locket,Near Mint,FALSE,0.03,11,Bin 6,21,9
69af848e9ca1ed48e7d8a6ae,398179360,,1,grn,Selesnya Locket,Near Mint,FALSE,0.03,11,Bin 6,22,2
69c321999ca1ed48e7d90a7c,402043056,,1,a25,Self-Assembler,Near Mint,FALSE,0.04,1,Bin 1,1,1
69e7dda39ca1ed48e7d9afb3,409778068,,1,rtr,Seller of Songbirds,Near Mint,FALSE,0.03,1,Bin 7,5,1
69b0b7a09ca1ed48e7d8b372,398391685,,1,cns,Selvala's Charge,Near Mint,FALSE,0.04,0,,,
69b03d219ca1ed48e7d8ab8e,398283194,,1,rna,Senate Guildmage,Near Mint,FALSE,0.03,1,Bin 6,24,1
69af6d6534ce719e27b74509,398148592,,1,cmr,Sentinel Spider,NM,FALSE,0.03,1,Bin 6,18,1
69e95c827ecc73c161d9983f,410042452,,1,xln,Sentinel Totem,Near Mint,TRUE,0.15,1,Bin 7,13,1
699a9e1c34ce719e27b6e0cd,393639398,,1,fin,Sephiroth's Intervention,Near Mint,FALSE,0.03,16,Bin 6,6,1
699a9e1c34ce719e27b6e0cd,393639398,,1,fin,Sephiroth's Intervention,Near Mint,FALSE,0.03,16,Bin 6,4,1
699a9e1c34ce719e27b6e0cd,393639398,,1,fin,Sephiroth's Intervention,Near Mint,FALSE,0.03,16,Bin 6,1,13
699a9e1c34ce719e27b6e0cd,393639398,,1,fin,Sephiroth's Intervention,Near Mint,FALSE,0.03,16,Bin 7,19,1
69e4218b9ca1ed48e7d990b3,409081250,,1,kld,Sequestered Stash,Near Mint,FALSE,0.03,0,,,
69b0d3479ca1ed48e7d8b805,398404091,,1,avr,Seraph Sanctuary,Near Mint,FALSE,0.79,0,,,
69e429409ca1ed48e7d99283,409089686,,1,akh,Seraph of the Suns,Near Mint,FALSE,0.05,1,Bin 5,10,1
69e7d3c49ca1ed48e7d9ae77,409772233,,1,bfz,Serene Steward,Near Mint,TRUE,0.15,2,Bin 7,3,2
69af68b534ce719e27b743ec,398052946,,1,tla,Serpent of the Pass,LP,TRUE,0.15,1,Bin 6,17,1
69e7e0a09ca1ed48e7d9b0ad,409779786,,1,fdn,Serra Angel,Near Mint,TRUE,0.1,1,Bin 7,6,1
699b796434ce719e27b6e6a4,393859679,,1,mh3,Serum Visionary,NM,FALSE,0.05,1,Bin 6,3,1
69af700f9a9ce4ef7aed3c4b,398161613,,1,bng,Servant of Tymaret,NM,FALSE,0.03,3,Bin 6,19,3
69e4218f9ca1ed48e7d990e9,409081296,,1,kld,Servant of the Conduit,Near Mint,FALSE,0.05,10,Bin 5,5,4
69e4218f9ca1ed48e7d990e9,409081296,,1,kld,Servant of the Conduit,Near Mint,FALSE,0.05,10,Bin 7,4,6
69e41db49ca1ed48e7d99013,409079846,,1,kld,Servo Exhibition,Near Mint,FALSE,0.16,4,Bin 5,2,4
69e43fc09ca1ed48e7d996b1,409103251,,1,aer,Servo Schematic,Near Mint,FALSE,0.14,4,Bin 5,26,3
69e43fc09ca1ed48e7d996b1,409103251,,1,aer,Servo Schematic,Near Mint,FALSE,0.14,4,Bin 7,1,1
69af542834ce719e27b741f6,397764566,,1,bng,Setessan Oathsworn,LP,FALSE,0.02,7,Bin 6,15,7
69efe9354ff24d3a84876de8,411358516,,1,bng,Setessan Oathsworn,Near Mint,TRUE,0.05,1,Bin 7,20,1
69efe9354ff24d3a84876dee,411358517,,1,bng,Setessan Oathsworn,Near Mint,FALSE,0.02,1,Bin 7,20,1
69b0d7ea9ca1ed48e7d8b91d,398406678,,1,thb,Setessan Skirmisher,Near Mint,TRUE,0.1,2,Bin 6,36,2
69b0c75d9ca1ed48e7d8b64d,398398086,,1,thb,Setessan Skirmisher,Near Mint,FALSE,0.03,1,Bin 6,33,1
69af542834ce719e27b741f9,397764567,,1,bng,Setessan Starbreaker,LP,FALSE,0.02,14,Bin 6,15,14
69af518234ce719e27b740fe,397759284,,1,bng,Setessan Starbreaker,NM,FALSE,0.03,1,Bin 6,14,1
69b0d7e99ca1ed48e7d8b90b,398406667,,1,thb,Setessan Training,Near Mint,TRUE,0.1,2,Bin 6,36,2
69e7dda59ca1ed48e7d9afd3,409778082,,1,rtr,Sewer Shambler,Near Mint,FALSE,0.05,1,Bin 7,5,1
69ed59c679f49147a081027e,410864055,,1,khm,Shackles of Treachery,Near Mint,FALSE,0.02,2,Bin 7,16,2
69e431d89ca1ed48e7d9947c,409094085,,1,bfz,Shadow Glider,Near Mint,FALSE,0.03,5,Bin 5,16,5
69e7e4ce9ca1ed48e7d9b151,409781949,,1,ori,Shadows of the Past,Near Mint,TRUE,0.2,1,Bin 7,7,1
69e4307d9ca1ed48e7d99434,409093668,,1,akh,Shadowstorm Vizier,Near Mint,FALSE,0.05,2,Bin 5,15,2
69b0cca09ca1ed48e7d8b744,398401786,,1,akh,Shadowstorm Vizier,Near Mint,FALSE,0.04,1,Bin 6,34,1
69e5415e9ca1ed48e7d99e62,409249305,,1,mkm,Shady Informant,Near Mint,FALSE,0.05,11,Bin 5,31,2
69e5415e9ca1ed48e7d99e62,409249305,,1,mkm,Shady Informant,Near Mint,FALSE,0.05,11,Bin 5,32,4
69e5415e9ca1ed48e7d99e62,409249305,,1,mkm,Shady Informant,Near Mint,FALSE,0.05,11,Bin 5,33,2
69e5415e9ca1ed48e7d99e62,409249305,,1,mkm,Shady Informant,Near Mint,FALSE,0.05,11,Bin 5,34,1
69e5415e9ca1ed48e7d99e62,409249305,,1,mkm,Shady Informant,Near Mint,FALSE,0.05,11,Bin 5,35,2
69e904527ecc73c161d86f9d,409961796,,1,mkm,Shady Informant,Near Mint,FALSE,0.03,10,Bin 1,13,10
69e534599ca1ed48e7d99c02,409242979,,1,cmid,Shady Traveler // Stalking Predator,Near Mint,FALSE,0.03,1,Bin 5,27,1
69e534599ca1ed48e7d99c05,409242982,,1,mid,Shady Traveler // Stalking Predator,Near Mint,FALSE,0.03,2,Bin 5,27,2
69e7ea139ca1ed48e7d9b28c,409784017,,1,soi,Shamble Back,Near Mint,TRUE,0.1,1,Bin 7,8,1
69e4244b9ca1ed48e7d99164,409082826,,1,ktk,Shambling Attendants,Near Mint,FALSE,0.05,4,Bin 5,7,4
69ed5f1979f49147a081330f,410865341,,1,ktk,Shambling Attendants,Near Mint,TRUE,0.1,1,Bin 7,17,1
699b796834ce719e27b6e6f4,393859703,,1,fin,Shambling Cie'th,NM,FALSE,0.03,0,,,
69e91b477ecc73c161d8b930,409999679,,1,afr,Shambling Ghast,Near Mint,FALSE,0.2,0,,,
699b75ab34ce719e27b6e57d,393858074,,1,fin,"Shantotto, Tactician Magician",NM,FALSE,0.04,1,Bin 6,4,1
69b0bb1e9ca1ed48e7d8b48e,398393239,,1,xln,Shaper Apprentice,Near Mint,FALSE,0.03,2,Bin 6,32,2
69b03d229ca1ed48e7d8ab9a,398283199,,1,xln,Shapers of Nature,Near Mint,FALSE,0.04,2,Bin 6,24,2
69e7ea0f9ca1ed48e7d9b244,409783989,,1,soi,Shard of Broken Glass,Near Mint,FALSE,0.03,1,Bin 7,8,1
69b0c7629ca1ed48e7d8b69c,398398109,,1,ktk,Shatter,Near Mint,FALSE,0.03,6,Bin 6,33,2
69b0c7629ca1ed48e7d8b69c,398398109,,1,ktk,Shatter,Near Mint,FALSE,0.03,6,Bin 5,8,4
69b0c7629ca1ed48e7d8b699,398398108,,1,rix,Shatter,Near Mint,FALSE,0.03,1,Bin 6,33,1
69af91849ca1ed48e7d8a7b9,398187769,,1,woe,Shatter the Oath,Near Mint,FALSE,0.03,1,Bin 6,23,1
69e93a247ecc73c161d9216a,410020539,,1,nph,Shattered Angel,Near Mint,TRUE,1,0,,,
699b7d3534ce719e27b6e780,393860695,,1,mh3,Shattered Landscape,NM,FALSE,0.03,0,,,
69c31d9a9ca1ed48e7d9090c,402040014,,1,gtc,Shattering Blow,Near Mint,FALSE,0.04,0,,,
69e4307f9ca1ed48e7d9945a,409093680,,1,akh,Shed Weakness,Near Mint,FALSE,0.05,6,Bin 5,15,6
69b0cc9d9ca1ed48e7d8b715,398401761,,1,akh,Shed Weakness,Near Mint,FALSE,0.04,2,Bin 6,34,2
69e91cfc7ecc73c161d8bed7,410001558,,1,uma,Shed Weakness,Near Mint,FALSE,0.03,1,Bin 1,24,1
69e7d3c39ca1ed48e7d9ae6b,409772229,,1,bfz,Sheer Drop,Near Mint,TRUE,0.1,1,Bin 7,3,1
69e965b37ecc73c161d9b80f,410045315,,1,akh,Shefet Monitor,Near Mint,TRUE,0.3,1,Bin 7,14,1
69e965b37ecc73c161d9b812,410045316,,1,akh,Shefet Monitor,Near Mint,FALSE,0.16,3,Bin 7,14,2
69e965b37ecc73c161d9b812,410045316,,1,akh,Shefet Monitor,Near Mint,FALSE,0.16,3,Bin 7,15,1
69b0dd089ca1ed48e7d8baaf,398420453,,1,vow,Sheltering Boughs,Near Mint,TRUE,0.1,1,Bin 6,37,1
699b7d3a34ce719e27b6e7d3,393860716,,1,mh3,Sheltering Landscape,NM,FALSE,0.03,0,,,
69e95c887ecc73c161d998a7,410042486,,1,xln,Sheltering Light,Near Mint,FALSE,0.16,0,,,
69b0b7a79ca1ed48e7d8b3f7,398391728,,1,znr,Shepherd of Heroes,Near Mint,FALSE,0.03,1,Bin 6,31,1
69af918c9ca1ed48e7d8a84c,398187813,,1,celd,Shepherd of the Flock // Usher to Safety,Near Mint,FALSE,0.08,3,Bin 6,23,1
69af918c9ca1ed48e7d8a84c,398187813,,1,celd,Shepherd of the Flock // Usher to Safety,Near Mint,FALSE,0.08,3,Bin 6,26,2
69e9359a7ecc73c161d911ba,410018265,,1,dsk,Shepherding Spirits,Near Mint,FALSE,0.03,12,Bin 1,37,12
69af86d89ca1ed48e7d8a70f,398181809,,1,m19,Shield Mare,Near Mint,FALSE,0.03,1,Bin 6,22,1
69e43ab19ca1ed48e7d995c1,409100617,,1,aer,Shielded Aether Thief,Near Mint,FALSE,0.04,2,Bin 5,22,2
69e91cfa7ecc73c161d8beb3,410001546,,1,uma,Shielding Plax,Near Mint,FALSE,0.06,1,Bin 1,24,1
69b0bb1f9ca1ed48e7d8b491,398393240,,1,akh,Shimmerscale Drake,Near Mint,FALSE,0.03,2,Bin 6,32,2
69e42aa49ca1ed48e7d992d7,409089974,,1,akh,Shimmerscale Drake,Near Mint,FALSE,0.05,6,Bin 5,11,6
69e96e597ecc73c161d9d717,410048692,,1,akh,Shimmerscale Drake,Near Mint,TRUE,0.1,1,Bin 7,15,1
69c315629ca1ed48e7d907a2,402033098,,1,eld,Shinechaser,Near Mint,TRUE,0.15,1,Bin 6,38,1
69e95c877ecc73c161d99895,410042480,,1,xln,Shining Aerosaur,Near Mint,FALSE,0.03,2,Bin 7,13,2
69b0b7a79ca1ed48e7d8b3fa,398391729,,1,xln,Shining Aerosaur,Near Mint,FALSE,0.03,2,Bin 6,31,2
699b7e0a34ce719e27b6e815,393861404,,1,fin,Shinra Reinforcements,NM,FALSE,0.03,9,Bin 6,1,9
69b0bb1f9ca1ed48e7d8b494,398393241,,1,xln,Shipwreck Looter,Near Mint,FALSE,0.03,1,Bin 6,32,1
69b0bb1f9ca1ed48e7d8b497,398393242,,1,aer,Shipwreck Moray,Near Mint,FALSE,0.03,12,Bin 6,32,2
69b0bb1f9ca1ed48e7d8b497,398393242,,1,aer,Shipwreck Moray,Near Mint,FALSE,0.03,12,Bin 5,22,10
69c324fe9ca1ed48e7d90b34,402045351,,1,lci,Shipwreck Sentry,Near Mint,FALSE,0.04,11,Bin 1,4,11
69c31d9d9ca1ed48e7d90941,402040028,,1,ths,Shipwreck Singer,Near Mint,FALSE,0.03,1,Bin 6,39,1
69e95c837ecc73c161d9984b,410042456,,1,ltr,Shire Scarecrow,Near Mint,FALSE,0.04,1,Bin 7,13,1
69c31da19ca1ed48e7d90995,402040055,,1,9ed,Shock,Near Mint,TRUE,0.15,1,Bin 6,39,1
69e7cbde9ca1ed48e7d9acf6,409768157,,1,aer,Shock,Near Mint,FALSE,0.03,18,Bin 7,1,9
69e7cbde9ca1ed48e7d9acf6,409768157,,1,aer,Shock,Near Mint,FALSE,0.03,18,Bin 7,2,9
69e53d2a9ca1ed48e7d99e0b,409247570,,1,mkm,Shock,Near Mint,FALSE,0.05,9,Bin 5,30,1
69e53d2a9ca1ed48e7d99e0b,409247570,,1,mkm,Shock,Near Mint,FALSE,0.05,9,Bin 5,31,1
69e53d2a9ca1ed48e7d99e0b,409247570,,1,mkm,Shock,Near Mint,FALSE,0.05,9,Bin 5,32,2
69e53d2a9ca1ed48e7d99e0b,409247570,,1,mkm,Shock,Near Mint,FALSE,0.05,9,Bin 5,33,2
69e53d2a9ca1ed48e7d99e0b,409247570,,1,mkm,Shock,Near Mint,FALSE,0.05,9,Bin 5,35,3
69e902587ecc73c161d869ae,409953019,,1,mkm,Shock,Near Mint,FALSE,0.03,7,Bin 1,11,7
69b042649ca1ed48e7d8ac9c,398289293,,1,sta,Shock,Near Mint,FALSE,0.12,1,Bin 6,25,1
69e957cc7ecc73c161d98779,410039875,,1,tdm,Shock Brigade,Near Mint,FALSE,0.05,1,Bin 7,12,1
69e91b457ecc73c161d8b912,409999640,,1,afr,Shocking Grasp,Near Mint,FALSE,0.05,3,Bin 1,23,3
69e95c887ecc73c161d998af,410042488,,1,xln,Shore Keeper,Near Mint,FALSE,0.03,1,Bin 7,13,1
69b0bb189ca1ed48e7d8b42d,398393203,,1,xln,Shore Keeper,Near Mint,FALSE,0.03,1,Bin 6,32,1
69e91e307ecc73c161d8c2b0,410002349,,1,blb,Shore Up,Near Mint,FALSE,0.09,1,Bin 1,25,1
69c321969ca1ed48e7d90a43,402043037,,1,a25,Shoreline Ranger,Near Mint,FALSE,0.04,1,Bin 1,1,1
69e53ab59ca1ed48e7d99d58,409246485,,1,ogw,Shoulder to Shoulder,Near Mint,FALSE,0.03,8,Bin 5,29,8
69e93a2a7ecc73c161d921d2,410020590,,1,ogw,Shoulder to Shoulder,Near Mint,TRUE,0.1,1,Bin 7,10,1
69ed5f1279f49147a0813211,410865301,,1,dgm,Showstopper,Near Mint,FALSE,0.04,1,Bin 7,17,1
69af580934ce719e27b74283,397801524,,1,iko,Shredded Sails,NM,FALSE,0.04,1,Bin 6,16,1
69e41ed29ca1ed48e7d99032,409080147,,1,kld,Shrewd Negotiation,Near Mint,FALSE,0.03,4,Bin 5,3,4
699bb5ca34ce719e27b6eaf0,393882069,,1,spm,"Shriek, Treblemaker",NM,FALSE,0.03,1,Bin 6,8,1
69e93a277ecc73c161d92199,410020556,,1,nph,Shrine of Boundless Growth,Near Mint,TRUE,0.15,0,,,
69e93a267ecc73c161d92190,410020552,,1,nph,Shrine of Limitless Power,Near Mint,TRUE,0.15,0,,,
69e93a277ecc73c161d92193,410020553,,1,nph,Shrine of Loyal Legions,Near Mint,TRUE,0.15,0,,,
69b046c59ca1ed48e7d8adc2,398292015,,1,roe,Shrivel,Near Mint,FALSE,0.14,1,Bin 6,26,1
69b042629ca1ed48e7d8ac7e,398289280,,1,mm2,Sickle Ripper,Near Mint,TRUE,0.15,1,Bin 6,25,1
69e93a267ecc73c161d92185,410020549,,1,nph,Sickleslicer,Near Mint,TRUE,0.15,0,,,
699b795934ce719e27b6e604,393859643,,1,fin,Sidequest: Card Collection // Magicked Card,NM,FALSE,0.04,1,Bin 6,3,1
699a9e1534ce719e27b6e04e,393639360,,1,fin,"Sidequest: Play Blitzball // World Champion, Celestial Weapon",NM,FALSE,0.04,4,Bin 6,6,2
699a9e1534ce719e27b6e04e,393639360,,1,fin,"Sidequest: Play Blitzball // World Champion, Celestial Weapon",NM,FALSE,0.04,4,Bin 6,4,1
699a9e1534ce719e27b6e04e,393639360,,1,fin,"Sidequest: Play Blitzball // World Champion, Celestial Weapon",NM,FALSE,0.04,4,Bin 6,12,1
699a9e1b34ce719e27b6e0bb,393639392,,1,fin,Sidequest: Raise a Chocobo // Black Chocobo,NM,FALSE,0.06,1,Bin 6,6,1
69e4244b9ca1ed48e7d99161,409082825,,1,ktk,Sidisi's Pet,Near Mint,FALSE,0.03,2,Bin 5,7,2
69ed5f1979f49147a08132fd,410865338,,1,ktk,Sidisi's Pet,Near Mint,TRUE,0.05,2,Bin 7,17,2
69b04eaf9ca1ed48e7d8ae8c,398299186,,1,aer,Siege Modification,Near Mint,FALSE,0.04,1,Bin 6,27,1
69e43dbb9ca1ed48e7d99664,409102126,,1,aer,Siege Modification,Near Mint,FALSE,0.05,3,Bin 5,24,2
69e43dbb9ca1ed48e7d99664,409102126,,1,aer,Siege Modification,Near Mint,FALSE,0.05,3,Bin 7,1,1
69af6d5d34ce719e27b74485,398147744,,1,mh3,Siege Smash,NM,FALSE,0.07,0,,,
69e534529ca1ed48e7d99ba5,409242907,,1,mid,Siege Zombie,Near Mint,FALSE,0.03,1,Bin 5,27,1
69e422c99ca1ed48e7d99126,409082111,,1,ktk,Siegecraft,Near Mint,FALSE,0.03,1,Bin 5,6,1
69ed5f1479f49147a0813262,410865312,,1,ktk,Siegecraft,Near Mint,TRUE,0.05,1,Bin 7,17,1
69c321969ca1ed48e7d90a40,402043036,,1,a25,Sift,Near Mint,FALSE,0.04,2,Bin 1,1,2
69e7cbe49ca1ed48e7d9ad50,409768186,,1,hou,Sifter Wurm,Near Mint,FALSE,0.03,1,Bin 7,1,1
69b042649ca1ed48e7d8ac93,398289290,,1,ala,Sigil Blessing,Near Mint,TRUE,0.15,1,Bin 6,25,1
69e96e5c7ecc73c161d9d746,410048705,,1,jou,Sigiled Skink,Near Mint,FALSE,0.05,1,Bin 7,15,1
69e96e587ecc73c161d9d707,410048688,,1,jou,Sigiled Starfish,Near Mint,TRUE,0.15,1,Bin 7,15,1
69e7e4cf9ca1ed48e7d9b15d,409781954,,1,ori,Sigiled Starfish,Near Mint,FALSE,0.03,1,Bin 7,7,1
699b7d3c34ce719e27b6e7fa,393860726,,1,mh3,Signature Slam,NM,FALSE,0.02,2,Bin 6,2,2
69c315689ca1ed48e7d90808,402033796,,1,eld,Signpost Scarecrow,Near Mint,TRUE,0.15,1,Bin 6,38,1
69af542434ce719e27b741a2,397764534,,1,grn,Silent Dart,Near Mint,FALSE,0.03,7,Bin 6,15,1
69af542434ce719e27b741a2,397764534,,1,grn,Silent Dart,Near Mint,FALSE,0.03,7,Bin 6,21,5
69af542434ce719e27b741a2,397764534,,1,grn,Silent Dart,Near Mint,FALSE,0.03,7,Bin 6,33,1
69e432ef9ca1ed48e7d994b0,409094959,,1,bfz,Silent Skimmer,Near Mint,FALSE,0.03,8,Bin 5,17,8
699b75b134ce719e27b6e5dd,393858100,,1,gpt,Silhana Ledgewalker,NM,FALSE,0.14,17,Bin 6,4,1
699b75b134ce719e27b6e5dd,393858100,,1,gpt,Silhana Ledgewalker,NM,FALSE,0.14,17,Bin 6,2,16
69b0c75d9ca1ed48e7d8b650,398398087,,1,aer,Silkweaver Elite,Near Mint,FALSE,0.03,12,Bin 6,33,2
69b0c75d9ca1ed48e7d8b650,398398087,,1,aer,Silkweaver Elite,Near Mint,FALSE,0.03,12,Bin 5,24,10
69e7ce279ca1ed48e7d9ad96,409769225,,1,aer,Silkweaver Elite,Near Mint,TRUE,0.1,1,Bin 7,2,1
69ed5f1a79f49147a0813330,410865346,,1,dtk,Silumgar Butcher,Near Mint,TRUE,0.1,1,Bin 7,17,1
69e904517ecc73c161d86f8b,409961732,,1,otj,Silver Deputy,Near Mint,FALSE,0.03,14,Bin 1,13,14
69c315659ca1ed48e7d907d3,402033116,,1,eld,Silverflame Ritual,Near Mint,TRUE,0.15,1,Bin 6,38,1
69b042699ca1ed48e7d8ace9,398289322,,1,celd,Silverflame Squire // On Alert,Near Mint,FALSE,0.08,2,Bin 6,25,1
69b042699ca1ed48e7d8ace9,398289322,,1,celd,Silverflame Squire // On Alert,Near Mint,FALSE,0.08,2,Bin 6,27,1
699bbb7a34ce719e27b6ec1e,393884961,,1,ecl,Silvergill Peddler,NM,FALSE,0.05,2,Bin 6,10,2
69b042659ca1ed48e7d8aca7,398289298,,1,stx,Silverquill Campus,Near Mint,FALSE,0.05,1,Bin 6,25,1
69af518634ce719e27b7413e,397759310,,1,bok,Silverstorm Samurai,LP,FALSE,0.03,5,Bin 6,14,5
69edbdb22f009c9bc4cde036,410924482,,1,dgm,Simic Cluestone,Near Mint,FALSE,0.05,1,Bin 7,18,1
69ed5f1379f49147a0813231,410865305,,1,dgm,Simic Guildgate,Near Mint,FALSE,0.03,2,Bin 7,17,2
69b0d3499ca1ed48e7d8b830,398404104,,1,dgm,Simic Guildgate,Near Mint,FALSE,0.04,1,Bin 6,35,1
69b0d34f9ca1ed48e7d8b884,398404126,,1,gtc,Simic Guildgate,Near Mint,FALSE,0.04,1,Bin 6,35,1
69af86d79ca1ed48e7d8a6fa,398181801,,1,rna,Simic Guildgate,Near Mint,FALSE,0.04,1,Bin 6,22,1
69b08a9a9ca1ed48e7d8b107,398343050,,1,mkc,Simic Signet,Near Mint,FALSE,0.16,0,,,
69b046bc9ca1ed48e7d8ad3b,398291980,,1,dgm,Sin Collector,Near Mint,FALSE,0.03,6,Bin 6,26,6
69e422c69ca1ed48e7d99102,409082099,,1,ktk,Singing Bell Strike,Near Mint,FALSE,0.03,9,Bin 5,6,9
69ed5f1879f49147a08132ed,410865335,,1,ktk,Singing Bell Strike,Near Mint,TRUE,0.05,1,Bin 7,17,1
699bb5c034ce719e27b6ea49,393882024,,1,spm,Sinister Hideout,NM,FALSE,0.03,2,Bin 6,8,2
69edbdae2f009c9bc4cddf77,410924429,,1,dgm,Sinister Possession,Near Mint,FALSE,0.05,0,,,
69b0bb179ca1ed48e7d8b421,398393199,,1,xln,Siren Lookout,Near Mint,FALSE,0.03,4,Bin 6,32,3
69b0bb179ca1ed48e7d8b421,398393199,,1,xln,Siren Lookout,Near Mint,FALSE,0.03,4,Bin 6,33,1
69e95c897ecc73c161d998b8,410042493,,1,xln,Siren's Ruse,Near Mint,TRUE,0.5,1,Bin 7,13,1
69b0bb249ca1ed48e7d8b4d8,398393266,,1,xln,Siren's Ruse,Near Mint,FALSE,0.17,0,,,
699b7d3234ce719e27b6e73c,393860671,,1,pls,Sisay's Ingenuity,NM,FALSE,0.05,1,Bin 6,2,1
69e4307f9ca1ed48e7d99457,409093679,,1,akh,Sixth Sense,Near Mint,FALSE,0.29,0,,,
69af580834ce719e27b7426e,397801432,,1,cmr,Skaab Goliath,NM,FALSE,0.04,1,Bin 6,16,1
69c31d979ca1ed48e7d908d4,402039998,,1,gtc,Skarrg Guildmage,Near Mint,FALSE,0.04,1,Bin 6,39,1
69c321939ca1ed48e7d90a10,402043020,,1,a25,Skeletonize,Near Mint,FALSE,0.04,3,Bin 1,1,3
69af91869ca1ed48e7d8a7e1,398187782,,1,woe,Skewer Slinger,Near Mint,FALSE,0.03,2,Bin 6,23,1
69af91869ca1ed48e7d8a7e1,398187782,,1,woe,Skewer Slinger,Near Mint,FALSE,0.03,2,Bin 6,24,1
69e7ea119ca1ed48e7d9b265,409784003,,1,soi,Skin Invasion // Skin Shedder,Near Mint,TRUE,0.1,1,Bin 7,8,1
69b042629ca1ed48e7d8ac78,398289276,,1,2xm,Skinbrand Goblin,Near Mint,TRUE,0.15,1,Bin 6,25,1
69b08a919ca1ed48e7d8b071,398342952,,1,mbs,Skinwing,Near Mint,FALSE,0.04,2,Bin 6,28,2
69c321939ca1ed48e7d90a0d,402043019,,1,a25,Skirk Commando,Near Mint,FALSE,0.04,3,Bin 1,1,3
699b7d3734ce719e27b6e7a0,393860702,,1,mh3,"Skoa, Embermage",NM,FALSE,0.05,1,Bin 6,2,1
69b0d7f09ca1ed48e7d8b983,398406747,,1,thb,Skophos Warleader,Near Mint,TRUE,0.15,1,Bin 6,36,1
69e906437ecc73c161d87572,409963661,,1,otj,Skulduggery,Near Mint,FALSE,0.03,16,Bin 1,15,16
69b0bb179ca1ed48e7d8b424,398393200,,1,xln,Skulduggery,Near Mint,FALSE,0.03,1,Bin 6,32,1
69ed59c279f49147a081022e,410864028,,1,khm,Skull Raid,Near Mint,FALSE,0.03,3,Bin 7,16,3
69c31d999ca1ed48e7d90902,402040012,,1,rtr,Skull Rend,Near Mint,FALSE,0.03,2,Bin 6,39,2
69c323dc9ca1ed48e7d90af5,402044765,,1,lci,Skullcap Snail,Near Mint,FALSE,0.03,6,Bin 1,3,6
69b046c59ca1ed48e7d8adc8,398292017,,1,bok,Skullsnatcher,Near Mint,FALSE,0.06,4,Bin 6,26,3
69b046c59ca1ed48e7d8adc8,398292017,,1,bok,Skullsnatcher,Near Mint,FALSE,0.06,4,Bin 6,28,1
69e93a2d7ecc73c161d92200,410020606,,1,ogw,Sky Scourer,Near Mint,TRUE,0.1,2,Bin 7,10,2
69b0cca79ca1ed48e7d8b7b3,398401851,,1,kld,Sky Skiff,Near Mint,FALSE,0.03,2,Bin 6,34,2
69c31da09ca1ed48e7d90980,402040048,,1,xln,Sky Terror,Near Mint,TRUE,0.15,1,Bin 6,39,1
69efe9394ff24d3a84876e90,411358543,,1,war,Sky Theater Strix,Near Mint,FALSE,0.03,1,Bin 7,20,1
69af918c9ca1ed48e7d8a84f,398187814,,1,mh2,Skyblade's Boon,Near Mint,FALSE,0.03,4,Bin 6,23,2
69af918c9ca1ed48e7d8a84f,398187814,,1,mh2,Skyblade's Boon,Near Mint,FALSE,0.03,4,Bin 6,24,2
69eea6d12f009c9bc4d74884,411068525,,1,dft,Skybox Ferry,Near Mint,FALSE,0.03,1,Bin 7,19,1
69e539359ca1ed48e7d99d07,409246140,,1,cznr,Skyclave Pick-Axe,Near Mint,FALSE,0.03,1,Bin 5,28,1
69e957d47ecc73c161d98811,410039928,,1,mm2,Skyhunter Skirmisher,Near Mint,TRUE,0.15,1,Bin 7,12,1
69e439cd9ca1ed48e7d9959d,409100241,,1,bfz,Skyline Cascade,Near Mint,FALSE,0.04,0,,,
69e7d3c69ca1ed48e7d9aea6,409772248,,1,bfz,Skyline Cascade,Near Mint,TRUE,0.1,1,Bin 7,3,1
69b0dcfe9ca1ed48e7d8ba1d,398420414,,1,rix,Skymarcher Aspirant,Near Mint,FALSE,0.06,1,Bin 6,37,1
69e957d67ecc73c161d98835,410039940,,1,mm2,Skyreach Manta,Near Mint,TRUE,0.1,3,Bin 7,12,3
69e43bdd9ca1ed48e7d9961f,409101641,,1,aer,Skyship Plunderer,Near Mint,FALSE,0.03,6,Bin 5,23,4
69e43bdd9ca1ed48e7d9961f,409101641,,1,aer,Skyship Plunderer,Near Mint,FALSE,0.03,6,Bin 7,2,2
69b0425d9ca1ed48e7d8ac25,398289246,,1,aer,Skyship Plunderer,Near Mint,FALSE,0.04,4,Bin 6,25,3
69b0425d9ca1ed48e7d8ac25,398289246,,1,aer,Skyship Plunderer,Near Mint,FALSE,0.04,4,Bin 6,26,1
69af70119a9ce4ef7aed3c6c,398161629,,1,blb,Skyskipper Duo,NM,FALSE,0.03,3,Bin 6,19,3
69e91e307ecc73c161d8c2ad,410002345,,1,blb,Skyskipper Duo,Near Mint,FALSE,0.03,4,Bin 1,25,4
69b0b7a69ca1ed48e7d8b3e5,398391722,,1,kld,Skyswirl Harrier,Near Mint,FALSE,0.03,11,Bin 6,31,1
69b0b7a69ca1ed48e7d8b3e5,398391722,,1,kld,Skyswirl Harrier,Near Mint,FALSE,0.03,11,Bin 5,2,8
69b0b7a69ca1ed48e7d8b3e5,398391722,,1,kld,Skyswirl Harrier,Near Mint,FALSE,0.03,11,Bin 7,3,2
69b0bf189ca1ed48e7d8b514,398394925,,1,kld,Skywhaler's Shot,Near Mint,FALSE,0.04,1,Bin 6,33,1
69e41db39ca1ed48e7d9900e,409079845,,1,kld,Skywhaler's Shot,Near Mint,FALSE,0.05,5,Bin 5,2,4
69e41db39ca1ed48e7d9900e,409079845,,1,kld,Skywhaler's Shot,Near Mint,FALSE,0.05,5,Bin 7,5,1
69b03d1e9ca1ed48e7d8ab5b,398283173,,1,mh2,Slag Strider,Near Mint,FALSE,0.03,2,Bin 6,24,2
69e954747ecc73c161d97c2d,410037392,,1,nph,Slash Panther,Near Mint,TRUE,0.1,1,Bin 7,11,1
699bb19534ce719e27b6e93d,393880589,,1,fin,Slash of Light,NM,TRUE,0.15,1,Bin 6,7,1
699a9e1834ce719e27b6e079,393639373,,1,fin,Slash of Light,Near Mint,FALSE,0.03,14,Bin 6,6,1
699a9e1834ce719e27b6e079,393639373,,1,fin,Slash of Light,Near Mint,FALSE,0.03,14,Bin 6,4,2
699a9e1834ce719e27b6e079,393639373,,1,fin,Slash of Light,Near Mint,FALSE,0.03,14,Bin 7,19,11
69e93a2d7ecc73c161d92203,410020607,,1,ogw,Slaughter Drone,Near Mint,TRUE,0.1,2,Bin 7,10,2
69e932f77ecc73c161d908cd,410016878,,1,dsk,Slavering Branchsnapper,Near Mint,FALSE,0.03,14,Bin 1,34,14
69b046c09ca1ed48e7d8ad78,398291992,,1,emn,Slayer's Cleaver,Near Mint,FALSE,0.03,1,Bin 6,26,1
69c315699ca1ed48e7d90818,402033801,,1,eld,Slaying Fire,Near Mint,TRUE,0.1,3,Bin 6,38,2
69c315699ca1ed48e7d90818,402033801,,1,eld,Slaying Fire,Near Mint,TRUE,0.1,3,Bin 6,39,1
69b0cca89ca1ed48e7d8b7b6,398401853,,1,xln,Sleek Schooner,Near Mint,FALSE,0.04,1,Bin 6,34,1
69e95c837ecc73c161d99842,410042453,,1,xln,Sleek Schooner,Near Mint,FALSE,0.04,1,Bin 7,13,1
69af4d4434ce719e27b74059,397707365,,1,fin,Sleep Magic,NM,FALSE,0.03,1,Bin 6,11,1
69efe9394ff24d3a84876e78,411358539,,1,snc,Sleep with the Fishes,Near Mint,FALSE,0.04,1,Bin 7,20,1
69af68a934ce719e27b74328,398052875,,1,iko,Sleeper Dart,NM,FALSE,0.03,1,Bin 6,17,1
699b7d3234ce719e27b6e73f,393860672,,1,pls,Sleeping Potion,LP,FALSE,0.03,1,Bin 6,2,1
69e708269ca1ed48e7d9a88f,409615476,,1,cmkm,Slice from the Shadows,Near Mint,FALSE,0.05,1,Bin 5,35,1
69e54d449ca1ed48e7d99f9e,409255070,,1,mkm,Slice from the Shadows,Near Mint,FALSE,0.02,8,Bin 5,32,1
69e54d449ca1ed48e7d99f9e,409255070,,1,mkm,Slice from the Shadows,Near Mint,FALSE,0.02,8,Bin 5,34,1
69e54d449ca1ed48e7d99f9e,409255070,,1,mkm,Slice from the Shadows,Near Mint,FALSE,0.02,8,Bin 1,9,6
69b0cca19ca1ed48e7d8b750,398401792,,1,xln,Slice in Twain,Near Mint,FALSE,0.04,1,Bin 6,34,1
69e95c8a7ecc73c161d998c7,410042500,,1,xln,Slice in Twain,Near Mint,FALSE,0.03,1,Bin 7,13,1
69e9070f7ecc73c161d8784a,409964031,,1,otj,Slickshot Vault-Buster,Near Mint,FALSE,0.03,13,Bin 1,16,13
69af68aa34ce719e27b7433e,398052882,,1,ltr,Slip On the Ring,NM,FALSE,0.03,0,,,
69af84909ca1ed48e7d8a6e1,398179378,,1,ogw,Slip Through Space,Near Mint,FALSE,0.33,0,,,
69e93a297ecc73c161d921c3,410020585,,1,ogw,Slip Through Space,Near Mint,FALSE,0.33,0,,,
69e53ab39ca1ed48e7d99d46,409246478,,1,ogw,Slip Through Space,Near Mint,FALSE,0.36,0,,,
69e42aa49ca1ed48e7d992d4,409089973,,1,akh,Slither Blade,Near Mint,FALSE,0.33,6,Bin 5,11,6
69e7ddaa9ca1ed48e7d9b02d,409778116,,1,rtr,Slitherhead,Near Mint,FALSE,0.05,1,Bin 7,5,1
69e432ef9ca1ed48e7d994ad,409094957,,1,bfz,Sludge Crawler,Near Mint,FALSE,0.03,10,Bin 5,17,10
69c31d969ca1ed48e7d908d1,402039997,,1,rtr,Sluiceway Scorpion,Near Mint,FALSE,0.03,2,Bin 6,39,2
69e7e0a39ca1ed48e7d9b0d3,409779796,,1,fdn,Slumbering Cerberus,Near Mint,FALSE,0.05,1,Bin 7,6,1
69b03d289ca1ed48e7d8ac00,398283229,,1,woe,Slumbering Keepguard,Near Mint,FALSE,0.09,1,Bin 6,24,1
69e43bdb9ca1ed48e7d995fe,409101630,,1,aer,Sly Requisitioner,Near Mint,FALSE,0.04,3,Bin 5,23,3
69ed59c779f49147a0810287,410864058,,1,khm,Smashing Success,Near Mint,FALSE,0.03,2,Bin 7,16,2
69af542534ce719e27b741b1,397764539,,1,mh2,Smell Fear,NM,FALSE,0.12,0,,,
69edbdb12f009c9bc4cde004,410924469,,1,dgm,Smelt-Ward Gatekeepers,Near Mint,FALSE,0.04,1,Bin 7,18,1
699b7d3a34ce719e27b6e7d0,393860715,,1,mh3,Smelted Chargebug,NM,FALSE,0.05,1,Bin 6,2,1
69ed5f1579f49147a0813283,410865318,,1,ktk,Smite the Monstrous,Near Mint,FALSE,0.04,1,Bin 7,17,1
69e422c89ca1ed48e7d99123,409082110,,1,ktk,Smite the Monstrous,Near Mint,FALSE,0.05,8,Bin 5,6,8
69b0bf1b9ca1ed48e7d8b546,398394943,,1,znr,Smite the Monstrous,Near Mint,FALSE,0.03,1,Bin 6,33,1
69af580934ce719e27b74277,397801469,,1,znr,Smite the Monstrous,NM,FALSE,0.04,1,Bin 6,16,1
69b042689ca1ed48e7d8acd9,398289314,,1,celd,Smitten Swordmaster // Curry Favor,Near Mint,FALSE,0.45,4,Bin 6,25,4
69e427ca9ca1ed48e7d99247,409088135,,1,ktk,Smoke Teller,Near Mint,FALSE,0.03,6,Bin 5,9,6
69e539339ca1ed48e7d99ce9,409246130,,1,emn,Smoldering Werewolf // Erupting Dreadwolf,Near Mint,FALSE,0.05,2,Bin 5,28,2
69efe9354ff24d3a84876dfa,411358519,,1,bng,Snake of the Golden Grove,Near Mint,TRUE,0.05,0,,,
69b0c75d9ca1ed48e7d8b653,398398088,,1,bng,Snake of the Golden Grove,Near Mint,FALSE,0.03,1,Bin 6,33,1
69af518334ce719e27b74101,397759285,,1,bng,Snake of the Golden Grove,LP,FALSE,0.02,18,Bin 6,14,18
69e908fe7ecc73c161d87e13,409966070,,1,otj,Snakeskin Veil,Near Mint,FALSE,0.05,10,Bin 1,18,10
69b0bb1f9ca1ed48e7d8b49c,398393243,,1,m19,Snapping Drake,Near Mint,FALSE,0.03,1,Bin 6,32,1
69e4385f9ca1ed48e7d99556,409099691,,1,bfz,Snapping Gnarlid,Near Mint,FALSE,0.03,7,Bin 5,20,7
69e4218c9ca1ed48e7d990b9,409081252,,1,kld,Snare Thopter,Near Mint,FALSE,0.03,4,Bin 5,5,4
69b03d289ca1ed48e7d8abf7,398283224,,1,woe,Snaremaster Sprite,Near Mint,FALSE,0.27,1,Bin 6,24,1
69e541659ca1ed48e7d99eb6,409249321,,1,mkm,Snarling Gorehound,Near Mint,FALSE,0.13,10,Bin 5,31,3
69e541659ca1ed48e7d99eb6,409249321,,1,mkm,Snarling Gorehound,Near Mint,FALSE,0.13,10,Bin 5,33,2
69e541659ca1ed48e7d99eb6,409249321,,1,mkm,Snarling Gorehound,Near Mint,FALSE,0.13,10,Bin 5,34,3
69e541659ca1ed48e7d99eb6,409249321,,1,mkm,Snarling Gorehound,Near Mint,FALSE,0.13,10,Bin 5,35,2
69af6d6334ce719e27b744ec,398148430,,1,snc,Snooping Newsie,NM,FALSE,0.03,1,Bin 6,18,1
69e427c99ca1ed48e7d99232,409088128,,1,ktk,Snowhorn Rider,Near Mint,FALSE,0.03,4,Bin 5,9,4
69e957ce7ecc73c161d987a0,410039888,,1,tdm,Snowmelt Stag,Near Mint,FALSE,0.05,2,Bin 7,12,2
69b0dcfe9ca1ed48e7d8ba20,398420415,,1,rix,Snubhorn Sentry,Near Mint,FALSE,0.03,0,,,
69efe9364ff24d3a84876e0d,411358522,,1,snc,Social Climber,Near Mint,FALSE,0.04,4,Bin 7,20,4
699bb82734ce719e27b6eb72,393883194,,1,tla,Sokka's Haiku,NM,FALSE,0.05,1,Bin 6,9,1
69b0addd9ca1ed48e7d8b2fb,398366930,,1,tle,Sokka's Sword Training,Near Mint,TRUE,0.25,1,Bin 6,30,1
69af6d6134ce719e27b744cc,398148241,,1,tla,"Sokka, Lateral Strategist",NM,FALSE,0.04,2,Bin 6,18,1
69af6d6134ce719e27b744cc,398148241,,1,tla,"Sokka, Lateral Strategist",NM,FALSE,0.04,2,Bin 6,19,1
69af6d5e34ce719e27b7449a,398147932,,1,tla,Sold Out,Near Mint,FALSE,0.03,3,Bin 6,18,1
69af6d5e34ce719e27b7449a,398147932,,1,tla,Sold Out,Near Mint,FALSE,0.03,3,Bin 6,30,2
69e95c867ecc73c161d9987b,410042472,,1,ltr,Soldier of the Grey Host,Near Mint,FALSE,0.03,1,Bin 7,13,1
69e7cbe39ca1ed48e7d9ad41,409768183,,1,hou,Solitary Camel,Near Mint,FALSE,0.05,1,Bin 7,1,1
69b0b7a89ca1ed48e7d8b3fd,398391730,,1,hou,Solitary Camel,Near Mint,FALSE,0.03,2,Bin 6,31,2
69b03d249ca1ed48e7d8abb9,398283208,,1,woe,Solitary Sanctuary,Near Mint,FALSE,0.08,2,Bin 6,24,2
699b796334ce719e27b6e69b,393859676,,1,mh3,Solstice Zealot,NM,FALSE,0.05,1,Bin 6,3,1
69e7e4ce9ca1ed48e7d9b14e,409781948,,1,ori,Somberwald Alpha,Near Mint,FALSE,0.05,1,Bin 7,7,1
69e539319ca1ed48e7d99cc8,409246119,,1,emn,Somberwald Stag,Near Mint,FALSE,0.03,1,Bin 5,28,1
69af70109a9ce4ef7aed3c54,398161618,,1,blb,Sonar Strike,NM,FALSE,0.03,2,Bin 6,19,2
69e9243b7ecc73c161d8d71f,410006144,,1,blb,Sonar Strike,Near Mint,FALSE,0.03,4,Bin 1,28,4
69b0bf1f9ca1ed48e7d8b583,398394967,,1,dom,Song of Freyalise,Near Mint,FALSE,0.61,1,Bin 6,33,1
69c324fe9ca1ed48e7d90b31,402045350,,1,lci,Song of Stupefaction,Near Mint,FALSE,0.04,8,Bin 1,4,8
69af68b034ce719e27b7439a,398052916,,1,iko,Sonorous Howlbonder,NM,FALSE,0.04,1,Bin 6,17,1
69af580834ce719e27b74265,397801387,,1,stx,Soothsayer Adept,NM,FALSE,0.03,1,Bin 6,16,1
69efe9404ff24d3a84876f95,411358586,,1,war,Sorin's Thirst,Near Mint,FALSE,0.03,1,Bin 7,20,1
69e70c379ca1ed48e7d9a95d,409616304,,1,cmkm,Soul Enervation,Near Mint,FALSE,0.05,1,Bin 5,36,1
69e70c379ca1ed48e7d9a955,409616302,,1,mkm,Soul Enervation,Near Mint,FALSE,0.05,2,Bin 5,36,2
69b0bf259ca1ed48e7d8b5da,398395001,,1,dom,Soul Salvage,Near Mint,FALSE,0.03,1,Bin 6,33,1
69e535b89ca1ed48e7d99c64,409244279,,1,mkm,Soul Search,Near Mint,FALSE,0.05,2,Bin 5,8,1
69e535b89ca1ed48e7d99c64,409244279,,1,mkm,Soul Search,Near Mint,FALSE,0.05,2,Bin 5,36,1
69e7ea179ca1ed48e7d9b2ce,409784058,,1,frf,Soul Summons,Near Mint,FALSE,0.03,1,Bin 7,8,1
69b0bb1f9ca1ed48e7d8b49f,398393244,,1,rix,Soul of the Rapids,Near Mint,FALSE,0.03,1,Bin 6,32,1
69e7ede49ca1ed48e7d9b386,409786002,,1,uma,Soul's Fire,Near Mint,TRUE,0.2,1,Bin 7,9,1
69b08a9a9ca1ed48e7d8b10a,398343053,,1,eoc,Soul-Guide Lantern,Near Mint,FALSE,0.08,0,,,
69e7e0a69ca1ed48e7d9b111,409779820,,1,fdn,Soul-Shackled Zombie,Near Mint,FALSE,0.03,1,Bin 7,6,1
69c321939ca1ed48e7d90a0a,402043018,,1,a25,Soulbright Flamekin,Near Mint,FALSE,0.09,1,Bin 1,1,1
699bbb7734ce719e27b6ebe3,393884941,,1,ecl,Soulbright Seeker,NM,FALSE,0.05,1,Bin 6,10,1
69b0b7a29ca1ed48e7d8b399,398391698,,1,cns,Soulcatcher,Near Mint,FALSE,0.04,1,Bin 6,31,1
69e954707ecc73c161d97be3,410037368,,1,ema,Soulcatcher,Near Mint,TRUE,0.15,1,Bin 7,11,1
69e91b457ecc73c161d8b90f,409999639,,1,afr,Soulknife Spy,Near Mint,FALSE,0.05,3,Bin 1,23,3
69af91889ca1ed48e7d8a806,398187793,,1,chk,Soulless Revival,Near Mint,FALSE,0.06,1,Bin 6,23,1
69e9185f7ecc73c161d8af07,409994854,,1,m20,Soulmender,Near Mint,FALSE,0.03,1,Bin 1,22,1
69e42c289ca1ed48e7d9934f,409090858,,1,akh,Soulstinger,Near Mint,FALSE,0.03,5,Bin 5,12,5
699bbb7834ce719e27b6ebf8,393884948,,1,ecl,Sourbread Auntie,NM,FALSE,0.05,1,Bin 6,10,1
69e918627ecc73c161d8af58,409994874,,1,otj,Soured Springs,Near Mint,FALSE,0.12,2,Bin 1,22,2
69e5344f9ca1ed48e7d99b69,409242863,,1,fdn,Sower of Chaos,Near Mint,FALSE,0.03,3,Bin 5,27,1
69e5344f9ca1ed48e7d99b69,409242863,,1,fdn,Sower of Chaos,Near Mint,FALSE,0.03,3,Bin 7,6,2
69e7e0a19ca1ed48e7d9b0be,409779791,,1,fdn,Sower of Chaos,Near Mint,TRUE,0.1,1,Bin 7,6,1
69e9185f7ecc73c161d8aeff,409994853,,1,afr,Spare Dagger,Near Mint,FALSE,0.05,2,Bin 1,22,2
69e4201a9ca1ed48e7d99067,409080691,,1,kld,Spark of Creativity,Near Mint,FALSE,0.03,6,Bin 5,4,4
69e4201a9ca1ed48e7d99067,409080691,,1,kld,Spark of Creativity,Near Mint,FALSE,0.03,6,Bin 7,4,1
69e4201a9ca1ed48e7d99067,409080691,,1,kld,Spark of Creativity,Near Mint,FALSE,0.03,6,Bin 7,5,1
69e53d2b9ca1ed48e7d99e1e,409247576,,1,ogw,Sparkmage's Gambit,Near Mint,FALSE,0.03,6,Bin 5,30,6
69af6d6834ce719e27b74539,398148859,,1,cmr,Sparktongue Dragon,NM,FALSE,0.04,2,Bin 6,18,2
699bb19934ce719e27b6e98e,393880616,,1,tla,Sparring Dummy,NM,TRUE,0.15,1,Bin 6,7,1
69af68b134ce719e27b743be,398052933,,1,tla,Sparring Dummy,NM,FALSE,0.03,1,Bin 6,17,1
69b0b7a89ca1ed48e7d8b400,398391731,,1,akh,Sparring Mummy,Near Mint,FALSE,0.03,1,Bin 6,31,1
69e965b57ecc73c161d9b883,410045335,,1,akh,Sparring Mummy,Near Mint,TRUE,0.1,2,Bin 7,14,2
69e429409ca1ed48e7d99280,409089685,,1,akh,Sparring Mummy,Near Mint,FALSE,0.05,4,Bin 5,10,4
69b08a959ca1ed48e7d8b0b0,398342991,,1,ogw,Spatial Contortion,Near Mint,FALSE,0.13,0,,,
69e7ddaa9ca1ed48e7d9b038,409778119,,1,rtr,Spawn of Rix Maadi,Near Mint,FALSE,0.05,1,Bin 7,5,1
69c31d989ca1ed48e7d908f4,402040008,,1,rtr,Spawn of Rix Maadi,Near Mint,FALSE,0.04,3,Bin 6,39,3
69e53ab49ca1ed48e7d99d55,409246484,,1,ogw,Spawnbinder Mage,Near Mint,FALSE,0.03,3,Bin 5,29,3
69af542434ce719e27b741a8,397764536,,1,snc,Speakeasy Server,NM,FALSE,0.03,1,Bin 6,15,1
69e7ea1c9ca1ed48e7d9b331,409784095,,1,ths,Spearpoint Oread,Near Mint,TRUE,0.1,1,Bin 7,8,1
69ed5f1379f49147a0813218,410865302,,1,dgm,Species Gorger,Near Mint,FALSE,0.09,1,Bin 7,17,1
69b0426b9ca1ed48e7d8acfa,398289328,,1,mh2,Specimen Collector,Near Mint,FALSE,0.04,4,Bin 6,25,4
699bb5c034ce719e27b6ea3a,393882018,,1,spm,Spectacular Tactics,NM,FALSE,0.03,1,Bin 6,8,1
69c315679ca1ed48e7d907f4,402033625,,1,eld,Specter's Shriek,Near Mint,TRUE,0.15,3,Bin 6,38,2
69c315679ca1ed48e7d907f4,402033625,,1,eld,Specter's Shriek,Near Mint,TRUE,0.15,3,Bin 6,39,1
69af68ad34ce719e27b74373,398052901,,1,eld,Specter's Shriek,NM,FALSE,0.04,1,Bin 6,17,1
69af73479a9ce4ef7aed3cc4,398165911,,1,m20,Spectral Sailor,NM,FALSE,0.12,1,Bin 6,20,1
69af542734ce719e27b741e4,397764561,,1,cmr,Spectral Searchlight,NM,FALSE,0.04,1,Bin 6,15,1
69e930747ecc73c161d8ffe9,410015018,,1,dsk,Spectral Snatcher,Near Mint,FALSE,0.03,9,Bin 1,31,9
69b04eae9ca1ed48e7d8ae89,398299184,,1,kld,Speedway Fanatic,Near Mint,FALSE,0.03,7,Bin 6,27,1
69b04eae9ca1ed48e7d8ae89,398299184,,1,kld,Speedway Fanatic,Near Mint,FALSE,0.03,7,Bin 5,4,4
69b04eae9ca1ed48e7d8ae89,398299184,,1,kld,Speedway Fanatic,Near Mint,FALSE,0.03,7,Bin 7,4,2
69b04eb49ca1ed48e7d8aeea,398299265,,1,xln,Spell Pierce,Near Mint,FALSE,0.34,1,Bin 6,27,1
69e7d3c19ca1ed48e7d9ae42,409772213,,1,bfz,Spell Shrivel,Near Mint,FALSE,0.05,2,Bin 7,3,2
69b0425f9ca1ed48e7d8ac4c,398289262,,1,bfz,Spell Shrivel,Near Mint,TRUE,0.15,1,Bin 6,25,1
69b04eb79ca1ed48e7d8af23,398299286,,1,mh1,Spell Snuff,Near Mint,FALSE,0.03,1,Bin 6,27,1
69efe93a4ff24d3a84876ea9,411358547,,1,war,Spellkeeper Weird,Near Mint,FALSE,0.03,1,Bin 7,20,1
69af91849ca1ed48e7d8a7b3,398187767,,1,woe,Spellscorn Coven // Take It Back,Near Mint,FALSE,0.04,2,Bin 6,23,2
699b75b134ce719e27b6e5e0,393858101,,1,bng,Sphinx's Disciple,NM,FALSE,0.05,14,Bin 6,4,10
699b75b134ce719e27b6e5e0,393858101,,1,bng,Sphinx's Disciple,NM,FALSE,0.05,14,Bin 6,2,4
69e7e4d09ca1ed48e7d9b16c,409781959,,1,ori,Sphinx's Tutelage,Near Mint,FALSE,2,1,Bin 7,7,1
69e7e4d69ca1ed48e7d9b1e6,409782008,,1,inr,Spider Spawning,Near Mint,FALSE,0.06,1,Bin 7,7,1
699bb5ca34ce719e27b6eaf6,393882071,,1,spm,Spider-Bot,NM,FALSE,0.03,1,Bin 6,8,1
699bb5c034ce719e27b6ea43,393882022,,1,spm,"Spider-Byte, Web Warden",NM,FALSE,0.05,1,Bin 6,8,1
699bb5bf34ce719e27b6ea2b,393882013,,1,spm,"Spider-Gwen, Free Spirit",NM,FALSE,0.04,2,Bin 6,8,2
699bb5c034ce719e27b6ea3d,393882019,,1,spm,Spider-Man No More,NM,FALSE,0.03,1,Bin 6,8,1
69b0cc9d9ca1ed48e7d8b718,398401763,,1,akh,Spidery Grasp,Near Mint,FALSE,0.03,10,Bin 6,34,2
69b0cc9d9ca1ed48e7d8b718,398401763,,1,akh,Spidery Grasp,Near Mint,FALSE,0.03,10,Bin 5,15,8
69e96e607ecc73c161d9d7ad,410048729,,1,akh,Spidery Grasp,Near Mint,FALSE,0.03,1,Bin 7,15,1
69c31d979ca1ed48e7d908e2,402040002,,1,dgm,Spike Jester,Near Mint,FALSE,0.04,1,Bin 6,39,1
69b0c75d9ca1ed48e7d8b656,398398089,,1,xln,Spike-Tailed Ceratops,Near Mint,FALSE,0.04,1,Bin 6,33,1
69e93a247ecc73c161d9215b,410020532,,1,nph,Spined Thopter,Near Mint,TRUE,0.1,0,,,
69e932f77ecc73c161d908ca,410016876,,1,dsk,Spineseeker Centipede,Near Mint,FALSE,0.03,13,Bin 1,34,13
69e908fe7ecc73c161d87e10,409966068,,1,otj,Spinewoods Paladin,Near Mint,FALSE,0.09,0,,,
699bbb7934ce719e27b6ec1b,393884960,,1,ecl,Spiral into Solitude,NM,FALSE,0.05,1,Bin 6,10,1
69e93a247ecc73c161d92161,410020534,,1,nph,Spire Monitor,Near Mint,TRUE,0.15,0,,,
69e43db79ca1ed48e7d99633,409102113,,1,aer,Spire Patrol,Near Mint,FALSE,0.03,3,Bin 5,24,3
69e7ede89ca1ed48e7d9b3c9,409786034,,1,uma,Spirit Cairn,Near Mint,TRUE,0.1,1,Bin 7,9,1
69b04eb69ca1ed48e7d8af15,398299281,,1,jmp,Spiteful Prankster,Near Mint,FALSE,0.28,2,Bin 6,27,2
69e7e0a19ca1ed48e7d9b0bb,409779790,,1,fdn,Spitfire Lagac,Near Mint,FALSE,0.03,4,Bin 7,6,4
69e7e0a09ca1ed48e7d9b0b8,409779789,,1,fdn,Spitfire Lagac,Near Mint,TRUE,0.1,1,Bin 7,6,1
69b0a9db9ca1ed48e7d8b1fe,398363663,,1,woe,Splashy Spellcaster,Near Mint,FALSE,0.03,1,Bin 6,29,1
69e7dd9f9ca1ed48e7d9af75,409778051,,1,rtr,Splatter Thug,Near Mint,TRUE,0.1,1,Bin 7,5,1
69e7dd9f9ca1ed48e7d9af78,409778052,,1,rtr,Splatter Thug,Near Mint,FALSE,0.02,1,Bin 7,5,1
69e96e5d7ecc73c161d9d758,410048711,,1,akh,Splendid Agony,Near Mint,FALSE,0.03,0,,,
69e42c289ca1ed48e7d9934c,409090857,,1,akh,Splendid Agony,Near Mint,FALSE,0.05,0,,,
69b0b7a09ca1ed48e7d8b36c,398391683,,1,cns,Spontaneous Combustion,Near Mint,FALSE,0.04,1,Bin 6,31,1
69b08a969ca1ed48e7d8b0cb,398343009,,1,cns,Spontaneous Combustion,Near Mint,TRUE,0.15,1,Bin 6,28,1
69af518434ce719e27b7411b,397759294,,1,iko,Spontaneous Flight,NM,FALSE,0.03,2,Bin 6,14,1
69af518434ce719e27b7411b,397759294,,1,iko,Spontaneous Flight,NM,FALSE,0.03,2,Bin 6,16,1
69af542134ce719e27b74174,397764519,,1,cmr,Spontaneous Mutation,NM,FALSE,0.03,1,Bin 6,15,1
69e957ce7ecc73c161d987a6,410039890,,1,emn,Spontaneous Mutation,Near Mint,TRUE,0.1,1,Bin 7,12,1
69b0bf239ca1ed48e7d8b5b8,398394992,,1,dom,Spore Swarm,Near Mint,FALSE,0.1,1,Bin 6,33,1
69b0cca29ca1ed48e7d8b768,398401806,,1,dom,Sporecrown Thallid,Near Mint,FALSE,0.2,1,Bin 6,34,1
69c315719ca1ed48e7d90896,402033851,,1,dom,Sporecrown Thallid,Near Mint,FALSE,0.21,1,Bin 6,38,1
69e539339ca1ed48e7d99ce6,409246129,,1,emn,Spreading Flames,Near Mint,FALSE,0.03,4,Bin 5,28,4
69e95c847ecc73c161d99866,410042465,,1,xln,Spreading Rot,Near Mint,FALSE,0.05,1,Bin 7,13,1
69e4307c9ca1ed48e7d9941f,409093661,,1,akh,Spring // Mind,Near Mint,FALSE,0.11,5,Bin 5,15,5
69e9070f7ecc73c161d87847,409964030,,1,otj,Spring Splasher,Near Mint,FALSE,0.03,12,Bin 1,16,12
69e9546e7ecc73c161d97bc2,410037356,,1,ema,Sprite Noble,Near Mint,FALSE,0.05,1,Bin 7,11,1
69e7e09f9ca1ed48e7d9b09b,409779779,,1,fdn,Squad Rallier,Near Mint,FALSE,0.03,3,Bin 7,6,3
69af86dc9ca1ed48e7d8a74e,398181828,,1,rix,Squire's Devotion,Near Mint,FALSE,0.03,1,Bin 6,22,1
69b03d269ca1ed48e7d8abda,398283217,,1,wot,Stab Wound,Near Mint,FALSE,0.03,2,Bin 6,24,1
69b03d269ca1ed48e7d8abda,398283217,,1,wot,Stab Wound,Near Mint,FALSE,0.03,2,Bin 6,29,1
69e9133d7ecc73c161d89e96,409980902,,1,otj,Stagecoach Security,Near Mint,FALSE,0.03,15,Bin 1,21,15
69b04eaa9ca1ed48e7d8ae34,398299125,,1,thb,Staggering Insight,Near Mint,FALSE,0.03,0,,,
69c32dbe9ca1ed48e7d90b7f,402049702,,1,lci,Staggering Size,Near Mint,FALSE,0.04,5,Bin 1,5,5
69e931577ecc73c161d9031c,410015750,,1,dsk,Stalked Researcher,Near Mint,FALSE,0.03,17,Bin 1,32,17
699bbb8034ce719e27b6ec9a,393885015,,1,tmp,Stalking Stones,NM,FALSE,0.18,0,,,
69b0d7ef9ca1ed48e7d8b96e,398406733,,1,thb,Stampede Rider,Near Mint,TRUE,0.15,1,Bin 6,36,1
69af6d6534ce719e27b74503,398148563,,1,thb,Stampede Rider,NM,FALSE,0.03,1,Bin 6,18,1
69e7e4d49ca1ed48e7d9b1b8,409781992,,1,rix,Stampeding Horncrest,Near Mint,FALSE,0.03,1,Bin 7,7,1
69b0d7f19ca1ed48e7d8b99a,398406761,,1,thb,Starlit Mantle,Near Mint,TRUE,0.15,1,Bin 6,36,1
69e91e327ecc73c161d8c2d1,410002363,,1,blb,Starlit Soothsayer,Near Mint,FALSE,0.03,6,Bin 1,25,6
69e4307c9ca1ed48e7d9942b,409093665,,1,akh,Start // Finish,Near Mint,FALSE,0.05,1,Bin 5,15,1
69b04eae9ca1ed48e7d8ae86,398299183,,1,kld,Start Your Engines,Near Mint,FALSE,0.04,1,Bin 6,27,1
69e420199ca1ed48e7d99062,409080690,,1,kld,Start Your Engines,Near Mint,FALSE,0.05,2,Bin 5,4,2
69af848b9ca1ed48e7d8a679,398179343,,1,bfz,Stasis Snare,Near Mint,FALSE,0.06,5,Bin 6,21,5
69e96e627ecc73c161d9d833,410048736,,1,ths,Staunch-Hearted Warrior,Near Mint,TRUE,0.15,1,Bin 7,15,1
69e91b417ecc73c161d8b8b5,409999601,,1,afr,Steadfast Paladin,Near Mint,FALSE,0.05,5,Bin 1,23,5
69b0b7a89ca1ed48e7d8b403,398391732,,1,hou,Steadfast Sentinel,Near Mint,FALSE,0.03,2,Bin 6,31,2
69e957cd7ecc73c161d9878b,410039881,,1,mm2,Steady Progress,Near Mint,TRUE,0.25,1,Bin 7,12,1
69e923457ecc73c161d8d3d3,410005630,,1,blb,Steampath Charger,Near Mint,FALSE,0.03,7,Bin 1,27,7
69edbdb02f009c9bc4cddfc3,410924451,,1,dgm,Steeple Roc,Near Mint,FALSE,0.04,2,Bin 7,18,2
69e9133d7ecc73c161d89e93,409980901,,1,otj,Steer Clear,Near Mint,FALSE,0.04,12,Bin 1,21,12
699bb5c134ce719e27b6ea55,393882028,,1,spm,Stegron the Dinosaur Man,NM,FALSE,0.03,1,Bin 6,8,1
699bb5c234ce719e27b6ea70,393882037,,1,spm,Stegron the Dinosaur Man,NM,TRUE,0.15,1,Bin 6,8,1
69e539379ca1ed48e7d99d23,409246149,,1,emn,Stensia Banquet,Near Mint,FALSE,0.03,2,Bin 5,28,2
69e5392f9ca1ed48e7d99ca8,409246109,,1,emn,Stensia Innkeeper,Near Mint,FALSE,0.03,3,Bin 5,28,3
69e904517ecc73c161d86f88,409961731,,1,otj,Sterling Hound,Near Mint,FALSE,0.03,15,Bin 1,13,14
69e904517ecc73c161d86f88,409961731,,1,otj,Sterling Hound,Near Mint,FALSE,0.03,15,Bin 1,14,1
69e9133c7ecc73c161d89e90,409980900,,1,otj,Sterling Keykeeper,Near Mint,FALSE,0.05,12,Bin 1,21,12
69e9133c7ecc73c161d89e8d,409980429,,1,otj,Sterling Supplier,Near Mint,FALSE,0.02,12,Bin 1,21,12
69e918647ecc73c161d8af76,409994924,,1,otj,Sterling Supplier,Near Mint,FALSE,0.03,3,Bin 1,22,3
69e7ea129ca1ed48e7d9b274,409784008,,1,soi,Stern Constable,Near Mint,FALSE,0.03,1,Bin 7,8,1
69b0d7f29ca1ed48e7d8b9ac,398406773,,1,thb,Stern Dismissal,Near Mint,TRUE,0.15,1,Bin 6,36,1
69e7cbe29ca1ed48e7d9ad32,409768178,,1,hou,Steward of Solidarity,Near Mint,FALSE,0.05,2,Bin 7,1,2
69e7e09d9ca1ed48e7d9b072,409779764,,1,blb,Stickytongue Sentinel,Near Mint,FALSE,0.05,1,Bin 7,6,1
69e920ca7ecc73c161d8cb41,410003517,,1,blb,Stickytongue Sentinel,Near Mint,FALSE,0.03,11,Bin 1,26,11
69b0c75c9ca1ed48e7d8b63f,398398082,,1,blb,Stickytongue Sentinel,Near Mint,FALSE,0.03,1,Bin 6,33,1
69af91859ca1ed48e7d8a7d2,398187776,,1,woe,Stingblade Assassin,Near Mint,FALSE,0.04,1,Bin 6,23,1
69e4307f9ca1ed48e7d99452,409093678,,1,akh,Stinging Shot,Near Mint,FALSE,0.05,7,Bin 5,15,7
69b0cc9d9ca1ed48e7d8b71b,398401766,,1,akh,Stinging Shot,Near Mint,FALSE,0.04,0,,,
69e96e607ecc73c161d9d79b,410048727,,1,akh,Stinging Shot,Near Mint,TRUE,0.1,1,Bin 7,15,1
69e96e5c7ecc73c161d9d749,410048706,,1,akh,Stir the Sands,Near Mint,FALSE,0.04,2,Bin 7,15,2
69e42c289ca1ed48e7d99349,409090856,,1,akh,Stir the Sands,Near Mint,FALSE,0.05,5,Bin 5,12,5
69b04eb79ca1ed48e7d8af32,398299291,,1,mh1,Stirring Address,Near Mint,FALSE,0.03,1,Bin 6,27,1
69e7ede79ca1ed48e7d9b3c0,409786024,,1,isd,Stitcher's Apprentice,Near Mint,TRUE,0.15,1,Bin 7,9,1
69af91869ca1ed48e7d8a7de,398187781,,1,woe,Stockpiling Celebrant,Near Mint,FALSE,0.03,2,Bin 6,23,1
69af91869ca1ed48e7d8a7de,398187781,,1,woe,Stockpiling Celebrant,Near Mint,FALSE,0.03,2,Bin 6,24,1
69e7ea109ca1ed48e7d9b25c,409784000,,1,soi,Stoic Builder,Near Mint,TRUE,0.1,1,Bin 7,8,1
699b75ac34ce719e27b6e595,393858080,,1,fin,Stolen Uniform,NM,FALSE,0.04,2,Bin 6,4,1
699b75ac34ce719e27b6e595,393858080,,1,fin,Stolen Uniform,NM,FALSE,0.04,2,Bin 6,3,1
69e93a2a7ecc73c161d921cf,410020589,,1,ogw,Stoneforge Acolyte,Near Mint,FALSE,0.03,4,Bin 7,10,4
69e93a2a7ecc73c161d921cc,410020588,,1,ogw,Stoneforge Acolyte,Near Mint,TRUE,0.1,1,Bin 7,10,1
69e4375c9ca1ed48e7d99528,409099404,,1,bfz,Stonefury,Near Mint,FALSE,0.03,2,Bin 5,19,2
69e96e577ecc73c161d9d6ef,410048680,,1,jou,Stonewise Fortifier,Near Mint,TRUE,0.15,1,Bin 7,15,1
69e9070f7ecc73c161d87844,409964029,,1,otj,Stop Cold,Near Mint,FALSE,0.05,13,Bin 1,16,13
69b03d229ca1ed48e7d8ab97,398283198,,1,tsr,Storm Entity,Near Mint,TRUE,0.15,1,Bin 6,24,1
69e95c8b7ecc73c161d998dc,410042512,,1,xln,Storm Fleet Arsonist,Near Mint,TRUE,0.15,2,Bin 7,13,2
69e95c8b7ecc73c161d998df,410042513,,1,xln,Storm Fleet Arsonist,Near Mint,FALSE,0.05,2,Bin 7,13,2
69e7e4d69ca1ed48e7d9b1da,409782003,,1,rix,Storm Fleet Sprinter,Near Mint,FALSE,0.23,1,Bin 7,7,1
69b0bb189ca1ed48e7d8b42a,398393202,,1,xln,Storm Fleet Spy,Near Mint,FALSE,0.04,1,Bin 6,32,1
69e7e4d39ca1ed48e7d9b1af,409781989,,1,rix,Storm Fleet Swashbuckler,Near Mint,FALSE,0.05,2,Bin 7,7,2
69b0bf229ca1ed48e7d8b5ac,398394986,,1,rix,Storm Fleet Swashbuckler,Near Mint,FALSE,0.06,1,Bin 6,33,1
69e93a2e7ecc73c161d92211,410020615,,1,ogw,Stormchaser Mage,Near Mint,FALSE,0.05,8,Bin 7,10,8
69b08a959ca1ed48e7d8b0b9,398342997,,1,ogw,Stormchaser Mage,Near Mint,FALSE,0.1,1,Bin 6,28,1
69e9546a7ecc73c161d97b86,410037338,,1,tdm,Stormplain Detainment,Near Mint,FALSE,0.05,1,Bin 7,11,1
69ed59c079f49147a0810211,410864019,,1,khm,Story Seeker,Near Mint,FALSE,0.02,1,Bin 7,16,1
69b08a919ca1ed48e7d8b074,398342955,,1,mbs,Strandwalker,Near Mint,FALSE,0.04,2,Bin 6,28,2
69b0bf209ca1ed48e7d8b591,398394972,,1,m19,Strangling Spores,Near Mint,FALSE,0.03,2,Bin 6,33,2
69e96e637ecc73c161d9d85a,410048741,,1,jou,Strength from the Fallen,Near Mint,TRUE,0.15,1,Bin 7,15,1
69e7ea129ca1ed48e7d9b280,409784013,,1,soi,Strength of Arms,Near Mint,TRUE,0.1,1,Bin 7,8,1
69e5344e9ca1ed48e7d99b5d,409242854,,1,fdn,Strix Lookout,Near Mint,FALSE,0.03,3,Bin 5,27,1
69e5344e9ca1ed48e7d99b5d,409242854,,1,fdn,Strix Lookout,Near Mint,FALSE,0.03,3,Bin 7,6,2
69e7e0a69ca1ed48e7d9b108,409779816,,1,fdn,Stromkirk Bloodthief,Near Mint,TRUE,0.1,1,Bin 7,6,1
69e534559ca1ed48e7d99bce,409242939,,1,mid,Stromkirk Bloodthief,Near Mint,FALSE,0.03,1,Bin 5,27,1
69e7ea139ca1ed48e7d9b28f,409784018,,1,soi,Stromkirk Mentor,Near Mint,FALSE,0.03,1,Bin 7,8,1
69e7ede59ca1ed48e7d9b399,409786011,,1,isd,Stromkirk Patrol,Near Mint,TRUE,0.15,1,Bin 7,9,1
69b0a9e29ca1ed48e7d8b277,398363696,,1,dtk,Strongarm Monk,Near Mint,TRUE,0.15,1,Bin 6,29,1
69ed59c579f49147a0810267,410864047,,1,khm,Struggle for Skemfar,Near Mint,FALSE,0.03,3,Bin 7,16,3
699b796834ce719e27b6e6f9,393859704,,1,fin,Stuck in Summoner's Sanctum,NM,FALSE,0.04,2,Bin 6,3,2
69e7ea1b9ca1ed48e7d9b316,409784086,,1,ths,Stymied Hopes,Near Mint,TRUE,0.1,1,Bin 7,8,1
69e957d57ecc73c161d98823,410039934,,1,emn,Subjugator Angel,Near Mint,FALSE,0.1,1,Bin 7,12,1
69e93a307ecc73c161d92235,410020630,,1,ogw,Submerged Boneyard,Near Mint,TRUE,0.15,1,Bin 7,10,1
69e7e4cd9ca1ed48e7d9b13c,409781942,,1,ori,Subterranean Scout,Near Mint,TRUE,0.1,1,Bin 7,7,1
699bb5c934ce719e27b6eae1,393882066,,1,spm,Subway Train,NM,FALSE,0.03,1,Bin 6,8,1
69b046c69ca1ed48e7d8add8,398292021,,1,emn,Succumb to Temptation,Near Mint,TRUE,0.2,1,Bin 6,26,1
69e70c349ca1ed48e7d9a923,409616288,,1,mkm,Sudden Setback,Near Mint,FALSE,0.05,1,Bin 5,36,1
69e70c349ca1ed48e7d9a926,409616289,,1,mkm,Sudden Setback,Near Mint,FALSE,0.03,1,Bin 5,36,1
69b0d3529ca1ed48e7d8b8ac,398404136,,1,ktk,Sultai Banner,Near Mint,FALSE,0.03,4,Bin 6,35,1
69b0d3529ca1ed48e7d8b8ac,398404136,,1,ktk,Sultai Banner,Near Mint,FALSE,0.03,4,Bin 5,9,3
69e7ea199ca1ed48e7d9b2fb,409784076,,1,frf,Sultai Emissary,Near Mint,FALSE,0.05,2,Bin 7,8,2
69ed5f1979f49147a0813316,410865342,,1,ktk,Sultai Scavenger,Near Mint,TRUE,0.05,1,Bin 7,17,1
69e4244b9ca1ed48e7d9915e,409082824,,1,ktk,Sultai Scavenger,Near Mint,FALSE,0.03,1,Bin 5,7,1
69ed5f1179f49147a08131e5,410865287,,1,ktk,Sultai Soothsayer,Near Mint,TRUE,0.1,1,Bin 7,17,1
69e535b99ca1ed48e7d99c79,409244293,,1,mkm,Sumala Sentry,Near Mint,FALSE,0.05,2,Bin 5,8,1
69e535b99ca1ed48e7d99c79,409244293,,1,mkm,Sumala Sentry,Near Mint,FALSE,0.05,2,Bin 5,36,1
69e425929ca1ed48e7d991c1,409083540,,1,ktk,Summit Prowler,Near Mint,FALSE,0.05,6,Bin 5,8,6
699a9e1b34ce719e27b6e0be,393639393,,1,fin,Summon: Choco/Mog,NM,TRUE,0.15,1,Bin 6,6,1
699b75a734ce719e27b6e53a,393857990,,1,fin,Summon: Choco/Mog,NM,FALSE,0.04,0,,,
699b796634ce719e27b6e6d6,393859695,,1,cfin,Summon: Esper Ramuh,NM,FALSE,0.23,0,,,
69af4ea434ce719e27b740a9,397738766,,1,fin,Summon: Esper Ramuh,NM,FALSE,0.04,0,,,
699b796634ce719e27b6e6ca,393859691,,1,cfin,Summon: Fat Chocobo,NM,FALSE,0.3,2,Bin 6,3,2
699b795f34ce719e27b6e65e,393859662,,1,fin,Summon: Fat Chocobo,NM,FALSE,0.04,1,Bin 6,3,1
699a9e1534ce719e27b6e048,393639358,,1,fin,Summon: G.F. Ifrit,NM,FALSE,0.05,2,Bin 6,6,1
699a9e1534ce719e27b6e048,393639358,,1,fin,Summon: G.F. Ifrit,NM,FALSE,0.05,2,Bin 6,4,1
69af4ea434ce719e27b740ac,397738783,,1,fin,Summon: G.F. Ifrit,NM,FALSE,0.03,5,Bin 6,12,5
699b796634ce719e27b6e6c7,393859690,,1,cfin,Summon: Shiva,NM,FALSE,0.7,2,Bin 6,3,2
69b0b7a89ca1ed48e7d8b406,398391733,,1,rix,Sun Sentinel,Near Mint,FALSE,0.03,2,Bin 6,31,2
699bb5c734ce719e27b6eabf,393882058,,1,tla,Sun-Blessed Peak,NM,FALSE,0.03,0,,,
69e7e4d19ca1ed48e7d9b18a,409781972,,1,rix,Sun-Crested Pterodon,Near Mint,FALSE,0.04,1,Bin 7,7,1
699bbb7834ce719e27b6ec07,393884954,,1,ecl,Sun-Dappled Celebrant,NM,FALSE,0.05,2,Bin 6,10,2
69e7ede19ca1ed48e7d9b359,409785983,,1,mm3,Sundering Growth,Near Mint,FALSE,0.05,1,Bin 7,9,1
69b04eaa9ca1ed48e7d8ae31,398299123,,1,mm3,Sundering Growth,Near Mint,FALSE,0.14,1,Bin 6,27,1
69c31d9c9ca1ed48e7d90935,402040026,,1,rtr,Sundering Growth,Near Mint,FALSE,0.12,1,Bin 6,39,1
69c34bfc9ca1ed48e7d90c3e,402068386,,1,lci,Sunfire Torch,Near Mint,FALSE,0.03,4,Bin 1,6,4
69c31d989ca1ed48e7d908ee,402040006,,1,gtc,Sunhome Guildmage,Near Mint,FALSE,0.04,2,Bin 6,39,2
69e957d57ecc73c161d9881a,410039931,,1,mm2,Sunlance,Near Mint,TRUE,0.15,1,Bin 7,12,1
69b0dd089ca1ed48e7d8baa6,398420450,,1,tdthb,Sunlit Hoplite,Near Mint,FALSE,0.04,2,Bin 6,37,2
69e4307a9ca1ed48e7d99404,409093651,,1,akh,Sunscorched Desert,Near Mint,FALSE,0.2,0,,,
69e7cbe29ca1ed48e7d9ad3b,409768181,,1,hou,Sunscourge Champion,Near Mint,FALSE,0.05,1,Bin 7,1,1
69c34bfc9ca1ed48e7d90c3b,402068385,,1,lci,Sunshot Militia,Near Mint,FALSE,0.04,4,Bin 1,6,4
69e920ca7ecc73c161d8cb3e,410003516,,1,blb,Sunshower Druid,Near Mint,FALSE,0.09,4,Bin 1,26,4
699bbb7e34ce719e27b6ec7c,393885000,,1,c17,Sunspear Shikari,NM,FALSE,0.06,1,Bin 6,10,1
69edbdb02f009c9bc4cddfd7,410924456,,1,dgm,Sunspire Gatekeepers,Near Mint,FALSE,0.03,1,Bin 7,18,1
69ed5f1579f49147a0813276,410865315,,1,dgm,Sunspire Gatekeepers,Near Mint,FALSE,0.04,1,Bin 7,17,1
69e7dda29ca1ed48e7d9afaa,409778064,,1,rtr,Sunspire Griffin,Near Mint,FALSE,0.03,1,Bin 7,5,1
69e42c279ca1ed48e7d99346,409090855,,1,akh,Supernatural Stamina,Near Mint,FALSE,0.16,4,Bin 5,12,4
69af4d4134ce719e27b7402c,397707156,,1,fin,Suplex,NM,FALSE,0.09,0,,,
69b0425d9ca1ed48e7d8ac2b,398289248,,1,akh,Supply Caravan,Near Mint,TRUE,0.1,1,Bin 6,25,1
69e965b67ecc73c161d9b88b,410045336,,1,akh,Supply Caravan,Near Mint,FALSE,0.03,1,Bin 7,14,1
69e429409ca1ed48e7d9927d,409089684,,1,akh,Supply Caravan,Near Mint,FALSE,0.03,6,Bin 5,10,6
69b046c19ca1ed48e7d8ad80,398291996,,1,hou,Supreme Will,Near Mint,FALSE,0.04,1,Bin 6,26,1
69e4375c9ca1ed48e7d99525,409099403,,1,bfz,Sure Strike,Near Mint,FALSE,0.03,2,Bin 5,19,2
69b0bf209ca1ed48e7d8b589,398394970,,1,m19,Surge Mare,Near Mint,FALSE,0.03,1,Bin 6,33,1
699bbb7634ce719e27b6ebd1,393884935,,1,ecl,Surly Farrier,NM,FALSE,0.05,1,Bin 6,10,1
69e70c339ca1ed48e7d9a918,409616285,,1,mkm,Surveillance Monitor,Near Mint,FALSE,0.05,1,Bin 5,36,1
69e7dda09ca1ed48e7d9af7f,409778053,,1,rtr,Survey the Wreckage,Near Mint,TRUE,0.1,2,Bin 7,5,2
69ed5f1479f49147a081324b,410865309,,1,ktk,Suspension Field,Near Mint,FALSE,0.05,1,Bin 7,17,1
69af68ae34ce719e27b74385,398052908,,1,snc,Suspicious Bookcase,NM,FALSE,0.06,1,Bin 6,17,1
69e902587ecc73c161d869ab,409953017,,1,mkm,Suspicious Detonation,Near Mint,FALSE,0.03,14,Bin 1,11,13
69e902587ecc73c161d869ab,409953017,,1,mkm,Suspicious Detonation,Near Mint,FALSE,0.03,14,Bin 1,12,1
69e53d259ca1ed48e7d99dc4,409247551,,1,mkm,Suspicious Detonation,Near Mint,FALSE,0.03,7,Bin 5,30,2
69e53d259ca1ed48e7d99dc4,409247551,,1,mkm,Suspicious Detonation,Near Mint,FALSE,0.03,7,Bin 5,32,1
69e53d259ca1ed48e7d99dc4,409247551,,1,mkm,Suspicious Detonation,Near Mint,FALSE,0.03,7,Bin 5,34,2
69e53d259ca1ed48e7d99dc4,409247551,,1,mkm,Suspicious Detonation,Near Mint,FALSE,0.03,7,Bin 5,35,2
69c315709ca1ed48e7d9088c,402033849,,1,rix,Swaggering Corsair,Near Mint,FALSE,0.03,1,Bin 6,38,1
699a9e1734ce719e27b6e067,393639367,,1,fin,Swamp,NM,FALSE,0.09,0,,,
69af68b434ce719e27b743e6,398052943,,1,tla,Swampsnare Trap,Near Mint,FALSE,0.03,3,Bin 6,17,1
69af68b434ce719e27b743e6,398052943,,1,tla,Swampsnare Trap,Near Mint,FALSE,0.03,3,Bin 6,30,2
69e7d3c69ca1ed48e7d9aea0,409772246,,1,bfz,Swarm Surge,Near Mint,TRUE,0.1,1,Bin 7,3,1
69e432ef9ca1ed48e7d994aa,409094955,,1,bfz,Swarm Surge,Near Mint,FALSE,0.03,6,Bin 5,17,6
699bb5c334ce719e27b6ea73,393882038,,1,spm,"Swarm, Being of Bees",NM,FALSE,0.03,1,Bin 6,8,1
69e96e627ecc73c161d9d847,410048739,,1,jou,Swarmborn Giant,Near Mint,FALSE,0.03,1,Bin 7,15,1
69e95c8b7ecc73c161d998eb,410042517,,1,xln,Swashbuckling,Near Mint,TRUE,0.1,1,Bin 7,13,1
69b0d3479ca1ed48e7d8b802,398404090,,1,xln,Swashbuckling,Near Mint,FALSE,0.04,1,Bin 6,35,1
69e43dba9ca1ed48e7d99661,409102125,,1,aer,Sweatworks Brawler,Near Mint,FALSE,0.03,14,Bin 5,24,14
69e7cbde9ca1ed48e7d9acef,409768156,,1,aer,Sweatworks Brawler,Near Mint,FALSE,0.1,1,Bin 7,1,1
69e93a297ecc73c161d921c0,410020581,,1,ogw,Sweep Away,Near Mint,FALSE,0.03,1,Bin 7,10,1
69b08a979ca1ed48e7d8b0da,398343020,,1,ogw,Sweep Away,Near Mint,TRUE,0.15,1,Bin 6,28,1
69af86d79ca1ed48e7d8a6f7,398181800,,1,mh2,Sweep the Skies,Near Mint,FALSE,0.04,6,Bin 6,22,1
69af86d79ca1ed48e7d8a6f7,398181800,,1,mh2,Sweep the Skies,Near Mint,FALSE,0.04,6,Bin 6,23,1
69af86d79ca1ed48e7d8a6f7,398181800,,1,mh2,Sweep the Skies,Near Mint,FALSE,0.04,6,Bin 6,24,1
69af86d79ca1ed48e7d8a6f7,398181800,,1,mh2,Sweep the Skies,Near Mint,FALSE,0.04,6,Bin 6,25,1
69af86d79ca1ed48e7d8a6f7,398181800,,1,mh2,Sweep the Skies,Near Mint,FALSE,0.04,6,Bin 6,26,2
69e4385e9ca1ed48e7d99553,409099690,,1,bfz,Swell of Growth,Near Mint,FALSE,0.03,7,Bin 5,20,7
69e7dda29ca1ed48e7d9af9e,409778060,,1,rtr,Swift Justice,Near Mint,FALSE,0.03,1,Bin 7,5,1
69e425929ca1ed48e7d991be,409083539,,1,ktk,Swift Kick,Near Mint,FALSE,0.05,7,Bin 5,8,7
69e7e4d09ca1ed48e7d9b16f,409781961,,1,ori,Swift Reckoning,Near Mint,TRUE,0.15,1,Bin 7,7,1
69e7e4d09ca1ed48e7d9b172,409781962,,1,ori,Swift Reckoning,Near Mint,FALSE,0.05,2,Bin 7,7,2
69e954707ecc73c161d97bec,410037371,,1,ema,Swiftwater Cliffs,Near Mint,TRUE,0.15,2,Bin 7,11,2
69e534499ca1ed48e7d99b2a,409242817,,1,fdn,Swiftwater Cliffs,Near Mint,FALSE,0.03,2,Bin 5,27,2
69e7ea199ca1ed48e7d9b2fe,409784077,,1,frf,Swiftwater Cliffs,Near Mint,TRUE,0.15,1,Bin 7,8,1
69e427c79ca1ed48e7d99214,409088120,,1,ktk,Swiftwater Cliffs,Near Mint,FALSE,0.05,7,Bin 5,9,7
69b0dd089ca1ed48e7d8baa9,398420451,,1,tdthb,Swimmer in Nightmares,Near Mint,FALSE,0.04,1,Bin 6,37,1
69af518334ce719e27b74104,397759286,,1,bng,Swordwise Centaur,LP,FALSE,0.03,14,Bin 6,14,14
69b0bb209ca1ed48e7d8b4a2,398393245,,1,rix,Sworn Guardian,Near Mint,FALSE,0.03,2,Bin 6,32,1
69b0bb209ca1ed48e7d8b4a2,398393245,,1,rix,Sworn Guardian,Near Mint,FALSE,0.03,2,Bin 7,7,1
69e54d3a9ca1ed48e7d99f2d,409255057,,1,znr,Synchronized Spellcraft,Near Mint,FALSE,0.03,1,Bin 5,32,1
69e4307f9ca1ed48e7d9944f,409093677,,1,akh,Synchronized Strike,Near Mint,FALSE,0.05,1,Bin 5,15,1
69af4fde34ce719e27b740da,397758050,,1,fin,Syncopate,NM,FALSE,0.03,8,Bin 6,13,8
699b75a834ce719e27b6e549,393858045,,1,fin,Syncopate,NM,FALSE,0.05,1,Bin 6,4,1
69e7e4da9ca1ed48e7d9b225,409782031,,1,inr,Syncopate,Near Mint,FALSE,0.05,1,Bin 7,7,1
69af68ac34ce719e27b7435b,398052891,,1,snc,Syndicate Infiltrator,NM,FALSE,0.03,1,Bin 6,17,1
69af91889ca1ed48e7d8a7f7,398187788,,1,woe,"Syr Armont, the Redeemer",Near Mint,FALSE,0.03,1,Bin 6,23,1
69e7dda89ca1ed48e7d9b017,409778106,,1,rtr,Tablet of the Guilds,Near Mint,FALSE,0.05,2,Bin 7,5,2
69b0c7669ca1ed48e7d8b6d6,398398128,,1,akh,Tah-Crop Elite,Near Mint,FALSE,0.04,2,Bin 6,33,2
69e429409ca1ed48e7d9927a,409089682,,1,akh,Tah-Crop Elite,Near Mint,FALSE,0.05,8,Bin 5,10,8
69e965b57ecc73c161d9b85c,410045328,,1,akh,Tah-Crop Elite,Near Mint,FALSE,0.03,1,Bin 7,14,1
69e42aa49ca1ed48e7d992d1,409089972,,1,akh,Tah-Crop Skirmisher,Near Mint,FALSE,0.05,5,Bin 5,11,5
69e4244e9ca1ed48e7d99191,409082841,,1,ktk,Taigam's Scheming,Near Mint,FALSE,0.03,0,,,
69e439cf9ca1ed48e7d995b8,409100285,,1,bfz,Tajuru Beastmaster,Near Mint,FALSE,0.03,9,Bin 5,21,9
69b0c75e9ca1ed48e7d8b659,398398090,,1,znr,Tajuru Snarecaster,Near Mint,FALSE,0.03,1,Bin 6,33,1
69e439cf9ca1ed48e7d995b5,409100272,,1,bfz,Tajuru Stalwart,Near Mint,FALSE,0.03,10,Bin 5,21,10
69b0cc9f9ca1ed48e7d8b738,398401780,,1,kld,Take Down,Near Mint,FALSE,0.03,1,Bin 6,34,1
69af6d5b34ce719e27b74461,398147542,,1,bro,Take Flight,NM,FALSE,0.03,1,Bin 6,18,1
69e957cd7ecc73c161d98794,410039884,,1,emn,Take Inventory,Near Mint,FALSE,0.07,4,Bin 7,12,4
69b0bb259ca1ed48e7d8b4ee,398393273,,1,emn,Take Inventory,Near Mint,FALSE,0.08,2,Bin 6,32,1
69b0bb259ca1ed48e7d8b4ee,398393273,,1,emn,Take Inventory,Near Mint,FALSE,0.08,2,Bin 6,33,1
69e923457ecc73c161d8d3d0,410005629,,1,blb,Take Out the Trash,Near Mint,FALSE,0.03,6,Bin 1,27,6
69e918637ecc73c161d8af73,409994923,,1,otj,Take Up the Shield,Near Mint,FALSE,0.05,14,Bin 1,22,14
69e43bdd9ca1ed48e7d9961c,409101640,,1,aer,Take into Custody,Near Mint,FALSE,0.03,5,Bin 5,23,5
69e9070f7ecc73c161d87841,409964028,,1,otj,Take the Fall,Near Mint,FALSE,0.05,18,Bin 1,16,18
69b03d259ca1ed48e7d8abcb,398283216,,1,woe,Taken by Nightmares,Near Mint,FALSE,0.03,1,Bin 6,24,1
69af518634ce719e27b74141,397759312,,1,bok,Takeno's Cavalry,NM,FALSE,0.04,6,Bin 6,14,6
699b7d3434ce719e27b6e766,393860687,,1,mh3,Tamiyo Meets the Story Circle,NM,FALSE,0.03,2,Bin 6,2,2
69efe9394ff24d3a84876e9c,411358545,,1,war,Tamiyo's Epiphany,Near Mint,FALSE,0.02,1,Bin 7,20,1
69af73489a9ce4ef7aed3cd6,398165923,,1,one,Tamiyo's Immobilizer,NM,FALSE,0.03,1,Bin 6,20,1
69e7d3c49ca1ed48e7d9ae74,409772232,,1,bfz,Tandem Tactics,Near Mint,TRUE,0.1,1,Bin 7,3,1
69af91829ca1ed48e7d8a78f,398187755,,1,woe,Tanglespan Lookout,Near Mint,FALSE,0.04,1,Bin 6,23,1
699bbb7c34ce719e27b6ec4c,393884976,,1,mma,Tar Pitcher,NM,FALSE,0.05,2,Bin 6,10,2
69b0425e9ca1ed48e7d8ac2e,398289249,,1,kld,Tasseled Dromedary,Near Mint,TRUE,0.1,1,Bin 6,25,1
69e41db39ca1ed48e7d9900b,409079844,,1,kld,Tasseled Dromedary,Near Mint,FALSE,0.03,8,Bin 5,2,8
69af91879ca1ed48e7d8a7f4,398187787,,1,woe,Tattered Ratter,Near Mint,FALSE,0.03,2,Bin 6,23,1
69af91879ca1ed48e7d8a7f4,398187787,,1,woe,Tattered Ratter,Near Mint,FALSE,0.03,2,Bin 6,29,1
69b04ea99ca1ed48e7d8ae2b,398299119,,1,fdn,"Tatyova, Benthic Druid",Near Mint,FALSE,0.06,1,Bin 6,27,1
69e534589ca1ed48e7d99bff,409242976,,1,cmid,Tavern Ruffian // Tavern Smasher,Near Mint,FALSE,0.03,1,Bin 5,27,1
69e534549ca1ed48e7d99bbf,409242927,,1,mid,Tavern Ruffian // Tavern Smasher,Near Mint,FALSE,0.03,1,Bin 5,27,1
699bb5bf34ce719e27b6ea28,393882012,,1,spm,Taxi Driver,NM,FALSE,0.03,1,Bin 6,8,1
69b0c7669ca1ed48e7d8b6d9,398398129,,1,znr,Tazeem Raptor,Near Mint,FALSE,0.03,1,Bin 6,33,1
69c34bfc9ca1ed48e7d90c38,402068384,,1,lci,Tectonic Hazard,Near Mint,FALSE,0.03,0,,,
69b046c49ca1ed48e7d8adbc,398292013,,1,m21,Teferi's Protege,Near Mint,TRUE,0.15,1,Bin 6,26,1
69c31d999ca1ed48e7d908f9,402040009,,1,rtr,Teleportal,Near Mint,FALSE,0.04,3,Bin 6,39,3
699b7d3b34ce719e27b6e7ed,393860723,,1,mh3,Temperamental Oozewagg,NM,FALSE,0.05,1,Bin 6,2,1
69e92ebd7ecc73c161d8fa49,410013589,,1,blb,Tempest Angler,Near Mint,FALSE,0.05,9,Bin 1,29,9
69e95c887ecc73c161d998b2,410042489,,1,xln,Tempest Caller,Near Mint,FALSE,0.2,1,Bin 7,13,1
69b046c29ca1ed48e7d8ad8f,398291999,,1,xln,Tempest Caller,Near Mint,FALSE,0.14,1,Bin 6,26,1
699b7d3534ce719e27b6e77d,393860694,,1,mh3,Tempest Harvester,NM,FALSE,0.05,1,Bin 6,2,1
69b0d7ec9ca1ed48e7d8b93d,398406702,,1,thb,Temple Thief,Near Mint,TRUE,0.1,1,Bin 6,36,1
699bbb7b34ce719e27b6ec34,393884968,,1,ecl,Temporal Cleansing,NM,FALSE,0.05,1,Bin 6,10,1
69af6d6734ce719e27b7452a,398148774,,1,eld,Tempting Witch,NM,FALSE,0.03,1,Bin 6,18,1
69c3156a9ca1ed48e7d90835,402033811,,1,eld,Tempting Witch,Near Mint,TRUE,0.15,2,Bin 6,38,2
69b0bf1d9ca1ed48e7d8b55d,398394951,,1,ktk,Temur Banner,Near Mint,FALSE,0.03,2,Bin 6,33,1
69b0bf1d9ca1ed48e7d8b55d,398394951,,1,ktk,Temur Banner,Near Mint,FALSE,0.03,2,Bin 6,37,1
69e427c89ca1ed48e7d99222,409088124,,1,ktk,Temur Banner,Near Mint,FALSE,0.05,5,Bin 5,9,5
69af6d5c34ce719e27b74473,398147649,,1,2xm,Temur Battle Rage,NM,FALSE,0.27,1,Bin 6,18,1
69ed5f1179f49147a08131eb,410865295,,1,ktk,Temur Charm,Near Mint,FALSE,0.09,2,Bin 7,17,2
69e7ea189ca1ed48e7d9b2dd,409784065,,1,frf,Temur Runemark,Near Mint,TRUE,0.15,2,Bin 7,8,2
69b0cca29ca1ed48e7d8b76b,398401809,,1,hou,Tenacious Hunter,Near Mint,FALSE,0.04,1,Bin 6,34,1
69b0a9dc9ca1ed48e7d8b21e,398363672,,1,woe,Tenacious Tomeseeker,Near Mint,FALSE,0.03,1,Bin 6,29,1
699bb5c634ce719e27b6eaa6,393882051,,1,tla,"Teo, Spirited Glider",NM,FALSE,0.03,2,Bin 6,8,1
699bb5c634ce719e27b6eaa6,393882051,,1,tla,"Teo, Spirited Glider",NM,FALSE,0.03,2,Bin 6,18,1
69e7ea179ca1ed48e7d9b2cb,409784057,,1,mm2,Terashi's Grasp,Near Mint,TRUE,0.1,1,Bin 7,8,1
69e957d67ecc73c161d9882f,410039938,,1,mm2,Terashi's Grasp,Near Mint,TRUE,0.1,1,Bin 7,12,1
69b0d34c9ca1ed48e7d8b85b,398404116,,1,c13,Terramorphic Expanse,Near Mint,FALSE,0.1,1,Bin 6,35,1
69b0a9d99ca1ed48e7d8b1e4,398363655,,1,c16,Terramorphic Expanse,Near Mint,FALSE,0.17,1,Bin 6,29,1
699bbb7f34ce719e27b6ec8e,393885011,,1,c17,Terramorphic Expanse,NM,FALSE,0.11,1,Bin 6,10,1
699bbb7d34ce719e27b6ec64,393884985,,1,c18,Terramorphic Expanse,NM,FALSE,0.16,1,Bin 6,10,1
69af734d9a9ce4ef7aed3d2e,398165964,,1,cmr,Terramorphic Expanse,NM,FALSE,0.08,1,Bin 6,20,1
69e935997ecc73c161d911a5,410018253,,1,dsk,Terramorphic Expanse,Near Mint,FALSE,0.09,14,Bin 1,37,14
699bbb7d34ce719e27b6ec5b,393884982,,1,mma,Terramorphic Expanse,NM,FALSE,0.11,3,Bin 6,10,3
69b08a8e9ca1ed48e7d8b04a,398342930,,1,tsp,Terramorphic Expanse,Near Mint,FALSE,0.1,15,Bin 6,28,9
69b08a8e9ca1ed48e7d8b04a,398342930,,1,tsp,Terramorphic Expanse,Near Mint,FALSE,0.1,15,Bin 6,29,6
69e7ea159ca1ed48e7d9b2ad,409784046,,1,tsp,Terramorphic Expanse,Near Mint,FALSE,0.11,5,Bin 7,8,5
69e7ede99ca1ed48e7d9b3e4,409786044,,1,uma,Terramorphic Expanse,Near Mint,TRUE,0.2,1,Bin 7,9,1
69e439cf9ca1ed48e7d995b2,409100248,,1,bfz,Territorial Baloth,Near Mint,FALSE,0.03,8,Bin 5,21,8
69b0c7669ca1ed48e7d8b6dc,398398130,,1,xln,Territorial Hammerskull,Near Mint,FALSE,0.04,3,Bin 6,33,3
69e95c877ecc73c161d9988f,410042478,,1,xln,Territorial Hammerskull,Near Mint,FALSE,0.03,4,Bin 7,13,4
69efe93c4ff24d3a84876f00,411358563,,1,dtk,Territorial Roc,Near Mint,TRUE,0.1,1,Bin 7,20,1
69e7dda59ca1ed48e7d9afd9,409778084,,1,rtr,Terrus Wurm,Near Mint,FALSE,0.03,1,Bin 7,5,1
69af73499a9ce4ef7aed3cdf,398165929,,1,stx,Test of Talents,NM,FALSE,0.21,1,Bin 6,20,1
69b0a9d89ca1ed48e7d8b1ca,398363647,,1,jou,Tethmos High Priest,Near Mint,FALSE,0.08,1,Bin 6,29,1
69efe93e4ff24d3a84876f5f,411358577,,1,war,Teyo's Lightshield,Near Mint,FALSE,0.02,1,Bin 7,20,1
69e41ed29ca1ed48e7d9902f,409080146,,1,kld,Tezzeret's Ambition,Near Mint,FALSE,0.05,7,Bin 5,3,7
69e957cd7ecc73c161d98791,410039883,,1,mm2,Tezzeret's Gambit,Near Mint,TRUE,0.25,1,Bin 7,12,1
69e43db79ca1ed48e7d99630,409102112,,1,aer,Tezzeret's Touch,Near Mint,FALSE,0.03,6,Bin 5,24,3
69e43db79ca1ed48e7d99630,409102112,,1,aer,Tezzeret's Touch,Near Mint,FALSE,0.03,6,Bin 7,2,3
69e7ea159ca1ed48e7d9b2b0,409784047,,1,tsp,Thallid Germinator,Near Mint,FALSE,0.05,1,Bin 7,8,1
69b0bf259ca1ed48e7d8b5dd,398395002,,1,dom,Thallid Omnivore,Near Mint,FALSE,0.04,4,Bin 6,33,1
69b0bf259ca1ed48e7d8b5dd,398395002,,1,dom,Thallid Omnivore,Near Mint,FALSE,0.04,4,Bin 6,37,3
69e96e587ecc73c161d9d70c,410048689,,1,jou,Thassa's Devourer,Near Mint,TRUE,0.15,1,Bin 7,15,1
69af70129a9ce4ef7aed3c7b,398161635,,1,tle,That's Rough Buddy,NM,FALSE,0.12,1,Bin 6,19,1
69b0d7e99ca1ed48e7d8b917,398406674,,1,thb,Thaumaturge's Familiar,Near Mint,TRUE,0.15,2,Bin 6,36,2
69e965ba7ecc73c161d9b96a,410045375,,1,ltr,The Black Breath,Near Mint,FALSE,0.03,3,Bin 7,14,3
69af6d5f34ce719e27b744a2,398147978,,1,tla,"The Boulder, Ready to Rumble",NM,FALSE,0.03,0,,,
699bb19c34ce719e27b6e9bf,393880634,,1,tla,The Cave of Two Lovers,NM,FALSE,0.05,1,Bin 6,7,1
69e53d299ca1ed48e7d99dfa,409247567,,1,cmkm,The Chase Is On,Near Mint,FALSE,0.03,4,Bin 5,30,1
69e53d299ca1ed48e7d99dfa,409247567,,1,cmkm,The Chase Is On,Near Mint,FALSE,0.03,4,Bin 5,31,1
69e53d299ca1ed48e7d99dfa,409247567,,1,cmkm,The Chase Is On,Near Mint,FALSE,0.03,4,Bin 5,35,1
69e53d299ca1ed48e7d99dfa,409247567,,1,cmkm,The Chase Is On,Near Mint,FALSE,0.03,4,Bin 5,36,1
69e53d269ca1ed48e7d99ddc,409247559,,1,mkm,The Chase Is On,Near Mint,FALSE,0.03,13,Bin 5,30,1
69e53d269ca1ed48e7d99ddc,409247559,,1,mkm,The Chase Is On,Near Mint,FALSE,0.03,13,Bin 5,31,1
69e53d269ca1ed48e7d99ddc,409247559,,1,mkm,The Chase Is On,Near Mint,FALSE,0.03,13,Bin 5,32,3
69e53d269ca1ed48e7d99ddc,409247559,,1,mkm,The Chase Is On,Near Mint,FALSE,0.03,13,Bin 1,12,8
699b75a434ce719e27b6e509,393857974,,1,fin,The Crystal's Chosen,Near Mint,FALSE,0.03,3,Bin 6,4,1
699b75a434ce719e27b6e509,393857974,,1,fin,The Crystal's Chosen,Near Mint,FALSE,0.03,3,Bin 6,1,1
699b75a434ce719e27b6e509,393857974,,1,fin,The Crystal's Chosen,Near Mint,FALSE,0.03,3,Bin 7,19,1
69af580d34ce719e27b742c9,397801853,,1,one,The Dross Pits,NM,FALSE,0.03,0,,,
699b795a34ce719e27b6e612,393859647,,1,fin,The Emperor of Palamecia // The Lord Master of Hell,NM,FALSE,0.06,0,,,
69af4d4434ce719e27b74062,397707407,,1,fin,The Final Days,NM,FALSE,0.03,0,,,
69af734b9a9ce4ef7aed3d03,398165946,,1,neo,The Long Reach of Night // Animus of Night's Reach,NM,FALSE,0.04,1,Bin 6,20,1
699b795a34ce719e27b6e607,393859644,,1,fin,The Prima Vista,NM,FALSE,0.04,1,Bin 6,3,1
69e965ba7ecc73c161d9b964,410045372,,1,ltr,The Torment of Gollum,Near Mint,TRUE,0.1,1,Bin 7,14,1
69e965ba7ecc73c161d9b967,410045373,,1,ltr,The Torment of Gollum,Near Mint,FALSE,0.03,2,Bin 7,14,2
69e539369ca1ed48e7d99d10,409246143,,1,emn,Thermo-Alchemist,Near Mint,FALSE,0.25,4,Bin 5,28,4
69e900677ecc73c161d8639a,409951402,,1,mkm,They Went This Way,Near Mint,FALSE,0.03,8,Bin 1,10,8
69e53d239ca1ed48e7d99daa,409247543,,1,mkm,They Went This Way,Near Mint,FALSE,0.05,10,Bin 5,30,2
69e53d239ca1ed48e7d99daa,409247543,,1,mkm,They Went This Way,Near Mint,FALSE,0.05,10,Bin 5,31,2
69e53d239ca1ed48e7d99daa,409247543,,1,mkm,They Went This Way,Near Mint,FALSE,0.05,10,Bin 5,32,1
69e53d239ca1ed48e7d99daa,409247543,,1,mkm,They Went This Way,Near Mint,FALSE,0.05,10,Bin 5,33,1
69e53d239ca1ed48e7d99daa,409247543,,1,mkm,They Went This Way,Near Mint,FALSE,0.05,10,Bin 5,34,2
69e53d239ca1ed48e7d99daa,409247543,,1,mkm,They Went This Way,Near Mint,FALSE,0.05,10,Bin 5,35,2
69e7ea169ca1ed48e7d9b2bf,409784053,,1,tsp,Think Twice,Near Mint,FALSE,0.05,1,Bin 7,8,1
69e91b3f7ecc73c161d8b897,409999566,,1,uma,Think Twice,Near Mint,FALSE,0.03,2,Bin 1,23,2
69e53d219ca1ed48e7d99d86,409247530,,1,mkm,Thinking Cap,Near Mint,FALSE,0.02,18,Bin 5,30,1
69e53d219ca1ed48e7d99d86,409247530,,1,mkm,Thinking Cap,Near Mint,FALSE,0.02,18,Bin 5,32,1
69e53d219ca1ed48e7d99d86,409247530,,1,mkm,Thinking Cap,Near Mint,FALSE,0.02,18,Bin 5,33,2
69e53d219ca1ed48e7d99d86,409247530,,1,mkm,Thinking Cap,Near Mint,FALSE,0.02,18,Bin 5,34,2
69e53d219ca1ed48e7d99d86,409247530,,1,mkm,Thinking Cap,Near Mint,FALSE,0.02,18,Bin 5,35,3
69e53d219ca1ed48e7d99d86,409247530,,1,mkm,Thinking Cap,Near Mint,FALSE,0.02,18,Bin 1,8,9
69b04ea99ca1ed48e7d8ae28,398299117,,1,bro,Third Path Iconoclast,Near Mint,FALSE,0.36,0,,,
69af68ad34ce719e27b74364,398052895,,1,neo,Thirst for Knowledge,NM,FALSE,0.04,1,Bin 6,17,1
69b04eb39ca1ed48e7d8aee1,398299262,,1,dsc,Thirst for Meaning,Near Mint,FALSE,0.08,1,Bin 6,27,1
69e539329ca1ed48e7d99cd4,409246123,,1,emn,Thirsting Axe,Near Mint,FALSE,0.03,2,Bin 5,28,2
69af70109a9ce4ef7aed3c57,398161619,,1,blb,Thistledown Players,Near Mint,FALSE,0.03,5,Bin 6,19,4
69af70109a9ce4ef7aed3c57,398161619,,1,blb,Thistledown Players,Near Mint,FALSE,0.03,5,Bin 6,33,1
69e9243b7ecc73c161d8d71c,410006143,,1,blb,Thistledown Players,Near Mint,FALSE,0.03,6,Bin 1,28,6
69b0425d9ca1ed48e7d8ac1f,398289244,,1,aer,Thopter Arrest,Near Mint,FALSE,0.03,7,Bin 6,25,1
69b0425d9ca1ed48e7d8ac1f,398289244,,1,aer,Thopter Arrest,Near Mint,FALSE,0.03,7,Bin 6,26,1
69b0425d9ca1ed48e7d8ac1f,398289244,,1,aer,Thopter Arrest,Near Mint,FALSE,0.03,7,Bin 5,22,3
69b0425d9ca1ed48e7d8ac1f,398289244,,1,aer,Thopter Arrest,Near Mint,FALSE,0.03,7,Bin 7,2,2
69b0dcff9ca1ed48e7d8ba33,398420421,,1,hou,Thorned Moloch,Near Mint,FALSE,0.04,1,Bin 6,37,1
69b0c75e9ca1ed48e7d8b65c,398398091,,1,m19,Thornhide Wolves,Near Mint,FALSE,0.04,1,Bin 6,33,1
69e91e327ecc73c161d8c2ce,410002362,,1,blb,Thornplate Intimidator,Near Mint,FALSE,0.03,8,Bin 1,25,8
69e5344a9ca1ed48e7d99b32,409242825,,1,fdn,Thornwood Falls,Near Mint,FALSE,0.03,0,,,
69e427c79ca1ed48e7d99211,409088119,,1,ktk,Thornwood Falls,Near Mint,FALSE,0.05,2,Bin 5,9,2
69af848f9ca1ed48e7d8a6c0,398179366,,1,tdeld,Thornwood Falls,Near Mint,FALSE,0.1,0,,,
69e4293f9ca1ed48e7d99277,409089681,,1,akh,Those Who Serve,Near Mint,FALSE,0.05,6,Bin 5,10,6
69e965b57ecc73c161d9b863,410045330,,1,akh,Those Who Serve,Near Mint,TRUE,0.1,1,Bin 7,14,1
69af70119a9ce4ef7aed3c6f,398161631,,1,blb,Thought Shucker,NM,FALSE,0.03,6,Bin 6,19,6
69e91e307ecc73c161d8c2aa,410002341,,1,blb,Thought Shucker,Near Mint,FALSE,0.03,6,Bin 1,25,6
69c31d9c9ca1ed48e7d9092a,402040023,,1,rtr,Thoughtflare,Near Mint,FALSE,0.04,1,Bin 6,39,1
69b04eb09ca1ed48e7d8aead,398299199,,1,jou,Thoughtrender Lamia,Near Mint,FALSE,0.29,1,Bin 6,27,1
699bbb7b34ce719e27b6ec37,393884969,,1,ecl,Thoughtweft Lieutenant,NM,FALSE,0.05,1,Bin 6,10,1
69c34cd19ca1ed48e7d90c61,402068777,,1,lci,Thousand Moons Crackshot,Near Mint,FALSE,0.03,7,Bin 1,7,7
69c34cd19ca1ed48e7d90c5e,402068776,,1,lci,Thousand Moons Infantry,Near Mint,FALSE,0.03,8,Bin 1,7,8
69e534519ca1ed48e7d99b8d,409242889,,1,mid,Thraben Exorcism,Near Mint,FALSE,0.03,1,Bin 5,27,1
69e7ede99ca1ed48e7d9b3d5,409786038,,1,isd,Thraben Purebloods,Near Mint,TRUE,0.15,1,Bin 7,9,1
69b03d1d9ca1ed48e7d8ab40,398283162,,1,mh2,Thraben Watcher,Near Mint,FALSE,0.1,3,Bin 6,24,2
69b03d1d9ca1ed48e7d8ab40,398283162,,1,mh2,Thraben Watcher,Near Mint,FALSE,0.1,3,Bin 6,25,1
69edbdaf2f009c9bc4cddf94,410924438,,1,dgm,Thrashing Mossdog,Near Mint,FALSE,0.04,3,Bin 7,18,3
69af91869ca1ed48e7d8a7d8,398187778,,1,woe,Threadbind Clique // Rip the Seams,Near Mint,FALSE,0.03,1,Bin 6,23,1
69af91839ca1ed48e7d8a79e,398187760,,1,woe,Three Bowls of Porridge,Near Mint,FALSE,0.03,1,Bin 6,23,1
69e91cfa7ecc73c161d8bea7,410001542,,1,blb,Three Tree Mascot,Near Mint,FALSE,0.06,8,Bin 1,24,8
69e920ca7ecc73c161d8cb3b,410003515,,1,blb,Three Tree Rootweaver,Near Mint,FALSE,0.03,7,Bin 1,26,7
69e42d5d9ca1ed48e7d9938a,409091237,,1,akh,Thresher Lizard,Near Mint,FALSE,0.05,4,Bin 5,13,4
69e96e5a7ecc73c161d9d729,410048698,,1,akh,Thresher Lizard,Near Mint,FALSE,0.03,1,Bin 7,15,1
69c315659ca1ed48e7d907d0,402033115,,1,eld,Thrill of Possibility,Near Mint,TRUE,0.1,2,Bin 6,38,1
69c315659ca1ed48e7d907d0,402033115,,1,eld,Thrill of Possibility,Near Mint,TRUE,0.1,2,Bin 6,39,1
69e534459ca1ed48e7d99ae6,409242757,,1,fdn,Thrill of Possibility,Near Mint,FALSE,0.03,0,,,
69af580434ce719e27b7422b,397801097,,1,stx,Thrilling Discovery,NM,FALSE,0.12,0,,,
69af6d5f34ce719e27b744a5,398147991,,1,tle,Thriving Bluff,NM,FALSE,0.12,1,Bin 6,18,1
699a9e2034ce719e27b6e11e,393639425,,1,tle,Thriving Bluff,NM,FALSE,0.1,1,Bin 6,6,1
69af68b234ce719e27b743ca,398052937,,1,tle,Thriving Heath,NM,FALSE,0.1,3,Bin 6,17,3
69e41db39ca1ed48e7d99008,409079843,,1,kld,Thriving Ibex,Near Mint,FALSE,0.03,8,Bin 5,2,8
699bb5c634ce719e27b6eaac,393882053,,1,tle,Thriving Isle,NM,FALSE,0.11,1,Bin 6,8,1
69b0a9e19ca1ed48e7d8b265,398363689,,1,tle,Thriving Isle,Near Mint,TRUE,0.3,1,Bin 6,29,1
69e7dda59ca1ed48e7d9afe2,409778087,,1,kld,Thriving Rhino,Near Mint,FALSE,0.03,0,,,
69b0bb209ca1ed48e7d8b4a5,398393247,,1,kld,Thriving Turtle,Near Mint,FALSE,0.03,9,Bin 5,3,6
69b0bb209ca1ed48e7d8b4a5,398393247,,1,kld,Thriving Turtle,Near Mint,FALSE,0.03,9,Bin 6,32,2
69b0bb209ca1ed48e7d8b4a5,398393247,,1,kld,Thriving Turtle,Near Mint,FALSE,0.03,9,Bin 7,5,1
69e4244b9ca1ed48e7d9915b,409082823,,1,ktk,Throttle,Near Mint,FALSE,0.05,6,Bin 5,7,6
69e908fe7ecc73c161d87e0d,409966066,,1,otj,Throw from the Saddle,Near Mint,FALSE,0.03,9,Bin 1,18,9
69efe93a4ff24d3a84876ea3,411358546,,1,war,Thunder Drake,Near Mint,FALSE,0.03,1,Bin 7,20,1
699b75a934ce719e27b6e551,393858047,,1,fin,Thunder Magic,NM,FALSE,0.04,2,Bin 6,4,1
699b75a934ce719e27b6e551,393858047,,1,fin,Thunder Magic,NM,FALSE,0.04,2,Bin 6,9,1
69e90ad57ecc73c161d883d4,409968313,,1,otj,Thunder Salvo,Near Mint,FALSE,0.05,12,Bin 1,20,12
69e9546f7ecc73c161d97bd4,410037363,,1,ema,Thunderclap Wyvern,Near Mint,FALSE,0.09,2,Bin 7,11,2
699bbb7c34ce719e27b6ec4f,393884977,,1,mma,Thundercloud Shaman,NM,FALSE,0.05,3,Bin 6,10,3
69efe93a4ff24d3a84876eac,411358548,,1,mma,Thundering Giant,Near Mint,TRUE,0.1,1,Bin 7,20,1
69e954737ecc73c161d97c15,410037384,,1,nph,Thundering Tanadon,Near Mint,TRUE,0.15,2,Bin 7,11,2
69af68b234ce719e27b743c1,398052934,,1,spm,Thwip!,NM,FALSE,0.03,1,Bin 6,17,1
69e933e77ecc73c161d90bfa,410017330,,1,dsk,Ticket Booth // Tunnel of Hate,Near Mint,FALSE,0.03,9,Bin 1,35,9
69eea6d02f009c9bc4d7487e,411068523,,1,dft,Ticket Tortoise,Near Mint,FALSE,0.04,2,Bin 7,19,2
69e954727ecc73c161d97c00,410037377,,1,ema,Ticking Gnomes,Near Mint,TRUE,0.15,1,Bin 7,11,1
69b04ea99ca1ed48e7d8ae2e,398299121,,1,blb,Tidecaller Mentor,Near Mint,FALSE,0.05,0,,,
699a9e1934ce719e27b6e095,393639381,,1,fin,"Tidus, Blitzball Star",NM,FALSE,0.04,1,Bin 6,6,1
69e7dda39ca1ed48e7d9afbc,409778072,,1,kld,Tidy Conclusion,Near Mint,TRUE,0.1,1,Bin 7,5,1
69e432f19ca1ed48e7d994cb,409094968,,1,bfz,Tightening Coils,Near Mint,FALSE,0.03,7,Bin 5,17,7
69e7e4d49ca1ed48e7d9b1bb,409781993,,1,rix,Tilonalli's Crown,Near Mint,FALSE,0.03,1,Bin 7,7,1
69af70129a9ce4ef7aed3c75,398161633,,1,dom,Timber Gorge,NM,FALSE,0.1,1,Bin 6,19,1
69e93a2f7ecc73c161d92223,410020623,,1,ogw,Timber Gorge,Near Mint,TRUE,0.15,1,Bin 7,10,1
69e4293f9ca1ed48e7d99274,409089680,,1,akh,Time to Reflect,Near Mint,FALSE,0.05,6,Bin 5,10,6
69b04eac9ca1ed48e7d8ae63,398299162,,1,tdc,Timeless Witness,Near Mint,FALSE,0.08,0,,,
69ed5f1579f49147a081327c,410865316,,1,ktk,Timely Hordemate,Near Mint,FALSE,0.05,1,Bin 7,17,1
69b046bd9ca1ed48e7d8ad43,398291982,,1,rna,Tin Street Dodger,Near Mint,FALSE,0.04,1,Bin 6,26,1
69e70c359ca1ed48e7d9a92f,409616292,,1,mkm,Tin Street Gossip,Near Mint,FALSE,0.05,3,Bin 5,36,3
69c34cd19ca1ed48e7d90c5b,402068775,,1,lci,Tinker's Tote,Near Mint,FALSE,0.04,7,Bin 1,7,7
69b0c75e9ca1ed48e7d8b65f,398398092,,1,xln,Tishana's Wayfinder,Near Mint,FALSE,0.04,2,Bin 6,33,2
69e95c8a7ecc73c161d998cd,410042504,,1,xln,Tishana's Wayfinder,Near Mint,FALSE,0.03,1,Bin 7,13,1
69e7d3c49ca1ed48e7d9ae83,409772237,,1,bfz,Titan's Presence,Near Mint,FALSE,0.17,2,Bin 7,3,2
69af6d5d34ce719e27b7448b,398147782,,1,ori,Titan's Strength,NM,FALSE,0.08,1,Bin 6,18,1
69b0bf219ca1ed48e7d8b59d,398394976,,1,m19,Titanic Growth,Near Mint,FALSE,0.03,2,Bin 6,33,1
69b0bf219ca1ed48e7d8b59d,398394976,,1,m19,Titanic Growth,Near Mint,FALSE,0.03,2,Bin 6,34,1
69b0cca49ca1ed48e7d8b77f,398401819,,1,ori,Titanic Growth,Near Mint,FALSE,0.03,2,Bin 6,34,2
699b7d3b34ce719e27b6e7e0,393860719,,1,mh3,Titans' Vanguard,NM,FALSE,0.05,1,Bin 6,2,1
69efe9404ff24d3a84876fa2,411358588,,1,war,Tithebearer Giant,Near Mint,FALSE,0.03,1,Bin 7,20,1
69e7ea149ca1ed48e7d9b2a1,409784042,,1,soi,To the Slaughter,Near Mint,FALSE,0.05,3,Bin 7,8,3
69af848c9ca1ed48e7d8a68b,398179349,,1,m21,Tolarian Kraken,Near Mint,FALSE,0.03,1,Bin 6,21,1
69b0bb209ca1ed48e7d8b4a8,398393248,,1,dom,Tolarian Scholar,Near Mint,FALSE,0.04,1,Bin 6,32,1
69e5344e9ca1ed48e7d99b60,409242856,,1,fdn,Tolarian Terror,Near Mint,FALSE,0.03,0,,,
69b03d1e9ca1ed48e7d8ab58,398283172,,1,war,Toll of the Invasion,Near Mint,FALSE,0.03,1,Bin 6,24,1
69c315699ca1ed48e7d9081e,402033803,,1,eld,Tome Raider,Near Mint,TRUE,0.15,3,Bin 6,38,2
69c315699ca1ed48e7d9081e,402033803,,1,eld,Tome Raider,Near Mint,TRUE,0.15,3,Bin 6,39,1
699a9e1934ce719e27b6e08f,393639379,,1,fin,Tonberry,NM,FALSE,0.05,1,Bin 6,6,1
69e54d3d9ca1ed48e7d99f4e,409255061,,1,mkm,Topiary Panther,Near Mint,FALSE,0.05,9,Bin 5,32,3
69e54d3d9ca1ed48e7d99f4e,409255061,,1,mkm,Topiary Panther,Near Mint,FALSE,0.05,9,Bin 5,33,3
69e54d3d9ca1ed48e7d99f4e,409255061,,1,mkm,Topiary Panther,Near Mint,FALSE,0.05,9,Bin 5,34,3
69e9025a7ecc73c161d869d0,409953036,,1,mkm,Topiary Panther,Near Mint,FALSE,0.03,4,Bin 1,11,4
69efe93f4ff24d3a84876f66,411358578,,1,war,Topple the Statue,Near Mint,FALSE,0.03,1,Bin 7,20,1
69e7ea129ca1ed48e7d9b277,409784009,,1,soi,Topplegeist,Near Mint,FALSE,0.03,0,,,
69b04eb19ca1ed48e7d8aeb0,398299200,,1,hou,Torment of Scarabs,Near Mint,FALSE,0.36,1,Bin 6,27,1
69e42d5d9ca1ed48e7d99387,409091235,,1,akh,Tormenting Voice,Near Mint,FALSE,0.03,7,Bin 5,13,7
69e425929ca1ed48e7d991bb,409083538,,1,ktk,Tormenting Voice,Near Mint,FALSE,0.05,5,Bin 5,8,5
69b0dcfd9ca1ed48e7d8ba17,398420412,,1,soi,Tormenting Voice,Near Mint,FALSE,0.03,0,,,
69e954737ecc73c161d97c18,410037385,,1,nph,Tormentor Exarch,Near Mint,TRUE,0.15,0,,,
69b0dd049ca1ed48e7d8ba74,398420438,,1,avr,Tormentor's Trident,Near Mint,FALSE,0.04,2,Bin 6,37,2
69c321969ca1ed48e7d90a3d,402043035,,1,a25,Totally Lost,Near Mint,FALSE,0.04,1,Bin 1,1,1
69b0bb249ca1ed48e7d8b4db,398393267,,1,m19,Totally Lost,Near Mint,FALSE,0.03,1,Bin 6,32,1
69e4375e9ca1ed48e7d99543,409099413,,1,bfz,Touch of the Void,Near Mint,FALSE,0.03,7,Bin 5,19,7
69e7dda89ca1ed48e7d9b009,409778100,,1,rtr,Tower Drake,Near Mint,TRUE,0.1,1,Bin 7,5,1
69e7dda69ca1ed48e7d9aff0,409778091,,1,rtr,Towering Indrik,Near Mint,TRUE,0.15,2,Bin 7,5,2
699b75a534ce719e27b6e510,393857975,,1,fin,Town Greeter,NM,FALSE,0.06,0,,,
69efe93a4ff24d3a84876eb8,411358550,,1,con,Toxic Iguanar,Near Mint,TRUE,0.1,1,Bin 7,20,1
69af580434ce719e27b74222,397801054,,1,vow,Toxic Scorpion,NM,FALSE,0.03,1,Bin 6,16,1
69e53d2a9ca1ed48e7d99e13,409247572,,1,mkm,Toxin Analysis,Near Mint,FALSE,0.05,0,,,
69e954697ecc73c161d97b74,410037332,,1,tdm,Trade Route Envoy,Near Mint,FALSE,0.05,1,Bin 7,11,1
69e7cbe09ca1ed48e7d9ad10,409768166,,1,hou,Tragic Lesson,Near Mint,FALSE,0.05,3,Bin 7,1,3
69e918637ecc73c161d8af70,409994922,,1,otj,Trained Arynx,Near Mint,FALSE,0.05,13,Bin 1,22,13
69e7ede59ca1ed48e7d9b38d,409786006,,1,isd,Traitorous Blood,Near Mint,FALSE,0.03,1,Bin 7,9,1
69b0c7649ca1ed48e7d8b6c0,398398121,,1,rtr,Traitorous Instinct,Near Mint,FALSE,0.03,4,Bin 6,33,2
69b0c7649ca1ed48e7d8b6c0,398398121,,1,rtr,Traitorous Instinct,Near Mint,FALSE,0.03,4,Bin 7,5,2
69e534499ca1ed48e7d99b27,409242815,,1,fdn,Tranquil Cove,Near Mint,FALSE,0.05,2,Bin 5,27,2
69e427c69ca1ed48e7d9920e,409088118,,1,ktk,Tranquil Cove,Near Mint,FALSE,0.05,1,Bin 5,9,1
69af734b9a9ce4ef7aed3d09,398165949,,1,neo,Tranquil Cove,NM,FALSE,0.03,0,,,
699bbb7f34ce719e27b6ec82,393885002,,1,c17,Tranquil Expanse,NM,FALSE,0.09,1,Bin 6,10,1
69e93a2f7ecc73c161d92220,410020622,,1,ogw,Tranquil Expanse,Near Mint,FALSE,0.05,1,Bin 7,10,1
699b7d3934ce719e27b6e7c0,393860710,,1,mh3,Tranquil Landscape,NM,FALSE,0.05,0,,,
69e7d3c59ca1ed48e7d9ae92,409772242,,1,bfz,Transgress the Mind,Near Mint,TRUE,0.15,1,Bin 7,3,1
69e7d3c59ca1ed48e7d9ae95,409772243,,1,bfz,Transgress the Mind,Near Mint,FALSE,0.06,3,Bin 7,3,3
69b0d34b9ca1ed48e7d8b842,398404109,,1,rtr,Transguild Promenade,Near Mint,FALSE,0.04,0,,,
69e9359a7ecc73c161d911b7,410018262,,1,dsk,Trapped in the Screen,Near Mint,FALSE,0.03,10,Bin 1,37,10
69af6d6734ce719e27b7452d,398148795,,1,eld,Trapped in the Tower,NM,FALSE,0.03,1,Bin 6,18,1
699b795a34ce719e27b6e60f,393859646,,1,fin,Travel the Overworld,NM,FALSE,0.05,1,Bin 6,3,1
69e7cbdc9ca1ed48e7d9acd2,409768146,,1,hou,Traveler's Amulet,Near Mint,FALSE,0.05,1,Bin 7,1,1
69e7ede99ca1ed48e7d9b3db,409786040,,1,isd,Traveler's Amulet,Near Mint,TRUE,0.15,1,Bin 7,9,1
69b0bf1d9ca1ed48e7d8b565,398394954,,1,rix,Traveler's Amulet,Near Mint,FALSE,0.03,0,,,
69e965bc7ecc73c161d9b98b,410045391,,1,ltr,Treason of Isengard,Near Mint,TRUE,0.15,1,Bin 7,14,1
69b04eb39ca1ed48e7d8aee7,398299264,,1,ncc,Treasure Cruise,Near Mint,FALSE,0.13,2,Bin 6,27,2
69e43fbf9ca1ed48e7d996ae,409103250,,1,aer,Treasure Keeper,Near Mint,FALSE,0.05,3,Bin 5,26,3
69e920c97ecc73c161d8cb38,410003514,,1,blb,Treeguard Duo,Near Mint,FALSE,0.03,10,Bin 1,26,10
699a9e2134ce719e27b6e12c,393639429,,1,tla,Treetop Freedom Fighters,Near Mint,FALSE,0.03,5,Bin 6,6,1
699a9e2134ce719e27b6e12c,393639429,,1,tla,Treetop Freedom Fighters,Near Mint,FALSE,0.03,5,Bin 6,7,1
699a9e2134ce719e27b6e12c,393639429,,1,tla,Treetop Freedom Fighters,Near Mint,FALSE,0.03,5,Bin 6,30,3
69e920c97ecc73c161d8cb35,410003513,,1,blb,Treetop Sentries,Near Mint,FALSE,0.03,9,Bin 1,26,9
69e7e09d9ca1ed48e7d9b077,409779765,,1,fdn,Treetop Snarespinner,Near Mint,FALSE,0.05,3,Bin 7,6,3
69b04eb19ca1ed48e7d8aeb3,398299201,,1,akh,Trespasser's Curse,Near Mint,FALSE,0.36,0,,,
69e93a267ecc73c161d9218b,410020551,,1,nph,Trespassing Souleater,Near Mint,TRUE,0.1,0,,,
69c31d989ca1ed48e7d908e5,402040003,,1,rtr,Trestle Troll,Near Mint,FALSE,0.03,2,Bin 6,39,1
69c31d989ca1ed48e7d908e5,402040003,,1,rtr,Trestle Troll,Near Mint,FALSE,0.03,2,Bin 7,5,1
69e42c279ca1ed48e7d99343,409090854,,1,akh,Trial of Ambition,Near Mint,FALSE,0.04,2,Bin 5,12,2
69e42aa49ca1ed48e7d992ce,409089971,,1,akh,Trial of Knowledge,Near Mint,FALSE,0.06,1,Bin 5,11,1
69e965b47ecc73c161d9b853,410045327,,1,akh,Trial of Solidarity,Near Mint,FALSE,0.03,4,Bin 7,14,4
69e4293f9ca1ed48e7d99271,409089679,,1,akh,Trial of Solidarity,Near Mint,FALSE,0.05,6,Bin 5,10,6
69e965b47ecc73c161d9b834,410045322,,1,akh,Trial of Strength,Near Mint,FALSE,0.05,2,Bin 7,14,1
69e965b47ecc73c161d9b834,410045322,,1,akh,Trial of Strength,Near Mint,FALSE,0.05,2,Bin 7,15,1
69e42d5d9ca1ed48e7d99384,409091233,,1,akh,Trial of Zeal,Near Mint,FALSE,0.05,4,Bin 5,13,4
69e96e5b7ecc73c161d9d738,410048701,,1,akh,Trial of Zeal,Near Mint,TRUE,0.1,2,Bin 7,15,2
69e7ede69ca1ed48e7d9b3ae,409786018,,1,isd,Tribute to Hunger,Near Mint,TRUE,0.15,1,Bin 7,9,1
69e90ad57ecc73c161d883d1,409968311,,1,otj,Trick Shot,Near Mint,FALSE,0.03,10,Bin 1,20,10
69b04eb39ca1ed48e7d8aee4,398299263,,1,c16,Trinket Mage,Near Mint,FALSE,0.62,1,Bin 6,27,1
69e7ea1a9ca1ed48e7d9b310,409784084,,1,ths,Triton Shorethief,Near Mint,TRUE,0.1,1,Bin 7,8,1
69b0d7ee9ca1ed48e7d8b95e,398406724,,1,thb,Triton Waverider,Near Mint,TRUE,0.15,3,Bin 6,36,3
69b0d7f19ca1ed48e7d8b994,398406757,,1,thb,Triumphant Surge,Near Mint,TRUE,0.15,1,Bin 6,36,1
69b08a949ca1ed48e7d8b0ab,398342988,,1,tsp,Tromp the Domains,Near Mint,FALSE,0.04,1,Bin 6,28,1
699bb19834ce719e27b6e971,393880607,,1,tla,True Ancestry,NM,FALSE,0.03,0,,,
69c315689ca1ed48e7d90805,402033630,,1,eld,True Love's Kiss,Near Mint,TRUE,0.15,1,Bin 6,38,1
69e7ea109ca1ed48e7d9b24a,409783992,,1,soi,True-Faith Censer,Near Mint,FALSE,0.03,1,Bin 7,8,1
69e4293f9ca1ed48e7d9926e,409089678,,1,akh,Trueheart Duelist,Near Mint,FALSE,0.05,2,Bin 5,10,2
69e42d5d9ca1ed48e7d99381,409091231,,1,akh,Trueheart Twins,Near Mint,FALSE,0.05,1,Bin 5,13,1
69c321939ca1ed48e7d90a07,402043016,,1,a25,Trumpet Blast,Near Mint,FALSE,0.04,2,Bin 1,1,2
69b0d7f69ca1ed48e7d8b9db,398406792,,1,ima,Trumpet Blast,Near Mint,TRUE,0.1,1,Bin 6,36,1
69b0c7629ca1ed48e7d8b69f,398398110,,1,ktk,Trumpet Blast,Near Mint,FALSE,0.03,8,Bin 6,33,1
69b0c7629ca1ed48e7d8b69f,398398110,,1,ktk,Trumpet Blast,Near Mint,FALSE,0.03,8,Bin 5,8,7
69c31da19ca1ed48e7d9098f,402040053,,1,war,Trusted Pegasus,Near Mint,TRUE,0.1,1,Bin 6,39,1
69efe93e4ff24d3a84876f47,411358573,,1,war,Trusted Pegasus,Near Mint,TRUE,0.05,1,Bin 7,20,1
69b04eb79ca1ed48e7d8af26,398299287,,1,mh1,Trustworthy Scout,Near Mint,FALSE,0.03,1,Bin 6,27,1
69e41db39ca1ed48e7d99005,409079842,,1,kld,Trusty Companion,Near Mint,FALSE,0.04,3,Bin 5,2,3
69b0bf219ca1ed48e7d8b5a3,398394979,,1,m19,Trusty Packbeast,Near Mint,FALSE,0.03,1,Bin 6,33,1
699bbb7c34ce719e27b6ec46,393884974,,1,mma,Trygon Predator,NM,FALSE,0.13,1,Bin 6,10,1
69af91829ca1ed48e7d8a792,398187756,,1,woe,Tuinvale Guide,Near Mint,FALSE,0.03,3,Bin 6,23,1
69af91829ca1ed48e7d8a792,398187756,,1,woe,Tuinvale Guide,Near Mint,FALSE,0.03,3,Bin 6,24,2
69af848f9ca1ed48e7d8a6c6,398179368,,1,celd,Tuinvale Treefolk // Oaken Boon,Near Mint,FALSE,0.08,2,Bin 6,21,2
69e908fe7ecc73c161d87e0a,409966064,,1,otj,Tumbleweed Rising,Near Mint,FALSE,0.05,14,Bin 1,18,14
699a9e2134ce719e27b6e132,393639431,,1,tla,Tundra Tank,NM,FALSE,0.03,2,Bin 6,6,1
699a9e2134ce719e27b6e132,393639431,,1,tla,Tundra Tank,NM,FALSE,0.03,2,Bin 6,7,1
699b7d3b34ce719e27b6e7e7,393860721,,1,mh3,Tune the Narrative,NM,FALSE,0.05,1,Bin 6,2,1
69e931577ecc73c161d90319,410015749,,1,dsk,Tunnel Surveyor,Near Mint,FALSE,0.03,18,Bin 1,32,18
69e9025a7ecc73c161d869cd,409953034,,1,mkm,Tunnel Tipster,Near Mint,FALSE,0.03,6,Bin 1,11,6
69e541639ca1ed48e7d99ea3,409249318,,1,mkm,Tunnel Tipster,Near Mint,FALSE,0.05,9,Bin 5,31,1
69e541639ca1ed48e7d99ea3,409249318,,1,mkm,Tunnel Tipster,Near Mint,FALSE,0.05,9,Bin 5,32,3
69e541639ca1ed48e7d99ea3,409249318,,1,mkm,Tunnel Tipster,Near Mint,FALSE,0.05,9,Bin 5,33,3
69e541639ca1ed48e7d99ea3,409249318,,1,mkm,Tunnel Tipster,Near Mint,FALSE,0.05,9,Bin 5,35,2
69e933e77ecc73c161d90bf7,410017329,,1,dsk,Turn Inside Out,Near Mint,FALSE,0.03,12,Bin 1,35,9
69e933e77ecc73c161d90bf7,410017329,,1,dsk,Turn Inside Out,Near Mint,FALSE,0.03,12,Bin 1,36,3
69e534589ca1ed48e7d99bf3,409242966,,1,mid,Turn the Earth,Near Mint,FALSE,0.06,1,Bin 5,27,1
699bb5c334ce719e27b6ea7f,393882042,,1,tla,Turtle-Duck,NM,TRUE,0.15,1,Bin 6,8,1
69af68b234ce719e27b743c7,398052936,,1,tla,Turtle-Duck,Near Mint,FALSE,0.03,4,Bin 6,17,1
69af68b234ce719e27b743c7,398052936,,1,tla,Turtle-Duck,Near Mint,FALSE,0.03,4,Bin 6,29,3
69e427ca9ca1ed48e7d99244,409088134,,1,ktk,Tusked Colossodon,Near Mint,FALSE,0.03,6,Bin 5,9,6
699bbb7734ce719e27b6ebf5,393884947,,1,ecl,Tweeze,NM,FALSE,0.05,1,Bin 6,10,1
699bb19b34ce719e27b6e9b1,393880628,,1,tla,Twin Blades,NM,FALSE,0.03,2,Bin 6,7,1
699bb19b34ce719e27b6e9b1,393880628,,1,tla,Twin Blades,NM,FALSE,0.03,2,Bin 6,17,1
69ed5f1c79f49147a0813382,410865357,,1,dtk,Twin Bolt,Near Mint,FALSE,0.04,1,Bin 7,17,1
69e954687ecc73c161d97b5f,410037325,,1,tdm,Twin Bolt,Near Mint,FALSE,0.05,2,Bin 7,11,2
69e7ede69ca1ed48e7d9b3a2,409786014,,1,uma,Twins of Maurer Estate,Near Mint,TRUE,0.1,1,Bin 7,9,1
69e931577ecc73c161d90316,410015748,,1,dsk,Twist Reality,Near Mint,FALSE,0.03,14,Bin 1,32,14
69c321979ca1ed48e7d90a5e,402043046,,1,a25,Twisted Abomination,Near Mint,FALSE,0.04,2,Bin 1,1,2
69b08a969ca1ed48e7d8b0bf,398343000,,1,cns,Twisted Abomination,Near Mint,TRUE,0.15,1,Bin 6,28,1
69af91869ca1ed48e7d8a7d5,398187777,,1,woe,Two-Headed Hunter // Twice the Rage,Near Mint,FALSE,0.04,1,Bin 6,23,1
69b03d1d9ca1ed48e7d8ab4f,398283169,,1,tsr,Two-Headed Sliver,Near Mint,TRUE,0.25,1,Bin 6,24,1
69e7ede79ca1ed48e7d9b3b1,409786019,,1,isd,Typhoid Rats,Near Mint,TRUE,0.15,1,Bin 7,9,1
69e7ede79ca1ed48e7d9b3b4,409786020,,1,isd,Typhoid Rats,Near Mint,FALSE,0.05,1,Bin 7,9,1
69edbdae2f009c9bc4cddf7e,410924431,,1,dgm,Ubul Sar Gatekeepers,Near Mint,FALSE,0.04,1,Bin 7,18,1
69e91b407ecc73c161d8b8ac,409999597,,1,uma,Ulamog's Crusher,Near Mint,FALSE,0.32,1,Bin 1,23,1
69e7d3c49ca1ed48e7d9ae80,409772236,,1,bfz,Ulamog's Despoiler,Near Mint,TRUE,0.15,1,Bin 7,3,1
699b75a834ce719e27b6e53f,393858011,,1,fin,"Ultimecia, Time Sorceress // Ultimecia, Omnipotent",NM,FALSE,0.04,1,Bin 6,4,1
699a9e1e34ce719e27b6e0f7,393639410,,1,fin,"Ultros, Obnoxious Octopus",NM,FALSE,0.05,0,,,
69b0c75e9ca1ed48e7d8b662,398398093,,1,emn,Ulvenwald Captive // Ulvenwald Abomination,Near Mint,FALSE,0.04,1,Bin 6,33,1
69e93a287ecc73c161d921b1,410020567,,1,ogw,Umara Entangler,Near Mint,TRUE,0.1,1,Bin 7,10,1
69b042659ca1ed48e7d8acaa,398289299,,1,stx,Umbral Juke,Near Mint,FALSE,0.04,1,Bin 6,25,1
69e704cf9ca1ed48e7d9a7fb,409614845,,1,cmkm,Unauthorized Exit,Near Mint,FALSE,0.05,1,Bin 5,34,1
69e53d239ca1ed48e7d99dad,409247544,,1,mkm,Unauthorized Exit,Near Mint,FALSE,0.02,0,,,
69af68b134ce719e27b743af,398052925,,1,iko,Unbreakable Bond,NM,FALSE,0.03,1,Bin 6,17,1
69b0cc9f9ca1ed48e7d8b73b,398401781,,1,aer,Unbridled Growth,Near Mint,FALSE,0.03,20,Bin 6,34,1
69b0cc9f9ca1ed48e7d8b73b,398401781,,1,aer,Unbridled Growth,Near Mint,FALSE,0.03,20,Bin 5,24,18
69b0cc9f9ca1ed48e7d8b73b,398401781,,1,aer,Unbridled Growth,Near Mint,FALSE,0.03,20,Bin 7,1,1
69e42c279ca1ed48e7d99340,409090853,,1,akh,Unburden,Near Mint,FALSE,0.05,2,Bin 5,12,2
69e96e5d7ecc73c161d9d75b,410048712,,1,akh,Unburden,Near Mint,FALSE,0.03,1,Bin 7,15,1
69e957d17ecc73c161d987d9,410039907,,1,tdm,Unburied Earthcarver,Near Mint,FALSE,0.03,3,Bin 7,12,3
699bbb7434ce719e27b6ebbf,393884929,,1,ecl,Unbury,NM,FALSE,0.05,1,Bin 6,10,1
69e92ebd7ecc73c161d8fa43,410013586,,1,blb,Uncharted Haven,Near Mint,FALSE,0.05,7,Bin 1,29,7
69edbdb32f009c9bc4cde041,410924486,,1,dgm,Uncovered Clues,Near Mint,FALSE,0.03,2,Bin 7,18,2
69ed59c879f49147a0810296,410864063,,1,dgm,Uncovered Clues,Near Mint,FALSE,0.04,3,Bin 7,16,3
699b75ad34ce719e27b6e5a4,393858086,,1,fin,Undercity Dire Rat,NM,FALSE,0.03,15,Bin 6,1,12
699b75ad34ce719e27b6e5a4,393858086,,1,fin,Undercity Dire Rat,NM,FALSE,0.03,15,Bin 6,4,1
699b75ad34ce719e27b6e5a4,393858086,,1,fin,Undercity Dire Rat,NM,FALSE,0.03,15,Bin 6,3,1
699b75ad34ce719e27b6e5a4,393858086,,1,fin,Undercity Dire Rat,NM,FALSE,0.03,15,Bin 6,11,1
69e70c379ca1ed48e7d9a95a,409616303,,1,mkm,Undercity Eliminator,Near Mint,FALSE,0.05,2,Bin 5,36,2
69e957d47ecc73c161d9880b,410039926,,1,ori,Undercity Troll,Near Mint,FALSE,0.04,1,Bin 7,12,1
69b0bf289ca1ed48e7d8b5fb,398395013,,1,grn,Undercity Uprising,Near Mint,FALSE,0.03,1,Bin 6,33,1
69e6fc4f9ca1ed48e7d9a6e5,409612192,,1,mkm,Undercover Crocodelf,Near Mint,FALSE,0.03,3,Bin 5,33,1
69e6fc4f9ca1ed48e7d9a6e5,409612192,,1,mkm,Undercover Crocodelf,Near Mint,FALSE,0.03,3,Bin 5,34,1
69e6fc4f9ca1ed48e7d9a6e5,409612192,,1,mkm,Undercover Crocodelf,Near Mint,FALSE,0.03,3,Bin 5,35,1
69e904527ecc73c161d86f97,409961794,,1,mkm,Undercover Crocodelf,Near Mint,FALSE,0.03,4,Bin 1,13,4
69e904527ecc73c161d86f9a,409961795,,1,mkm,Undercover Crocodelf,Near Mint,FALSE,0.03,4,Bin 1,13,4
69e54d409ca1ed48e7d99f6c,409255064,,1,mkm,Undercover Crocodelf,Near Mint,FALSE,0.05,2,Bin 5,32,1
69e54d409ca1ed48e7d99f6c,409255064,,1,mkm,Undercover Crocodelf,Near Mint,FALSE,0.05,2,Bin 5,35,1
69e9546a7ecc73c161d97b7a,410037334,,1,tdm,Undergrowth Leopard,Near Mint,FALSE,0.05,1,Bin 7,11,1
69e931567ecc73c161d90313,410015747,,1,dsk,Underwater Tunnel // Slimy Aquarium,Near Mint,FALSE,0.03,14,Bin 1,32,11
69e931567ecc73c161d90313,410015747,,1,dsk,Underwater Tunnel // Slimy Aquarium,Near Mint,FALSE,0.03,14,Bin 1,33,3
69b0d7f29ca1ed48e7d8b9a6,398406769,,1,thb,Underworld Charger,Near Mint,TRUE,0.1,1,Bin 6,36,1
69e957ce7ecc73c161d9879d,410039887,,1,tdm,Unending Whisper,Near Mint,FALSE,0.03,1,Bin 7,12,1
69b04eb39ca1ed48e7d8aede,398299261,,1,tdm,Unending Whisper,Near Mint,FALSE,0.03,1,Bin 6,27,1
699bbb7b34ce719e27b6ec31,393884967,,1,ecl,Unexpected Assistance,NM,FALSE,0.05,1,Bin 6,10,1
69af4fde34ce719e27b740e7,397758056,,1,fin,Unexpected Request,NM,FALSE,0.03,1,Bin 6,13,1
699b795a34ce719e27b6e60c,393859645,,1,fin,Unexpected Request,NM,FALSE,0.04,1,Bin 6,3,1
69e43fbf9ca1ed48e7d996ab,409103249,,1,aer,Universal Solvent,Near Mint,FALSE,0.03,9,Bin 5,26,8
69e43fbf9ca1ed48e7d996ab,409103249,,1,aer,Universal Solvent,Near Mint,FALSE,0.03,9,Bin 7,2,1
699bb5c334ce719e27b6ea76,393882039,,1,spm,University Campus,NM,FALSE,0.03,1,Bin 6,8,1
69e53ab59ca1ed48e7d99d5b,409246486,,1,ogw,Unknown Shores,Near Mint,FALSE,0.03,10,Bin 5,29,10
69e93a2f7ecc73c161d92226,410020624,,1,ogw,Unknown Shores,Near Mint,TRUE,0.1,2,Bin 7,10,2
69b0d3479ca1ed48e7d8b80b,398404093,,1,ths,Unknown Shores,Near Mint,FALSE,0.03,2,Bin 6,35,2
69af6d5c34ce719e27b74470,398147628,,1,m21,Unleash Fury,NM,TRUE,0.75,1,Bin 6,18,1
69e4218e9ca1ed48e7d990d4,409081261,,1,kld,Unlicensed Disintegration,Near Mint,FALSE,0.05,4,Bin 5,5,4
69af580534ce719e27b74237,397801156,,1,iko,Unlikely Aid,NM,FALSE,0.03,1,Bin 6,16,1
69c324fd9ca1ed48e7d90b2e,402045349,,1,lci,Unlucky Drop,Near Mint,FALSE,0.04,7,Bin 1,4,7
69e438619ca1ed48e7d99576,409099701,,1,bfz,Unnatural Aggression,Near Mint,FALSE,0.03,9,Bin 5,20,9
69b0425f9ca1ed48e7d8ac40,398289256,,1,bfz,Unnatural Aggression,Near Mint,TRUE,0.15,2,Bin 6,25,2
69e7cbe09ca1ed48e7d9ad13,409768168,,1,hou,Unquenchable Thirst,Near Mint,FALSE,0.03,1,Bin 7,1,1
69efe9354ff24d3a84876df4,411358518,,1,bng,Unravel the Aether,Near Mint,TRUE,0.25,1,Bin 7,20,1
69e7ea139ca1ed48e7d9b283,409784014,,1,soi,Unruly Mob,Near Mint,TRUE,0.1,1,Bin 7,8,1
69e53d249ca1ed48e7d99db5,409247546,,1,mkm,Unscrupulous Agent,Near Mint,FALSE,0.02,19,Bin 5,30,1
69e53d249ca1ed48e7d99db5,409247546,,1,mkm,Unscrupulous Agent,Near Mint,FALSE,0.02,19,Bin 5,31,3
69e53d249ca1ed48e7d99db5,409247546,,1,mkm,Unscrupulous Agent,Near Mint,FALSE,0.02,19,Bin 5,32,2
69e53d249ca1ed48e7d99db5,409247546,,1,mkm,Unscrupulous Agent,Near Mint,FALSE,0.02,19,Bin 5,33,3
69e53d249ca1ed48e7d99db5,409247546,,1,mkm,Unscrupulous Agent,Near Mint,FALSE,0.02,19,Bin 1,9,10
69e9359a7ecc73c161d911b4,410018260,,1,dsk,Unsettling Twins,Near Mint,FALSE,0.03,12,Bin 1,37,12
69af734e9a9ce4ef7aed3d40,398165974,,1,m20,Unsummon,NM,FALSE,0.04,0,,,
69e7cbdb9ca1ed48e7d9acc0,409768140,,1,aer,Untethered Express,Near Mint,FALSE,0.06,3,Bin 7,1,1
69e7cbdb9ca1ed48e7d9acc0,409768140,,1,aer,Untethered Express,Near Mint,FALSE,0.06,3,Bin 7,2,2
69e43fbf9ca1ed48e7d996a8,409103248,,1,aer,Untethered Express,Near Mint,FALSE,0.08,2,Bin 5,26,2
69e7cbdb9ca1ed48e7d9acc3,409768141,,1,aer,Untethered Express,Near Mint,TRUE,0.15,2,Bin 7,1,1
69e7cbdb9ca1ed48e7d9acc3,409768141,,1,aer,Untethered Express,Near Mint,TRUE,0.15,2,Bin 7,2,1
69b0bf179ca1ed48e7d8b508,398394918,,1,akh,Unwavering Initiate,Near Mint,FALSE,0.04,1,Bin 6,33,1
69e4293f9ca1ed48e7d9926b,409089676,,1,akh,Unwavering Initiate,Near Mint,FALSE,0.05,4,Bin 5,10,4
699bbb7a34ce719e27b6ec29,393884965,,1,ecl,Unwelcome Sprite,NM,FALSE,0.05,2,Bin 6,10,2
69ed5f1979f49147a0813309,410865340,,1,ktk,Unyielding Krumar,Near Mint,TRUE,0.1,1,Bin 7,17,1
69e4244b9ca1ed48e7d99158,409082822,,1,ktk,Unyielding Krumar,Near Mint,FALSE,0.05,3,Bin 5,7,3
69efe9384ff24d3a84876e60,411358535,,1,dtk,Updraft Elemental,Near Mint,TRUE,0.1,1,Bin 7,20,1
69b03d1e9ca1ed48e7d8ab52,398283170,,1,tsr,Urborg Syphon-Mage,Near Mint,TRUE,0.15,1,Bin 6,24,1
69e7edea9ca1ed48e7d9b3e7,409786045,,1,8ed,Urborg Volcano,Near Mint,FALSE,0.2,1,Bin 7,9,1
69e4375c9ca1ed48e7d99522,409099402,,1,bfz,Valakut Invoker,Near Mint,FALSE,0.05,7,Bin 5,19,7
69af580b34ce719e27b742aa,397801709,,1,cmr,Valakut Invoker,NM,FALSE,0.04,1,Bin 6,16,1
69e4375c9ca1ed48e7d9951f,409099401,,1,bfz,Valakut Predator,Near Mint,FALSE,0.03,11,Bin 5,19,11
699b75a634ce719e27b6e520,393857980,,1,fin,Valkyrie Aerial Unit,NM,FALSE,0.05,1,Bin 6,4,1
69e425919ca1ed48e7d991b6,409083537,,1,ktk,Valley Dasher,Near Mint,FALSE,0.03,6,Bin 5,8,6
69b04eae9ca1ed48e7d8ae83,398299182,,1,blb,Valley Rally,Near Mint,FALSE,0.03,1,Bin 6,27,1
69b042629ca1ed48e7d8ac75,398289275,,1,2xm,Valorous Stance,Near Mint,TRUE,0.2,1,Bin 6,25,1
69e7ea169ca1ed48e7d9b2c5,409784055,,1,frf,Valorous Stance,Near Mint,FALSE,0.11,1,Bin 7,8,1
69af542334ce719e27b74199,397764531,,1,m21,Valorous Steed,NM,FALSE,0.03,0,,,
69e957d07ecc73c161d987c4,410039900,,1,emn,Vampire Cutthroat,Near Mint,FALSE,0.62,0,,,
69e93a2d7ecc73c161d92206,410020609,,1,ogw,Vampire Envoy,Near Mint,TRUE,0.1,1,Bin 7,10,1
69e93a2d7ecc73c161d92209,410020613,,1,ogw,Vampire Envoy,Near Mint,FALSE,0.03,1,Bin 7,10,1
69e534599ca1ed48e7d99c0a,409242986,,1,mid,Vampire Interloper,Near Mint,FALSE,0.03,2,Bin 5,27,2
69c321979ca1ed48e7d90a5b,402043045,,1,a25,Vampire Lacerator,Near Mint,FALSE,0.04,2,Bin 1,1,2
69af86d89ca1ed48e7d8a70c,398181808,,1,m19,Vampire Neonate,Near Mint,FALSE,0.04,1,Bin 6,22,1
69b08a909ca1ed48e7d8b05e,398342941,,1,zen,Vampire Nighthawk,Near Mint,FALSE,0.12,1,Bin 6,28,1
69efe9404ff24d3a84876f9b,411358587,,1,war,Vampire Opportunist,Near Mint,FALSE,0.02,1,Bin 7,20,1
69e7e4d29ca1ed48e7d9b1a1,409781979,,1,rix,Vampire Revenant,Near Mint,FALSE,0.03,1,Bin 7,7,1
69b0bf1f9ca1ed48e7d8b57a,398394964,,1,m19,Vampire Sovereign,Near Mint,FALSE,0.06,1,Bin 6,33,1
69e7e09e9ca1ed48e7d9b092,409779776,,1,fdn,Vanguard Seraph,Near Mint,TRUE,0.1,1,Bin 7,6,1
69e7e09f9ca1ed48e7d9b095,409779777,,1,fdn,Vanguard Seraph,Near Mint,FALSE,0.03,4,Bin 7,6,4
69b0d3519ca1ed48e7d8b898,398404130,,1,avr,Vanguard's Shield,Near Mint,FALSE,0.04,2,Bin 6,35,1
69b0d3519ca1ed48e7d8b898,398404130,,1,avr,Vanguard's Shield,Near Mint,FALSE,0.04,2,Bin 6,37,1
699b796634ce719e27b6e6d3,393859694,,1,cfin,"Vanille, Cheerful l'Cie // Ragnarok, Divine Deliverance",NM,FALSE,0.37,0,,,
699b795e34ce719e27b6e64e,393859660,,1,fin,"Vanille, Cheerful l'Cie // Ragnarok, Divine Deliverance",NM,FALSE,0.05,0,,,
69e932317ecc73c161d90661,410016265,,1,dsk,Vanish from Sight,Near Mint,FALSE,0.03,11,Bin 1,33,11
69e95c857ecc73c161d9986c,410042467,,1,xln,Vanquish the Weak,Near Mint,FALSE,0.05,1,Bin 7,13,1
69e906437ecc73c161d8756f,409963660,,1,otj,Vault Plunderer,Near Mint,FALSE,0.05,14,Bin 1,15,14
69ed59c679f49147a081027b,410864054,,1,khm,Vault Robber,Near Mint,FALSE,0.04,2,Bin 7,16,2
699bb19634ce719e27b6e958,393880599,,1,fin,Vayne's Treachery,NM,TRUE,0.15,1,Bin 6,7,1
69af4d4334ce719e27b74044,397707268,,1,fin,Vayne's Treachery,NM,FALSE,0.03,1,Bin 6,11,1
699a9e1e34ce719e27b6e0ea,393639407,,1,fin,Vayne's Treachery,NM,FALSE,0.04,13,Bin 6,6,1
699a9e1e34ce719e27b6e0ea,393639407,,1,fin,Vayne's Treachery,NM,FALSE,0.04,13,Bin 6,1,12
699a9e1734ce719e27b6e070,393639370,,1,fin,"Vector, Imperial Capital",NM,FALSE,0.04,2,Bin 6,6,1
699a9e1734ce719e27b6e070,393639370,,1,fin,"Vector, Imperial Capital",NM,FALSE,0.04,2,Bin 6,4,1
69b0bb219ca1ed48e7d8b4ab,398393249,,1,kld,Vedalken Blademaster,Near Mint,FALSE,0.03,2,Bin 6,32,2
69e41ed29ca1ed48e7d9902a,409080145,,1,kld,Vedalken Blademaster,Near Mint,FALSE,0.04,8,Bin 5,3,8
69ed5f1479f49147a0813245,410865308,,1,ktk,Venerable Lammasu,Near Mint,FALSE,0.05,1,Bin 7,17,1
69e541629ca1ed48e7d99e94,409249313,,1,mkm,Vengeful Creeper,Near Mint,FALSE,0.05,8,Bin 5,31,3
69e541629ca1ed48e7d99e94,409249313,,1,mkm,Vengeful Creeper,Near Mint,FALSE,0.05,8,Bin 5,32,1
69e541629ca1ed48e7d99e94,409249313,,1,mkm,Vengeful Creeper,Near Mint,FALSE,0.05,8,Bin 5,33,1
69e541629ca1ed48e7d99e94,409249313,,1,mkm,Vengeful Creeper,Near Mint,FALSE,0.05,8,Bin 5,34,2
69e541629ca1ed48e7d99e94,409249313,,1,mkm,Vengeful Creeper,Near Mint,FALSE,0.05,8,Bin 5,35,1
69e9025a7ecc73c161d869ca,409953033,,1,mkm,Vengeful Creeper,Near Mint,FALSE,0.03,9,Bin 1,11,9
69b08a999ca1ed48e7d8b101,398343046,,1,mh1,Vengeful Devil,Near Mint,FALSE,0.03,1,Bin 6,28,1
69e43bdb9ca1ed48e7d995fb,409101629,,1,aer,Vengeful Rebel,Near Mint,FALSE,0.03,4,Bin 5,23,4
69e918637ecc73c161d8af6d,409994921,,1,otj,Vengeful Townsfolk,Near Mint,FALSE,0.03,12,Bin 1,22,12
699bb19934ce719e27b6e991,393880617,,1,tla,Vengeful Villagers,NM,FALSE,0.03,0,,,
699bb5bf34ce719e27b6ea31,393882015,,1,spm,Venom's Hunger,NM,FALSE,0.03,1,Bin 6,8,1
699bb5c134ce719e27b6ea4c,393882025,,1,spm,"Venom, Evil Unleashed",NM,FALSE,0.03,1,Bin 6,8,1
69b0d7eb9ca1ed48e7d8b92f,398406693,,1,thb,Venomous Hierophant,Near Mint,TRUE,0.1,2,Bin 6,36,2
69e43fbf9ca1ed48e7d996a5,409103246,,1,aer,Verdant Automaton,Near Mint,FALSE,0.03,7,Bin 5,26,7
69e7cbdb9ca1ed48e7d9acc6,409768142,,1,aer,Verdant Automaton,Near Mint,TRUE,0.1,1,Bin 7,1,1
69e91cfc7ecc73c161d8bed4,410001557,,1,uma,Verdant Eidolon,Near Mint,FALSE,0.03,1,Bin 1,24,1
69b0a9dc9ca1ed48e7d8b216,398363670,,1,woe,Verdant Outrider,Near Mint,FALSE,0.03,1,Bin 6,29,1
69e4375e9ca1ed48e7d99540,409099412,,1,bfz,Vestige of Emrakul,Near Mint,FALSE,0.03,10,Bin 5,19,10
69e91b417ecc73c161d8b8b2,409999600,,1,afr,Veteran Dungeoneer,Near Mint,FALSE,0.05,6,Bin 1,23,6
69b0cca09ca1ed48e7d8b741,398401784,,1,blb,Veteran Guardmouse,Near Mint,FALSE,0.03,1,Bin 6,34,1
69e92ebd7ecc73c161d8fa46,410013587,,1,blb,Veteran Guardmouse,Near Mint,FALSE,0.03,9,Bin 1,29,9
69e4218d9ca1ed48e7d990d1,409081260,,1,kld,Veteran Motorist,Near Mint,FALSE,0.04,0,,,
69b0d7f49ca1ed48e7d8b9c8,398406786,,1,thb,Vexing Gull,Near Mint,TRUE,0.15,1,Bin 6,36,1
69b046bf9ca1ed48e7d8ad67,398291991,,1,emn,Vexing Scuttler,Near Mint,FALSE,0.04,1,Bin 6,26,1
69ed5f1679f49147a08132a2,410865322,,1,dtk,Vial of Dragonfire,Near Mint,TRUE,0.1,1,Bin 7,17,1
69edbdab2f009c9bc4cddefc,410924391,,1,dgm,Viashino Firstblade,Near Mint,FALSE,0.04,3,Bin 7,18,3
69ed59bd79f49147a08101d6,410864000,,1,dgm,Viashino Firstblade,Near Mint,FALSE,0.05,2,Bin 7,16,2
69e7dd9e9ca1ed48e7d9af63,409778043,,1,rtr,Viashino Racketeer,Near Mint,FALSE,0.03,1,Bin 7,5,1
69b04eb79ca1ed48e7d8af2c,398299289,,1,mh1,Viashino Sandsprinter,Near Mint,FALSE,0.03,1,Bin 6,27,1
699bb5c134ce719e27b6ea58,393882029,,1,spm,Vibrant Cityscape,NM,FALSE,0.05,0,,,
69e934c27ecc73c161d90f4b,410017677,,1,dsk,Vicious Clown,Near Mint,FALSE,0.03,13,Bin 1,36,13
69b0bf259ca1ed48e7d8b5d7,398395000,,1,dom,Vicious Offering,Near Mint,FALSE,0.04,1,Bin 6,33,1
69e5392f9ca1ed48e7d99ca5,409246108,,1,emn,Vildin-Pack Outcast // Dronepack Kindred,Near Mint,FALSE,0.03,4,Bin 5,28,4
69e957cc7ecc73c161d98782,410039878,,1,emn,Vildin-Pack Outcast // Dronepack Kindred,Near Mint,TRUE,0.1,1,Bin 7,12,1
69af91889ca1ed48e7d8a800,398187791,,1,hou,Vile Manifestation,Near Mint,FALSE,0.04,1,Bin 6,23,1
69e7cbde9ca1ed48e7d9ace9,409768154,,1,hou,Vile Manifestation,Near Mint,FALSE,0.05,2,Bin 7,1,2
69b042639ca1ed48e7d8ac87,398289283,,1,isd,Village Ironsmith // Ironfang,Near Mint,TRUE,0.15,3,Bin 6,25,1
69b042639ca1ed48e7d8ac87,398289283,,1,isd,Village Ironsmith // Ironfang,Near Mint,TRUE,0.15,3,Bin 7,9,2
69e7e4d99ca1ed48e7d9b210,409782023,,1,inr,Village Messenger // Moonrise Intruder,Near Mint,FALSE,0.05,1,Bin 7,7,1
69e7ea119ca1ed48e7d9b268,409784004,,1,soi,Village Messenger // Moonrise Intruder,Near Mint,TRUE,0.15,0,,,
69b08a989ca1ed48e7d8b0e9,398343033,,1,soi,Village Messenger // Moonrise Intruder,Near Mint,FALSE,0.04,1,Bin 6,28,1
69e7ede39ca1ed48e7d9b371,409785992,,1,isd,Villagers of Estwald // Howlpack of Estwald,Near Mint,TRUE,0.15,1,Bin 7,9,1
699b75ab34ce719e27b6e586,393858077,,1,fin,Vincent's Limit Break,NM,FALSE,0.04,22,Bin 6,4,1
699b75ab34ce719e27b6e586,393858077,,1,fin,Vincent's Limit Break,NM,FALSE,0.04,22,Bin 6,1,21
699bb19734ce719e27b6e95b,393880600,,1,fin,Vincent's Limit Break,NM,TRUE,0.15,1,Bin 6,7,1
69af4d4334ce719e27b74047,397707285,,1,fin,Vincent's Limit Break,NM,FALSE,0.03,2,Bin 6,11,2
699bb19a34ce719e27b6e99c,393880621,,1,tla,Vindictive Warden,Near Mint,FALSE,0.03,7,Bin 6,7,1
699bb19a34ce719e27b6e99c,393880621,,1,tla,Vindictive Warden,Near Mint,FALSE,0.03,7,Bin 6,9,3
699bb19a34ce719e27b6e99c,393880621,,1,tla,Vindictive Warden,Near Mint,FALSE,0.03,7,Bin 6,29,3
69e93a2d7ecc73c161d921fb,410020605,,1,ogw,Vines of the Recluse,Near Mint,TRUE,0.1,1,Bin 7,10,1
69e42d5d9ca1ed48e7d9937e,409091229,,1,akh,Violent Impact,Near Mint,FALSE,0.03,12,Bin 5,13,12
69e954727ecc73c161d97c09,410037380,,1,nph,Viridian Harvest,Near Mint,TRUE,0.15,1,Bin 7,11,1
69e41db29ca1ed48e7d99002,409079841,,1,kld,Visionary Augmenter,Near Mint,FALSE,0.05,4,Bin 5,2,4
69c323dc9ca1ed48e7d90af2,402044763,,1,lci,Vito's Inquisitor,Near Mint,FALSE,0.04,8,Bin 1,3,8
69e704c89ca1ed48e7d9a7a0,409614840,,1,mkm,Vitu-Ghazi Inspector,Near Mint,FALSE,0.18,0,,,
69e53d229ca1ed48e7d99d98,409247536,,1,mkm,Vitu-Ghazi Inspector,Near Mint,FALSE,0.13,0,,,
69b046c49ca1ed48e7d8adb6,398292011,,1,rav,"Vitu-Ghazi, the City-Tree",Near Mint,FALSE,0.07,3,Bin 6,26,2
69b046c49ca1ed48e7d8adb6,398292011,,1,rav,"Vitu-Ghazi, the City-Tree",Near Mint,FALSE,0.07,3,Bin 6,28,1
69efe9374ff24d3a84876e28,411358526,,1,war,Vivien's Grizzly,Near Mint,FALSE,0.03,1,Bin 7,20,1
69e4293e9ca1ed48e7d99268,409089675,,1,akh,Vizier of Deferment,Near Mint,FALSE,0.05,1,Bin 5,10,1
69e4293e9ca1ed48e7d99265,409089674,,1,akh,Vizier of Remedies,Near Mint,FALSE,0.27,2,Bin 5,10,2
69e42aa39ca1ed48e7d992cb,409089968,,1,akh,Vizier of Tumbling Sands,Near Mint,FALSE,0.06,1,Bin 5,11,1
699b7d3134ce719e27b6e739,393860670,,1,inv,Vodalian Zombie,NM,FALSE,0.05,1,Bin 6,2,1
69e438619ca1ed48e7d99573,409099700,,1,bfz,Void Attendant,Near Mint,FALSE,0.04,3,Bin 5,20,3
69e7d3c29ca1ed48e7d9ae5d,409772225,,1,bfz,Void Attendant,Near Mint,TRUE,0.1,1,Bin 7,3,1
69e93a297ecc73c161d921bd,410020573,,1,ogw,Void Shatter,Near Mint,FALSE,0.16,0,,,
699b7d3034ce719e27b6e722,393860663,,1,mh3,Voidpouncer,NM,FALSE,0.05,1,Bin 6,2,1
69e7dda89ca1ed48e7d9b012,409778103,,1,rtr,Voidwielder,Near Mint,FALSE,0.03,1,Bin 7,5,1
69c34bfc9ca1ed48e7d90c35,402068383,,1,lci,Volatile Wanderglyph,Near Mint,FALSE,0.04,5,Bin 1,6,5
69b0b7a19ca1ed48e7d8b37b,398391688,,1,cns,Volcanic Fallout,Near Mint,FALSE,0.19,2,Bin 6,31,2
69e4375c9ca1ed48e7d9951c,409099400,,1,bfz,Volcanic Upheaval,Near Mint,FALSE,0.03,7,Bin 5,19,5
69e4375c9ca1ed48e7d9951c,409099400,,1,bfz,Volcanic Upheaval,Near Mint,FALSE,0.03,7,Bin 5,20,2
69af73489a9ce4ef7aed3cd9,398165924,,1,mid,Voldaren Ambusher,NM,FALSE,0.03,1,Bin 6,20,1
69e7e4d89ca1ed48e7d9b201,409782018,,1,inr,Voldaren Duelist,Near Mint,FALSE,0.05,1,Bin 7,7,1
69e534509ca1ed48e7d99b7e,409242878,,1,mid,Voldaren Stinger,Near Mint,FALSE,0.03,2,Bin 5,27,2
69b046c49ca1ed48e7d8adbf,398292014,,1,sth,Volrath's Gardens,Slightly Played,FALSE,0.17,1,Bin 6,26,1
69e954747ecc73c161d97c24,410037389,,1,nph,Volt Charge,Near Mint,TRUE,0.15,1,Bin 7,11,1
69af6d6934ce719e27b7454d,398148977,,1,neo,Voltage Surge,NM,FALSE,0.03,1,Bin 6,18,1
69e4218d9ca1ed48e7d990ce,409081259,,1,kld,Voltaic Brawler,Near Mint,FALSE,0.05,8,Bin 7,4,3
69e4218d9ca1ed48e7d990ce,409081259,,1,kld,Voltaic Brawler,Near Mint,FALSE,0.05,8,Bin 5,5,3
69e4218d9ca1ed48e7d990ce,409081259,,1,kld,Voltaic Brawler,Near Mint,FALSE,0.05,8,Bin 7,5,2
69e965bb7ecc73c161d9b96d,410045376,,1,ltr,Voracious Fell Beast,Near Mint,FALSE,0.04,2,Bin 7,14,2
69e433f99ca1ed48e7d994ea,409095201,,1,bfz,Voracious Null,Near Mint,FALSE,0.02,8,Bin 5,18,8
69e4375f9ca1ed48e7d9954c,409099416,,1,bfz,Voracious Null,Near Mint,FALSE,0.03,3,Bin 5,19,3
69e7e4d39ca1ed48e7d9b1a4,409781981,,1,rix,Voracious Vampire,Near Mint,FALSE,0.03,1,Bin 7,7,1
69e908fe7ecc73c161d87e07,409966063,,1,otj,Voracious Varmint,Near Mint,FALSE,0.05,13,Bin 1,18,13
69af91839ca1ed48e7d8a7aa,398187764,,1,woe,Voracious Vermin,Near Mint,FALSE,0.08,1,Bin 6,23,1
69af68ad34ce719e27b7436d,398052899,,1,cmr,Vow of Wildness,NM,FALSE,0.04,1,Bin 6,17,1
69af518434ce719e27b74118,397759293,,1,iko,Vulpikeet,NM,FALSE,0.03,1,Bin 6,14,1
69e954747ecc73c161d97c27,410037390,,1,nph,Vulshok Refugee,Near Mint,TRUE,0.15,0,,,
69b0b7a29ca1ed48e7d8b396,398391697,,1,cns,Wakestone Gargoyle,Near Mint,FALSE,0.04,1,Bin 6,31,1
69e957cf7ecc73c161d987b2,410039894,,1,mm2,Waking Nightmare,Near Mint,TRUE,0.1,1,Bin 7,12,1
69c32dbd9ca1ed48e7d90b7c,402049700,,1,lci,Walk with the Ancestors,Near Mint,FALSE,0.04,6,Bin 1,5,6
69e91cfc7ecc73c161d8bed1,410001556,,1,uma,Walker of the Grove,Near Mint,FALSE,0.03,1,Bin 1,24,1
69af84909ca1ed48e7d8a6de,398179377,,1,ogw,Walker of the Wastes,Near Mint,FALSE,0.06,3,Bin 6,21,1
69af84909ca1ed48e7d8a6de,398179377,,1,ogw,Walker of the Wastes,Near Mint,FALSE,0.06,3,Bin 6,26,2
699bb5c034ce719e27b6ea40,393882021,,1,spm,Wall Crawl,NM,FALSE,0.03,1,Bin 6,8,1
69b0bf279ca1ed48e7d8b5ef,398395008,,1,grn,Wall of Mist,Near Mint,FALSE,0.03,1,Bin 6,33,1
69b08a979ca1ed48e7d8b0d4,398343017,,1,ogw,Wall of Resurgence,Near Mint,TRUE,0.15,1,Bin 6,28,1
69e93a2b7ecc73c161d921e3,410020597,,1,ogw,Wall of Resurgence,Near Mint,FALSE,0.05,1,Bin 7,10,1
69b0a9df9ca1ed48e7d8b247,398363678,,1,tla,Walltop Sentries,Near Mint,FALSE,0.03,2,Bin 6,29,2
699bb19934ce719e27b6e988,393880614,,1,tla,Walltop Sentries,NM,FALSE,0.05,1,Bin 6,7,1
69af848d9ca1ed48e7d8a6a5,398179357,,1,grn,Wand of Vertebrae,Near Mint,FALSE,0.04,8,Bin 6,21,8
69e42c279ca1ed48e7d9933d,409090852,,1,akh,Wander in Death,Near Mint,FALSE,0.03,4,Bin 5,12,4
699bbb7834ce719e27b6ebfe,393884950,,1,ecl,Wanderbrine Preacher,NM,FALSE,0.05,1,Bin 6,10,1
69b0a9d99ca1ed48e7d8b1db,398363652,,1,lrw,Wanderer's Twig,Near Mint,FALSE,0.08,1,Bin 6,29,1
69efe93a4ff24d3a84876ebe,411358551,,1,con,Wandering Goblins,Near Mint,TRUE,0.1,1,Bin 7,20,1
699a9e2234ce719e27b6e13b,393639434,,1,tla,Wandering Musicians,Near Mint,FALSE,0.03,6,Bin 6,6,1
699a9e2234ce719e27b6e13b,393639434,,1,tla,Wandering Musicians,Near Mint,FALSE,0.03,6,Bin 6,9,2
699a9e2234ce719e27b6e13b,393639434,,1,tla,Wandering Musicians,Near Mint,FALSE,0.03,6,Bin 6,29,3
69c3156d9ca1ed48e7d9085d,402033819,,1,eld,Wandermare,Near Mint,TRUE,0.15,1,Bin 6,38,1
699bbb7a34ce719e27b6ec24,393884963,,1,ecl,Wanderwine Distracter,NM,FALSE,0.05,1,Bin 6,10,1
69e918637ecc73c161d8af6a,409994920,,1,otj,Wanted Griffin,Near Mint,FALSE,0.03,15,Bin 1,22,15
69e95c847ecc73c161d9985d,410042462,,1,xln,Wanted Scoundrels,Near Mint,FALSE,0.05,1,Bin 7,13,1
699a9e2034ce719e27b6e112,393639421,,1,tla,War Balloon,NM,FALSE,0.03,1,Bin 6,6,1
69e422c89ca1ed48e7d99120,409082109,,1,ktk,War Behemoth,Near Mint,FALSE,0.05,3,Bin 5,6,3
69e93a247ecc73c161d92167,410020538,,1,nph,War Report,Near Mint,TRUE,0.15,0,,,
69efe93d4ff24d3a84876f34,411358570,,1,war,War Screecher,Near Mint,FALSE,0.03,1,Bin 7,20,1
69e923457ecc73c161d8d3cd,410005628,,1,blb,War Squeak,Near Mint,FALSE,0.03,12,Bin 1,27,12
69b0d7ef9ca1ed48e7d8b97a,398406740,,1,thb,Warbriar Blessing,Near Mint,TRUE,0.1,1,Bin 6,36,1
69af580434ce719e27b7421c,397801024,,1,bng,Warchanter of Mogis,LP,FALSE,0.02,14,Bin 6,16,14
69ed5f1179f49147a08131c6,410865264,,1,ktk,Warden of the Eye,Near Mint,FALSE,0.04,2,Bin 7,17,2
69af848c9ca1ed48e7d8a68e,398179350,,1,m21,Warden of the Woods,Near Mint,FALSE,0.03,1,Bin 6,21,1
69e42ea49ca1ed48e7d993f3,409092716,,1,akh,Warfire Javelineer,Near Mint,FALSE,0.05,3,Bin 5,14,3
69ed59c179f49147a0810219,410864021,,1,khm,Warhorn Blast,Near Mint,FALSE,0.03,2,Bin 7,16,2
69af68aa34ce719e27b7432f,398052876,,1,snc,Warm Welcome,NM,FALSE,0.03,1,Bin 6,17,1
69b0b79f9ca1ed48e7d8b360,398391679,,1,cns,Warmonger's Chariot,Near Mint,FALSE,0.04,0,,,
699b7d3534ce719e27b6e774,393860691,,1,mh3,Warped Tusker,NM,FALSE,0.05,1,Bin 6,2,1
69af70109a9ce4ef7aed3c5a,398161620,,1,blb,Warren Elder,NM,FALSE,0.03,2,Bin 6,19,2
69e9243b7ecc73c161d8d719,410006142,,1,blb,Warren Elder,Near Mint,FALSE,0.03,8,Bin 1,28,8
699bbb7734ce719e27b6ebef,393884945,,1,ecl,Warren Torchmaster,NM,FALSE,0.05,1,Bin 6,10,1
699a9e1534ce719e27b6e042,393639356,,1,fin,Warrior's Sword,NM,FALSE,0.03,12,Bin 6,11,9
699a9e1534ce719e27b6e042,393639356,,1,fin,Warrior's Sword,NM,FALSE,0.03,12,Bin 6,6,2
699a9e1534ce719e27b6e042,393639356,,1,fin,Warrior's Sword,NM,FALSE,0.03,12,Bin 6,3,1
69e5344f9ca1ed48e7d99b78,409242874,,1,fdn,Wary Thespian,Near Mint,FALSE,0.03,3,Bin 5,27,1
69e5344f9ca1ed48e7d99b78,409242874,,1,fdn,Wary Thespian,Near Mint,FALSE,0.03,3,Bin 7,6,2
69e932f77ecc73c161d908c7,410016875,,1,dsk,Wary Watchdog,Near Mint,FALSE,0.03,10,Bin 1,34,10
69e42c279ca1ed48e7d9933a,409090851,,1,akh,Wasteland Scorpion,Near Mint,FALSE,0.05,5,Bin 5,12,5
69b0cc9c9ca1ed48e7d8b70b,398401755,,1,soi,Watcher in the Web,Near Mint,FALSE,0.03,1,Bin 6,34,1
69ed5f1579f49147a0813266,410865313,,1,ktk,Watcher of the Roost,Near Mint,TRUE,0.1,1,Bin 7,17,1
69ed5f1579f49147a081326b,410865314,,1,ktk,Watcher of the Roost,Near Mint,FALSE,0.05,2,Bin 7,17,2
69e9546d7ecc73c161d97bad,410037349,,1,tdm,Watcher of the Wayside,Near Mint,FALSE,0.05,1,Bin 7,11,1
69e4307b9ca1ed48e7d99410,409093655,,1,akh,Watchers of the Dead,Near Mint,FALSE,0.05,3,Bin 5,15,3
69e43fbf9ca1ed48e7d996a2,409103245,,1,aer,Watchful Automaton,Near Mint,FALSE,0.03,11,Bin 5,26,11
69e4307e9ca1ed48e7d9944c,409093676,,1,akh,Watchful Naga,Near Mint,FALSE,0.05,4,Bin 5,15,4
699bb5c434ce719e27b6ea8d,393882044,,1,tla,Water Tribe Captain,NM,FALSE,0.05,1,Bin 6,8,1
69af68b934ce719e27b74432,398052970,,1,tla,Water Tribe Captain,Near Mint,FALSE,0.03,4,Bin 6,17,1
69af68b934ce719e27b74432,398052970,,1,tla,Water Tribe Captain,Near Mint,FALSE,0.03,4,Bin 6,30,3
699bb5c834ce719e27b6eacc,393882061,,1,tla,Water Tribe Rallier,NM,FALSE,0.05,1,Bin 6,8,1
69af6d5a34ce719e27b74455,398147472,,1,tla,Waterbending Lesson,Near Mint,FALSE,0.03,2,Bin 6,18,1
69af6d5a34ce719e27b74455,398147472,,1,tla,Waterbending Lesson,Near Mint,FALSE,0.03,2,Bin 6,30,1
69af6d6534ce719e27b74512,398148640,,1,stx,Waterfall Aerialist,NM,FALSE,0.03,1,Bin 6,18,1
69af580734ce719e27b74257,397801317,,1,snc,Waterfront District,NM,FALSE,0.05,1,Bin 6,16,1
69b0b7a39ca1ed48e7d8b3b1,398391706,,1,rix,Waterknot,Near Mint,FALSE,0.03,1,Bin 6,31,1
69e91e307ecc73c161d8c2a7,410002338,,1,blb,Waterspout Warden,Near Mint,FALSE,0.03,16,Bin 1,25,6
69e91e307ecc73c161d8c2a7,410002338,,1,blb,Waterspout Warden,Near Mint,FALSE,0.03,16,Bin 1,26,10
69ed5f1879f49147a08132d5,410865332,,1,ktk,Waterwhirl,Near Mint,TRUE,0.1,1,Bin 7,17,1
69c324fd9ca1ed48e7d90b2b,402045348,,1,lci,Waterwind Scout,Near Mint,FALSE,0.04,8,Bin 1,4,8
69af6d6134ce719e27b744c6,398148210,,1,tla,Watery Grasp,Near Mint,FALSE,0.03,3,Bin 6,18,1
69af6d6134ce719e27b744c6,398148210,,1,tla,Watery Grasp,Near Mint,FALSE,0.03,3,Bin 6,30,2
69e432f19ca1ed48e7d994c8,409094967,,1,bfz,Wave-Wing Elemental,Near Mint,FALSE,0.03,12,Bin 5,17,12
69af70109a9ce4ef7aed3c5d,398161621,,1,blb,Wax-Wane Witness,NM,FALSE,0.03,4,Bin 6,19,4
69e9243a7ecc73c161d8d716,410006140,,1,blb,Wax-Wane Witness,Near Mint,FALSE,0.03,11,Bin 1,28,11
69e957d57ecc73c161d98820,410039933,,1,mm2,Waxmane Baku,Near Mint,TRUE,0.1,2,Bin 7,12,2
69b08a9a9ca1ed48e7d8b104,398343049,,1,ncc,Wayfarer's Bauble,Near Mint,FALSE,0.22,1,Bin 6,28,1
69c324fd9ca1ed48e7d90b28,402045347,,1,lci,Waylaying Pirates,Near Mint,FALSE,0.04,13,Bin 1,4,13
69e4307d9ca1ed48e7d9942e,409093666,,1,akh,Wayward Servant,Near Mint,FALSE,0.05,1,Bin 5,15,1
69c315639ca1ed48e7d907ab,402033101,,1,eld,Weapon Rack,Near Mint,TRUE,0.1,3,Bin 6,38,3
69b042619ca1ed48e7d8ac66,398289270,,1,2xm,Weapon Surge,Near Mint,TRUE,0.15,1,Bin 6,25,1
69b0c7629ca1ed48e7d8b6a2,398398111,,1,dgm,Weapon Surge,Near Mint,FALSE,0.04,4,Bin 6,33,4
69ed59c679f49147a0810275,410864052,,1,dgm,Weapon Surge,Near Mint,FALSE,0.03,1,Bin 7,16,1
69e4201b9ca1ed48e7d99082,409080703,,1,kld,Weaponcraft Enthusiast,Near Mint,FALSE,0.03,2,Bin 5,4,2
69e93a2e7ecc73c161d92214,410020617,,1,ogw,Weapons Trainer,Near Mint,FALSE,0.03,0,,,
699b75ae34ce719e27b6e5ab,393858087,,1,fin,Weapons Vendor,NM,FALSE,0.04,1,Bin 6,4,1
69e427c49ca1ed48e7d991e4,409088103,,1,vow,Weary Prisoner // Wrathful Jailbreaker,Near Mint,FALSE,0.03,1,Bin 5,9,1
69c315689ca1ed48e7d9080d,402033797,,1,eld,Weaselback Redcap,Near Mint,TRUE,0.15,1,Bin 6,38,1
69e4244e9ca1ed48e7d9918e,409082840,,1,ktk,Weave Fate,Near Mint,FALSE,0.05,4,Bin 5,7,4
69e4307d9ca1ed48e7d99431,409093667,,1,akh,Weaver of Currents,Near Mint,FALSE,0.05,2,Bin 5,15,2
69b046bc9ca1ed48e7d8ad3e,398291981,,1,emn,Weaver of Lightning,Near Mint,FALSE,0.04,1,Bin 6,26,1
699bb5c134ce719e27b6ea4f,393882026,,1,spm,Web Up,NM,FALSE,0.03,3,Bin 6,8,3
69ed59c379f49147a0810243,410864035,,1,khm,Weigh Down,Near Mint,FALSE,0.03,1,Bin 7,16,1
69af580434ce719e27b7421f,397801036,,1,bng,Weight of the Underworld,NM,FALSE,0.03,2,Bin 6,16,2
69b0425e9ca1ed48e7d8ac34,398289252,,1,aer,Welder Automaton,Near Mint,TRUE,0.1,1,Bin 6,25,1
69e43fbe9ca1ed48e7d9969f,409103244,,1,aer,Welder Automaton,Near Mint,FALSE,0.03,8,Bin 5,26,8
69e43db79ca1ed48e7d9962d,409102111,,1,aer,Weldfast Engineer,Near Mint,FALSE,0.03,2,Bin 5,24,1
69e43db79ca1ed48e7d9962d,409102111,,1,aer,Weldfast Engineer,Near Mint,FALSE,0.03,2,Bin 7,2,1
69e7d3bf9ca1ed48e7d9ae1e,409772203,,1,kld,Weldfast Monitor,Near Mint,FALSE,0.03,2,Bin 7,3,1
69e7d3bf9ca1ed48e7d9ae1e,409772203,,1,kld,Weldfast Monitor,Near Mint,FALSE,0.03,2,Bin 7,4,1
69e41ed19ca1ed48e7d99027,409080144,,1,kld,Weldfast Wingsmith,Near Mint,FALSE,0.03,8,Bin 5,3,8
69af6d6a34ce719e27b7455b,398149062,,1,cmr,Welding Sparks,NM,FALSE,0.03,1,Bin 6,18,1
69e7d7839ca1ed48e7d9aec8,409773404,,1,kld,Welding Sparks,Near Mint,FALSE,0.05,2,Bin 7,4,2
69e9546d7ecc73c161d97bb9,410037353,,1,ema,Werebear,Near Mint,FALSE,0.09,3,Bin 7,11,3
69e4244e9ca1ed48e7d9918b,409082839,,1,ktk,Wetland Sambar,Near Mint,FALSE,0.05,2,Bin 5,7,2
69af734f9a9ce4ef7aed3d57,398165985,,1,snc,Whack,NM,FALSE,0.03,1,Bin 6,20,1
69b04eb39ca1ed48e7d8aedb,398299260,,1,ncc,Whirler Rogue,Near Mint,FALSE,0.05,1,Bin 6,27,1
69e4218d9ca1ed48e7d990cb,409081258,,1,kld,Whirler Virtuoso,Near Mint,FALSE,0.05,0,,,
69e4218c9ca1ed48e7d990b6,409081251,,1,kld,Whirlermaker,Near Mint,FALSE,0.03,4,Bin 5,5,4
69e4244e9ca1ed48e7d99188,409082838,,1,ktk,Whirlwind Adept,Near Mint,FALSE,0.05,5,Bin 5,7,5
69ed5f1879f49147a08132db,410865333,,1,ktk,Whirlwind Adept,Near Mint,TRUE,0.1,1,Bin 7,17,1
69e91b3f7ecc73c161d8b894,409999565,,1,uma,Whirlwind Adept,Near Mint,FALSE,0.03,0,,,
69e923447ecc73c161d8d3ca,410005626,,1,blb,Whiskerquill Scribe,Near Mint,FALSE,0.03,7,Bin 1,27,7
699a9e1a34ce719e27b6e0ae,393639388,,1,fin,White Auracite,NM,FALSE,0.03,0,,,
699bb19c34ce719e27b6e9c5,393880636,,1,tla,White Lotus Hideout,NM,FALSE,0.06,1,Bin 6,7,1
699bb19534ce719e27b6e940,393880590,,1,fin,White Mage's Staff,NM,TRUE,0.15,1,Bin 6,7,1
699b75ac34ce719e27b6e58f,393858078,,1,fin,White Mage's Staff,Near Mint,FALSE,0.03,5,Bin 6,4,1
699b75ac34ce719e27b6e58f,393858078,,1,fin,White Mage's Staff,Near Mint,FALSE,0.03,5,Bin 7,19,4
69c322e99ca1ed48e7d90ac1,402044524,,1,a25,Whitemane Lion,Near Mint,FALSE,0.03,1,Bin 1,2,1
69c315679ca1ed48e7d907f1,402033624,,1,eld,Wicked Guardian,Near Mint,TRUE,0.15,2,Bin 6,38,2
69e7ea0f9ca1ed48e7d9b247,409783990,,1,soi,Wicker Witch,Near Mint,TRUE,0.1,1,Bin 7,8,1
69b08a8f9ca1ed48e7d8b04d,398342932,,1,eve,Wickerbough Elder,Near Mint,FALSE,0.04,1,Bin 6,28,1
69af86d79ca1ed48e7d8a700,398181803,,1,uma,Wickerbough Elder,Near Mint,FALSE,0.03,1,Bin 6,22,1
69e7ea1b9ca1ed48e7d9b322,409784090,,1,ths,Wild Celebrants,Near Mint,TRUE,0.1,1,Bin 7,8,1
69e7ede29ca1ed48e7d9b36b,409785990,,1,uma,Wild Hunger,Near Mint,TRUE,0.1,1,Bin 7,9,1
69b0cca49ca1ed48e7d8b788,398401826,,1,ori,Wild Instincts,Near Mint,FALSE,0.03,1,Bin 6,34,1
69e91cfc7ecc73c161d8bece,410001555,,1,uma,Wild Mongrel,Near Mint,FALSE,0.18,1,Bin 1,24,1
69e7ea189ca1ed48e7d9b2ef,409784072,,1,frf,Wild Slash,Near Mint,TRUE,0.25,0,,,
699bbb7a34ce719e27b6ec2c,393884966,,1,ecl,Wild Unraveling,NM,FALSE,0.05,1,Bin 6,10,1
69e7ea0f9ca1ed48e7d9b241,409783988,,1,soi,Wild-Field Scarecrow,Near Mint,TRUE,0.1,1,Bin 7,8,1
69af542634ce719e27b741d5,397764555,,1,cmr,Wildsize,NM,FALSE,0.04,1,Bin 6,15,1
69c315639ca1ed48e7d907ba,402033107,,1,eld,Wildwood Tracker,Near Mint,TRUE,0.15,4,Bin 6,38,3
69c315639ca1ed48e7d907ba,402033107,,1,eld,Wildwood Tracker,Near Mint,TRUE,0.15,4,Bin 6,39,1
69e7ea189ca1ed48e7d9b2ec,409784071,,1,frf,Will of the Naga,Near Mint,TRUE,0.15,1,Bin 7,8,1
69af580534ce719e27b74231,397801123,,1,ust,Willing Test Subject,NM,FALSE,0.04,1,Bin 6,16,1
69e965bc7ecc73c161d9b98e,410045392,,1,ltr,Willow-Wind,Near Mint,FALSE,0.03,1,Bin 7,14,1
69b0c75e9ca1ed48e7d8b665,398398094,,1,kld,Wily Bandar,Near Mint,FALSE,0.03,2,Bin 6,33,2
69b0b7a29ca1ed48e7d8b38d,398391694,,1,cns,Wind Dancer,Near Mint,FALSE,0.04,1,Bin 6,31,1
69edbdb32f009c9bc4cde046,410924488,,1,dgm,Wind Drake,Near Mint,FALSE,0.04,2,Bin 7,18,2
69b0bb1a9ca1ed48e7d8b447,398393213,,1,xln,Wind Strider,Near Mint,FALSE,0.03,1,Bin 6,32,1
69e43bdd9ca1ed48e7d99619,409101639,,1,aer,Wind-Kin Raiders,Near Mint,FALSE,0.03,3,Bin 5,23,3
69e954717ecc73c161d97bf7,410037374,,1,ema,Wind-Scarred Crag,Near Mint,TRUE,0.15,1,Bin 7,11,1
69e534499ca1ed48e7d99b21,409242811,,1,fdn,Wind-Scarred Crag,Near Mint,FALSE,0.05,1,Bin 5,27,1
69e427c69ca1ed48e7d9920b,409088117,,1,ktk,Wind-Scarred Crag,Near Mint,FALSE,0.05,5,Bin 5,9,5
69af734c9a9ce4ef7aed3d15,398165953,,1,neo,Wind-Scarred Crag,NM,FALSE,0.04,1,Bin 6,20,1
69af848f9ca1ed48e7d8a6c3,398179367,,1,tdeld,Wind-Scarred Crag,Near Mint,FALSE,0.1,1,Bin 6,21,1
69e432f19ca1ed48e7d994c5,409094966,,1,bfz,Windrider Patrol,Near Mint,FALSE,0.05,2,Bin 5,17,2
69e7d3c09ca1ed48e7d9ae34,409772209,,1,bfz,Windrider Patrol,Near Mint,TRUE,0.15,1,Bin 7,3,1
69b0bb249ca1ed48e7d8b4de,398393268,,1,akh,Winds of Rebuke,Near Mint,FALSE,0.03,0,,,
69e96e597ecc73c161d9d71d,410048694,,1,akh,Winds of Rebuke,Near Mint,TRUE,0.25,1,Bin 7,15,1
699b75ab34ce719e27b6e574,393858064,,1,fin,"Windurst, Federation Center",NM,FALSE,0.04,1,Bin 6,4,1
699b7d3b34ce719e27b6e7f0,393860724,,1,mh3,Wing It,NM,FALSE,0.05,1,Bin 6,2,1
69b0bf179ca1ed48e7d8b50b,398394919,,1,akh,Winged Shepherd,Near Mint,FALSE,0.04,2,Bin 6,33,2
69e4293e9ca1ed48e7d99262,409089673,,1,akh,Winged Shepherd,Near Mint,FALSE,0.05,5,Bin 5,10,5
69af6d6a34ce719e27b74564,398149115,,1,khm,Wings of the Cosmos,NM,FALSE,0.03,1,Bin 6,18,1
69e91cfa7ecc73c161d8beb6,410001547,,1,uma,Wingsteed Rider,Near Mint,FALSE,0.03,1,Bin 1,24,1
69e930747ecc73c161d8ffe6,410015017,,1,dsk,Winter's Intervention,Near Mint,FALSE,0.03,14,Bin 1,31,14
69c315659ca1ed48e7d907d9,402033118,,1,eld,Wintermoor Commander,Near Mint,TRUE,0.15,1,Bin 6,38,1
699bb5ca34ce719e27b6eaf3,393882070,,1,spm,Wisecrack,NM,FALSE,0.03,1,Bin 6,8,1
69c315639ca1ed48e7d907ae,402033102,,1,eld,Wishful Merfolk,Near Mint,TRUE,0.15,4,Bin 6,38,4
69e41db29ca1ed48e7d98fff,409079840,,1,kld,Wispweaver Angel,Near Mint,FALSE,0.03,4,Bin 5,2,4
69af91879ca1ed48e7d8a7ea,398187785,,1,woe,Witch's Mark,Near Mint,FALSE,0.11,2,Bin 6,23,1
69af91879ca1ed48e7d8a7ea,398187785,,1,woe,Witch's Mark,Near Mint,FALSE,0.11,2,Bin 6,24,1
69af734e9a9ce4ef7aed3d48,398165978,,1,vow,Witch's Web,NM,FALSE,0.03,1,Bin 6,20,1
69b0dd079ca1ed48e7d8ba9b,398420446,,1,ths,Witches' Eye,Near Mint,FALSE,0.03,1,Bin 6,37,1
699b796434ce719e27b6e6a7,393859680,,1,mh3,Wither and Bloom,NM,FALSE,0.05,2,Bin 6,3,1
699b796434ce719e27b6e6a7,393859680,,1,mh3,Wither and Bloom,NM,FALSE,0.05,2,Bin 6,2,1
69b042659ca1ed48e7d8acaf,398289300,,1,stx,Witherbloom Campus,Near Mint,FALSE,0.04,0,,,
69ed59c379f49147a0810246,410864036,,1,khm,Withercrown,Near Mint,FALSE,0.03,3,Bin 7,16,3
699bb82a34ce719e27b6eba5,393883204,,1,grn,Wojek Bodyguard,NM,TRUE,0.15,1,Bin 6,9,1
69c31d989ca1ed48e7d908eb,402040005,,1,gtc,Wojek Halberdiers,Near Mint,FALSE,0.04,4,Bin 6,39,4
69e957d37ecc73c161d987fc,410039918,,1,emn,Wolfkin Bond,Near Mint,TRUE,0.1,1,Bin 7,12,1
69b0a9d79ca1ed48e7d8b1c1,398363644,,1,lrw,Woodland Changeling,Near Mint,FALSE,0.16,1,Bin 6,29,1
69c31d979ca1ed48e7d908dc,402040000,,1,dgm,Woodlot Crawler,Near Mint,FALSE,0.04,3,Bin 6,39,3
69b0b7a09ca1ed48e7d8b369,398391682,,1,cns,Woodvine Elemental,Near Mint,FALSE,0.04,1,Bin 6,31,1
69e7d7879ca1ed48e7d9af09,409773412,,1,kld,Woodweaver's Puzzleknot,Near Mint,FALSE,0.05,2,Bin 7,4,2
69e427ca9ca1ed48e7d99241,409088133,,1,ktk,Woolly Loxodon,Near Mint,FALSE,0.03,3,Bin 5,9,3
699a9e1c34ce719e27b6e0d3,393639400,,1,fin,World Map,NM,FALSE,0.04,0,,,
69e95c827ecc73c161d99836,410042449,,1,ltr,Wose Pathfinder,Near Mint,FALSE,0.03,4,Bin 7,13,1
69e95c827ecc73c161d99836,410042449,,1,ltr,Wose Pathfinder,Near Mint,FALSE,0.03,4,Bin 7,14,3
699bb5ca34ce719e27b6eaed,393882068,,1,spm,"Wraith, Vicious Vigilante",NM,FALSE,0.05,1,Bin 6,8,1
69e43dba9ca1ed48e7d9965c,409102124,,1,aer,Wrangle,Near Mint,FALSE,0.06,9,Bin 5,24,9
69b0d7ed9ca1ed48e7d8b958,398406720,,1,thb,Wrap in Flames,Near Mint,TRUE,0.15,2,Bin 6,36,2
69b03d209ca1ed48e7d8ab83,398283193,,1,mh2,Wren's Run Hydra,Near Mint,FALSE,0.04,0,,,
69b08a909ca1ed48e7d8b069,398342947,,1,lrw,Wren's Run Vanquisher,Near Mint,FALSE,0.08,1,Bin 6,28,1
69e535b99ca1ed48e7d99c76,409244291,,1,mkm,Wrench,Near Mint,FALSE,0.05,2,Bin 5,8,1
69e535b99ca1ed48e7d99c76,409244291,,1,mkm,Wrench,Near Mint,FALSE,0.05,2,Bin 5,36,1
69b046bd9ca1ed48e7d8ad51,398291987,,1,emn,Wretched Gryff,Near Mint,FALSE,0.03,0,,,
69e7e4d99ca1ed48e7d9b21c,409782027,,1,inr,Wretched Throng,Near Mint,TRUE,0.15,1,Bin 7,7,1
69e7ea189ca1ed48e7d9b2e6,409784068,,1,frf,Write into Being,Near Mint,FALSE,0.05,8,Bin 7,8,8
699b796534ce719e27b6e6c2,393859689,,1,mh3,Writhing Chrysalis,NM,TRUE,1.1,0,,,
699b796234ce719e27b6e68f,393859672,,1,mh3,Wumpus Aberration,NM,FALSE,0.03,1,Bin 6,3,1
69e957d27ecc73c161d987df,410039909,,1,tdm,Yathan Tombguard,Near Mint,FALSE,0.06,1,Bin 7,12,1
69b08a8f9ca1ed48e7d8b053,398342935,,1,ema,Yavimaya Enchantress,Near Mint,FALSE,0.04,1,Bin 6,28,1
69b0bf239ca1ed48e7d8b5be,398394994,,1,dom,Yavimaya Sapherd,Near Mint,FALSE,0.03,5,Bin 6,33,4
69b0bf239ca1ed48e7d8b5be,398394994,,1,dom,Yavimaya Sapherd,Near Mint,FALSE,0.03,5,Bin 6,37,1
69e7e4ce9ca1ed48e7d9b148,409781946,,1,ori,Yeva's Forcemage,Near Mint,FALSE,0.03,1,Bin 7,7,1
69b0addd9ca1ed48e7d8b2f6,398366927,,1,tla,Yip Yip!,Near Mint,TRUE,0.1,1,Bin 6,30,1
699bb5c534ce719e27b6ea98,393882047,,1,tla,Yip Yip!,Near Mint,FALSE,0.03,4,Bin 6,8,1
699bb5c534ce719e27b6ea98,393882047,,1,tla,Yip Yip!,Near Mint,FALSE,0.03,4,Bin 6,30,3
69e91b437ecc73c161d8b8eb,409999624,,1,afr,You Find a Cursed Idol,Near Mint,FALSE,0.05,1,Bin 1,23,1
69e91b407ecc73c161d8b8af,409999598,,1,afr,You're Ambushed on the Road,Near Mint,FALSE,0.05,1,Bin 1,23,1
699b75a634ce719e27b6e529,393857984,,1,fin,You're Not Alone,NM,FALSE,0.05,1,Bin 6,4,1
69eea6d52f009c9bc4d748dd,411068550,,1,fin,You're Not Alone,Near Mint,FALSE,0.04,6,Bin 7,19,6
69eea6d52f009c9bc4d748da,411068549,,1,fin,You're Not Alone,Near Mint,TRUE,0.1,1,Bin 7,19,1
69b0bf189ca1ed48e7d8b50e,398394920,,1,mm3,Youthful Knight,Near Mint,FALSE,0.03,1,Bin 6,33,1
69e91b477ecc73c161d8b92d,409999678,,1,afr,Yuan-Ti Fang-Blade,Near Mint,FALSE,0.03,2,Bin 1,23,2
699a9e2234ce719e27b6e13e,393639435,,1,tla,Yuyan Archers,Near Mint,FALSE,0.03,4,Bin 6,6,1
699a9e2234ce719e27b6e13e,393639435,,1,tla,Yuyan Archers,Near Mint,FALSE,0.03,4,Bin 6,7,2
699a9e2234ce719e27b6e13e,393639435,,1,tla,Yuyan Archers,Near Mint,FALSE,0.03,4,Bin 6,30,1
69e53d2b9ca1ed48e7d99e1b,409247575,,1,ogw,Zada's Commando,Near Mint,FALSE,0.03,9,Bin 5,30,9
69b042629ca1ed48e7d8ac7b,398289279,,1,ogw,Zada's Commando,Near Mint,TRUE,0.1,1,Bin 6,25,1
69b04eb69ca1ed48e7d8af1b,398299283,,1,e02,Zealous Persecution,Near Mint,FALSE,0.12,2,Bin 6,27,2
69e9546f7ecc73c161d97bd7,410037364,,1,ema,Zealous Persecution,Near Mint,FALSE,0.09,1,Bin 7,11,1
69e42aa39ca1ed48e7d992c6,409089967,,1,akh,Zenith Seeker,Near Mint,FALSE,0.05,2,Bin 5,11,2
69b042669ca1ed48e7d8acb5,398289304,,1,stx,Zephyr Boots,Near Mint,FALSE,0.15,0,,,
699bb82734ce719e27b6eb78,393883196,,1,tla,"Zhao, Ruthless Admiral",NM,FALSE,0.03,2,Bin 6,9,1
699bb82734ce719e27b6eb78,393883196,,1,tla,"Zhao, Ruthless Admiral",NM,FALSE,0.03,2,Bin 6,19,1
69ed59be79f49147a08101e2,410864004,,1,dgm,Zhur-Taa Druid,Near Mint,FALSE,0.03,1,Bin 7,16,1
69b04ea99ca1ed48e7d8ae25,398299115,,1,dgm,Zhur-Taa Druid,Near Mint,FALSE,0.04,1,Bin 6,27,1
69ed5f1279f49147a08131f7,410865297,,1,dgm,Zhur-Taa Druid,Near Mint,TRUE,0.1,0,,,
699a9e1434ce719e27b6e033,393639351,,1,fin,"Zidane, Tantalus Thief",NM,FALSE,0.04,2,Bin 6,6,1
699a9e1434ce719e27b6e033,393639351,,1,fin,"Zidane, Tantalus Thief",NM,FALSE,0.04,2,Bin 6,3,1
69af68b334ce719e27b743d7,398052940,,1,tla,Zuko's Exile,Near Mint,FALSE,0.03,0,,,
699bb82434ce719e27b6eb53,393883189,,1,tla,"Zuko, Exiled Prince",NM,FALSE,0.05,0,,,
69af68b634ce719e27b743fb,398052950,,1,tle,"Zuko, Seeking Honor",NM,FALSE,0.06,1,Bin 6,17,1
69b08a979ca1ed48e7d8b0dd,398343026,,1,ogw,Zulaport Chainmage,Near Mint,TRUE,0.15,1,Bin 6,28,1